id_contrato,idade,renda_mensal,tempo_emprego_anos,score_credito,dividas_ativas,possui_imovel,finalidade,prazo_meses,valor_emprestimo,inadimplente
E00001,44.0,4810.0,3.3,645.0,0,sim,negocio,60,7800.0,0
E00002,28.0,4070.0,1.1,805.0,3,nao,pessoal,24,7100.0,0
E00003,49.0,7050.0,5.2,563.0,1,sim,veiculo,48,29000.0,0
E00004,51.0,6040.0,0.8,778.0,1,sim,pessoal,24,21400.0,0
E00005,18.0,1300.0,2.4,551.0,0,nao,negocio,24,4700.0,1
E00006,24.0,5830.0,4.5,638.0,0,nao,pessoal,24,32000.0,0
E00007,42.0,2300.0,3.7,699.0,3,sim,veiculo,24,8200.0,0
E00008,36.0,,6.0,716.0,2,nao,veiculo,60,6600.0,0
E00009,40.0,3750.0,4.0,500.0,2,nao,negocio,36,15500.0,1
E00010,30.0,5370.0,1.3,545.0,1,nao,veiculo,12,17800.0,1
E00011,51.0,1570.0,4.4,707.0,0,nao,veiculo,36,5800.0,0
E00012,49.0,6410.0,10.1,600.0,1,nao,veiculo,36,29500.0,0
E00013,41.0,6640.0,8.8,486.0,1,nao,reforma,36,36700.0,0
E00014,54.0,4320.0,27.4,632.0,0,nao,pessoal,48,24300.0,0
E00015,46.0,2500.0,2.7,627.0,0,nao,pessoal,36,10400.0,0
E00016,30.0,2330.0,8.1,659.0,1,sim,pessoal,60,4600.0,0
E00017,44.0,7770.0,7.7,698.0,1,nao,veiculo,36,40900.0,0
E00018,28.0,1700.0,14.1,691.0,1,nao,veiculo,24,7300.0,0
E00019,51.0,7950.0,,556.0,1,sim,negocio,24,20100.0,0
E00020,39.0,3800.0,5.5,595.0,2,sim,veiculo,60,15000.0,0
E00021,38.0,3970.0,7.1,742.0,1,nao,pessoal,24,11200.0,0
E00022,32.0,1510.0,6.0,580.0,2,nao,veiculo,12,7700.0,1
E00023,55.0,3850.0,4.2,597.0,0,nao,veiculo,48,9100.0,0
E00024,38.0,6070.0,6.7,475.0,3,nao,reforma,24,17700.0,1
E00025,35.0,1880.0,5.1,637.0,3,sim,reforma,24,9100.0,1
E00026,36.0,5660.0,4.9,678.0,0,nao,reforma,48,9100.0,0
E00027,46.0,4430.0,14.6,423.0,0,nao,negocio,24,16000.0,0
E00028,44.0,,5.6,522.0,1,sim,pessoal,48,8500.0,1
E00029,45.0,7010.0,4.7,484.0,0,sim,educacao,24,17700.0,0
E00030,45.0,1300.0,3.8,727.0,0,nao,negocio,48,1400.0,0
E00031,66.0,5170.0,3.5,430.0,1,nao,pessoal,48,2900.0,0
E00032,35.0,11100.0,1.3,631.0,1,nao,educacao,24,43000.0,0
E00033,34.0,9960.0,4.2,719.0,3,nao,pessoal,48,35700.0,0
E00034,30.0,5310.0,10.5,661.0,0,nao,veiculo,36,30000.0,0
E00035,47.0,3500.0,2.6,592.0,0,sim,pessoal,60,7500.0,0
E00036,54.0,2870.0,0.2,678.0,1,sim,pessoal,12,2100.0,0
E00037,39.0,3500.0,6.5,754.0,1,nao,reforma,48,10700.0,0
E00038,30.0,5820.0,5.2,628.0,1,nao,veiculo,60,4300.0,0
E00039,30.0,2590.0,14.4,394.0,2,nao,pessoal,48,5000.0,0
E00040,48.0,6620.0,2.3,766.0,3,nao,reforma,60,27600.0,0
E00041,49.0,15100.0,,684.0,0,nao,veiculo,24,45500.0,0
E00042,47.0,4050.0,3.6,636.0,3,nao,pessoal,48,9300.0,1
E00043,32.0,1870.0,3.1,422.0,2,nao,educacao,36,9200.0,1
E00044,43.0,1870.0,0.6,607.0,1,nao,negocio,24,4400.0,0
E00045,41.0,6690.0,4.7,544.0,1,nao,pessoal,36,9200.0,0
E00046,43.0,4050.0,2.8,506.0,3,sim,negocio,24,8200.0,0
E00047,50.0,7110.0,12.5,625.0,0,nao,negocio,60,40800.0,0
E00048,43.0,3050.0,4.8,581.0,1,nao,veiculo,48,5700.0,0
E00049,48.0,6910.0,2.0,588.0,1,nao,negocio,60,17200.0,0
E00050,41.0,3820.0,4.3,721.0,1,nao,educacao,36,5600.0,0
E00051,43.0,2710.0,5.1,668.0,1,sim,educacao,48,11000.0,1
E00052,48.0,3300.0,7.0,585.0,1,sim,pessoal,24,6700.0,1
E00053,23.0,2050.0,4.5,572.0,3,sim,educacao,36,3400.0,0
E00054,36.0,13860.0,18.7,590.0,2,nao,pessoal,24,51700.0,0
E00055,34.0,3960.0,1.2,613.0,0,sim,reforma,36,18600.0,0
E00056,32.0,6180.0,2.8,704.0,2,nao,pessoal,12,23200.0,0
E00057,37.0,3040.0,2.0,525.0,1,sim,educacao,48,9900.0,1
E00058,58.0,2230.0,3.2,800.0,0,nao,negocio,24,13100.0,0
E00059,30.0,3650.0,5.7,704.0,2,nao,veiculo,60,7500.0,0
E00060,52.0,8130.0,5.3,339.0,1,sim,veiculo,60,25200.0,1
E00061,20.0,3070.0,6.9,649.0,0,sim,pessoal,36,4800.0,0
E00062,36.0,2490.0,4.8,754.0,1,sim,pessoal,24,8100.0,0
E00063,42.0,4610.0,5.0,683.0,3,sim,negocio,36,14600.0,0
E00064,47.0,5670.0,4.9,595.0,0,nao,reforma,48,26900.0,0
E00065,49.0,11250.0,2.9,633.0,1,nao,educacao,36,33900.0,0
E00066,50.0,5190.0,2.7,660.0,0,sim,educacao,36,6700.0,0
E00067,36.0,6180.0,2.0,725.0,1,sim,veiculo,60,35400.0,0
E00068,34.0,6470.0,7.2,484.0,0,nao,veiculo,12,12800.0,0
E00069,50.0,2100.0,0.3,573.0,2,nao,pessoal,36,3900.0,0
E00070,38.0,2360.0,4.9,820.0,1,nao,pessoal,60,12900.0,0
E00071,25.0,2190.0,8.2,644.0,1,nao,educacao,24,9100.0,0
E00072,26.0,1890.0,10.0,808.0,2,nao,negocio,60,10200.0,0
E00073,29.0,6770.0,0.2,968.0,0,nao,pessoal,36,14100.0,0
E00074,46.0,5000.0,3.0,586.0,1,sim,veiculo,24,3900.0,0
E00075,42.0,4410.0,2.1,508.0,0,nao,veiculo,60,12700.0,1
E00076,48.0,1300.0,2.8,611.0,1,sim,reforma,24,2400.0,0
E00077,35.0,14420.0,11.6,761.0,1,nao,reforma,24,65100.0,0
E00078,42.0,2460.0,2.1,776.0,4,nao,pessoal,24,4100.0,1
E00079,48.0,14380.0,8.2,890.0,4,nao,reforma,60,13400.0,0
E00080,36.0,1760.0,5.0,636.0,2,sim,educacao,24,5500.0,0
E00081,45.0,2580.0,2.7,694.0,0,nao,pessoal,12,5300.0,0
E00082,32.0,1300.0,2.4,562.0,0,nao,reforma,24,2500.0,0
E00083,36.0,5220.0,5.4,364.0,1,sim,veiculo,36,11600.0,0
E00084,35.0,2170.0,4.1,636.0,0,sim,negocio,24,4700.0,0
E00085,26.0,2210.0,0.6,513.0,1,nao,negocio,24,6500.0,1
E00086,46.0,1840.0,1.6,711.0,0,sim,veiculo,36,6800.0,0
E00087,34.0,6700.0,5.5,433.0,2,sim,veiculo,36,23200.0,1
E00088,40.0,6440.0,1.2,559.0,1,nao,negocio,36,24300.0,0
E00089,46.0,12460.0,,669.0,2,nao,pessoal,36,15100.0,0
E00090,45.0,2780.0,0.8,681.0,0,sim,veiculo,36,2300.0,0
E00091,48.0,4790.0,3.4,635.0,4,nao,veiculo,60,26900.0,1
E00092,39.0,1940.0,7.3,845.0,1,nao,pessoal,36,3300.0,0
E00093,35.0,3440.0,1.5,813.0,0,nao,negocio,48,17400.0,0
E00094,39.0,3080.0,1.1,565.0,0,nao,pessoal,24,2700.0,0
E00095,20.0,5550.0,6.3,817.0,0,nao,educacao,60,23400.0,0
E00096,23.0,7730.0,8.4,834.0,0,nao,educacao,48,29500.0,0
E00097,24.0,7610.0,3.6,626.0,2,sim,reforma,36,23200.0,0
E00098,28.0,2530.0,2.9,645.0,2,sim,pessoal,24,6500.0,0
E00099,45.0,7650.0,0.8,634.0,0,nao,veiculo,12,40200.0,1
E00100,29.0,4090.0,,569.0,2,sim,negocio,60,17900.0,0
E00101,35.0,3460.0,0.5,580.0,0,sim,veiculo,12,14000.0,0
E00102,56.0,2750.0,11.7,785.0,2,nao,pessoal,36,15400.0,0
E00103,36.0,3000.0,3.8,688.0,1,sim,reforma,24,2600.0,0
E00104,49.0,11950.0,1.7,579.0,0,sim,reforma,24,55200.0,0
E00105,29.0,5050.0,2.4,538.0,1,nao,veiculo,24,29400.0,0
E00106,38.0,4660.0,4.9,557.0,2,sim,veiculo,36,27200.0,1
E00107,29.0,3590.0,2.8,622.0,1,nao,pessoal,12,5200.0,0
E00108,36.0,18220.0,4.2,740.0,0,nao,pessoal,24,90300.0,0
E00109,50.0,9190.0,1.4,545.0,0,nao,veiculo,36,7600.0,0
E00110,19.0,2720.0,10.1,739.0,2,sim,negocio,48,11700.0,0
E00111,45.0,3560.0,2.4,662.0,2,sim,educacao,36,14300.0,0
E00112,43.0,3690.0,0.3,656.0,0,nao,reforma,60,11100.0,0
E00113,33.0,4580.0,3.0,753.0,1,nao,veiculo,12,11000.0,0
E00114,23.0,2760.0,2.1,733.0,0,nao,reforma,36,5000.0,0
E00115,41.0,5470.0,9.6,486.0,2,sim,veiculo,24,13200.0,1
E00116,34.0,10040.0,1.7,521.0,1,sim,educacao,24,10500.0,0
E00117,43.0,1910.0,2.8,615.0,2,sim,veiculo,60,4100.0,0
E00118,40.0,2130.0,5.0,679.0,1,nao,pessoal,12,7000.0,1
E00119,59.0,,6.9,790.0,1,sim,veiculo,36,10500.0,0
E00120,37.0,3230.0,12.3,647.0,1,sim,pessoal,24,11900.0,0
E00121,28.0,,1.8,827.0,2,nao,veiculo,24,62700.0,1
E00122,42.0,7660.0,11.3,562.0,3,sim,educacao,48,8700.0,0
E00123,43.0,7400.0,9.3,581.0,1,sim,reforma,48,38300.0,0
E00124,56.0,3580.0,2.0,606.0,2,sim,pessoal,48,9000.0,0
E00125,50.0,3540.0,1.8,550.0,0,nao,reforma,24,5500.0,0
E00126,44.0,1760.0,6.0,768.0,0,nao,pessoal,12,2600.0,0
E00127,58.0,6710.0,4.2,335.0,2,nao,reforma,48,33100.0,0
E00128,26.0,5640.0,6.0,585.0,0,nao,pessoal,12,17600.0,0
E00129,32.0,9090.0,3.1,766.0,0,nao,reforma,24,17400.0,0
E00130,29.0,3700.0,4.5,606.0,0,sim,negocio,48,20800.0,0
E00131,35.0,3860.0,3.8,758.0,1,sim,pessoal,24,14400.0,0
E00132,23.0,4650.0,5.9,882.0,3,nao,reforma,36,18500.0,0
E00133,48.0,7170.0,1.7,649.0,1,nao,reforma,60,13400.0,0
E00134,37.0,1740.0,4.8,769.0,1,nao,educacao,60,4700.0,0
E00135,22.0,6530.0,12.1,906.0,0,nao,negocio,12,14300.0,0
E00136,28.0,4150.0,11.6,684.0,1,nao,veiculo,60,7700.0,0
E00137,44.0,2230.0,5.3,635.0,0,nao,pessoal,36,12100.0,0
E00138,50.0,1300.0,1.7,739.0,1,sim,reforma,48,1600.0,0
E00139,64.0,3870.0,16.5,770.0,0,nao,veiculo,24,3800.0,0
E00140,75.0,10010.0,5.9,636.0,1,nao,educacao,60,25900.0,0
E00141,45.0,11470.0,15.3,587.0,1,sim,educacao,48,47200.0,0
E00142,28.0,5200.0,6.1,829.0,0,sim,reforma,24,11600.0,0
E00143,18.0,13630.0,0.1,610.0,2,sim,veiculo,24,22000.0,1
E00144,43.0,4090.0,16.4,771.0,0,sim,veiculo,24,3300.0,0
E00145,30.0,7440.0,8.3,669.0,0,sim,negocio,24,37800.0,0
E00146,35.0,3200.0,4.4,841.0,1,sim,veiculo,24,14600.0,0
E00147,33.0,3080.0,0.5,547.0,1,nao,veiculo,24,12500.0,0
E00148,38.0,2800.0,9.1,546.0,0,nao,reforma,36,12700.0,1
E00149,53.0,1300.0,,734.0,0,sim,pessoal,36,6700.0,0
E00150,42.0,9090.0,19.9,516.0,0,sim,educacao,24,17800.0,0
E00151,38.0,2860.0,14.2,653.0,1,nao,pessoal,24,13900.0,0
E00152,28.0,2600.0,15.0,810.0,1,nao,negocio,12,2800.0,0
E00153,20.0,2070.0,5.2,444.0,1,sim,veiculo,24,11700.0,0
E00154,34.0,3720.0,5.0,684.0,0,nao,pessoal,36,13400.0,0
E00155,39.0,12100.0,6.1,773.0,0,sim,educacao,12,56900.0,0
E00156,61.0,14750.0,2.3,637.0,0,sim,educacao,12,46900.0,0
E00157,42.0,1550.0,4.5,538.0,0,sim,pessoal,24,4200.0,0
E00158,52.0,3400.0,3.7,611.0,1,nao,pessoal,36,14900.0,0
E00159,34.0,2260.0,11.0,548.0,1,nao,veiculo,60,5200.0,0
E00160,26.0,7600.0,,648.0,1,nao,reforma,60,28900.0,0
E00161,28.0,4990.0,7.5,610.0,1,nao,pessoal,24,2500.0,0
E00162,31.0,2870.0,1.9,584.0,1,sim,veiculo,36,14700.0,0
E00163,66.0,4390.0,17.2,691.0,0,sim,veiculo,36,6200.0,0
E00164,30.0,3150.0,9.0,814.0,1,sim,negocio,24,12200.0,0
E00165,50.0,11060.0,5.8,676.0,0,nao,educacao,60,57600.0,0
E00166,29.0,5830.0,7.0,788.0,2,nao,pessoal,24,24700.0,0
E00167,51.0,6280.0,1.0,814.0,0,nao,reforma,24,19500.0,0
E00168,45.0,1300.0,3.7,575.0,0,nao,veiculo,60,4300.0,0
E00169,38.0,4040.0,11.7,670.0,0,sim,veiculo,24,11800.0,0
E00170,40.0,14660.0,0.9,593.0,1,sim,pessoal,36,10100.0,0
E00171,32.0,9310.0,0.9,477.0,3,sim,reforma,60,44300.0,1
E00172,45.0,1390.0,9.1,679.0,2,nao,negocio,24,8000.0,0
E00173,35.0,3480.0,6.6,524.0,3,sim,pessoal,60,15500.0,0
E00174,25.0,2040.0,0.9,693.0,1,sim,pessoal,24,11100.0,1
E00175,25.0,11730.0,3.4,469.0,2,sim,reforma,36,62100.0,1
E00176,42.0,4860.0,5.8,659.0,2,nao,negocio,12,11900.0,0
E00177,59.0,2650.0,5.2,467.0,2,sim,reforma,36,6600.0,0
E00178,42.0,4290.0,6.1,714.0,1,nao,pessoal,24,13000.0,0
E00179,39.0,1300.0,3.2,597.0,1,nao,negocio,36,1300.0,0
E00180,43.0,2190.0,5.4,586.0,2,nao,veiculo,36,1600.0,1
E00181,56.0,4290.0,7.5,764.0,0,sim,veiculo,24,2200.0,0
E00182,43.0,6980.0,7.0,605.0,0,sim,pessoal,60,23800.0,0
E00183,35.0,1310.0,3.3,652.0,0,sim,pessoal,60,4500.0,0
E00184,53.0,3340.0,8.1,618.0,0,nao,veiculo,48,3100.0,0
E00185,45.0,7700.0,1.7,696.0,0,nao,educacao,48,11400.0,0
E00186,58.0,1760.0,2.4,755.0,3,sim,educacao,12,8100.0,0
E00187,42.0,4820.0,9.1,732.0,2,sim,negocio,24,16500.0,0
E00188,25.0,4370.0,7.9,589.0,3,sim,veiculo,24,20900.0,1
E00189,24.0,11750.0,3.6,773.0,2,nao,reforma,24,18800.0,0
E00190,60.0,3660.0,2.3,539.0,0,sim,reforma,12,13300.0,0
E00191,61.0,3790.0,2.7,558.0,1,nao,veiculo,24,6900.0,0
E00192,38.0,7020.0,7.2,626.0,0,sim,pessoal,36,40600.0,0
E00193,35.0,1900.0,6.2,755.0,0,sim,educacao,24,10600.0,0
E00194,58.0,3680.0,2.2,511.0,5,nao,pessoal,12,8400.0,0
E00195,27.0,3200.0,7.9,738.0,1,nao,negocio,48,4300.0,1
E00196,29.0,3860.0,3.4,634.0,0,sim,educacao,24,5100.0,0
E00197,48.0,6990.0,1.8,592.0,1,nao,pessoal,36,10300.0,1
E00198,35.0,5860.0,2.9,761.0,1,nao,pessoal,48,23300.0,0
E00199,40.0,2680.0,4.8,552.0,0,nao,reforma,24,4000.0,0
E00200,38.0,4560.0,7.7,891.0,1,nao,veiculo,12,6900.0,1
E00201,44.0,10270.0,7.3,621.0,2,nao,reforma,48,27900.0,0
E00202,57.0,2550.0,4.1,656.0,1,nao,pessoal,48,12400.0,0
E00203,41.0,4580.0,5.3,810.0,0,sim,negocio,36,5700.0,0
E00204,48.0,3740.0,3.8,659.0,1,nao,veiculo,36,5100.0,0
E00205,18.0,4040.0,2.2,771.0,2,sim,veiculo,48,3700.0,0
E00206,39.0,1580.0,4.2,425.0,2,sim,negocio,24,1300.0,0
E00207,30.0,9790.0,0.5,591.0,1,sim,educacao,24,13700.0,0
E00208,25.0,2640.0,12.9,684.0,1,nao,reforma,36,12900.0,0
E00209,29.0,7770.0,5.2,759.0,0,nao,negocio,24,46000.0,0
E00210,36.0,2890.0,,725.0,2,nao,negocio,36,4700.0,1
E00211,51.0,2890.0,2.3,714.0,1,nao,educacao,60,4300.0,0
E00212,24.0,8700.0,5.1,757.0,1,sim,educacao,36,12300.0,0
E00213,40.0,7620.0,5.9,692.0,2,nao,pessoal,12,5600.0,0
E00214,34.0,4760.0,3.6,404.0,1,sim,negocio,36,24400.0,1
E00215,36.0,6630.0,3.8,799.0,3,sim,negocio,60,21900.0,0
E00216,52.0,3530.0,1.1,548.0,2,nao,veiculo,24,8200.0,0
E00217,46.0,4180.0,16.1,674.0,0,nao,reforma,36,6900.0,0
E00218,56.0,2820.0,2.3,660.0,2,sim,reforma,24,4100.0,0
E00219,38.0,7220.0,2.6,645.0,0,nao,veiculo,48,8000.0,0
E00220,32.0,2770.0,13.5,518.0,2,nao,pessoal,24,11500.0,0
E00221,37.0,10240.0,6.6,427.0,2,sim,reforma,36,42300.0,0
E00222,43.0,3470.0,7.7,530.0,1,nao,veiculo,36,4200.0,0
E00223,42.0,4250.0,1.1,731.0,0,sim,veiculo,24,7100.0,0
E00224,27.0,6620.0,5.1,481.0,1,nao,negocio,60,33100.0,1
E00225,41.0,4260.0,1.1,543.0,0,sim,pessoal,60,14700.0,0
E00226,43.0,3510.0,1.9,686.0,0,sim,negocio,24,5200.0,0
E00227,70.0,4130.0,17.7,527.0,0,sim,veiculo,24,16900.0,0
E00228,63.0,,1.6,580.0,0,sim,negocio,36,36800.0,0
E00229,30.0,2820.0,7.4,649.0,1,nao,pessoal,24,6500.0,1
E00230,37.0,3890.0,1.8,671.0,2,nao,pessoal,24,18200.0,0
E00231,22.0,4230.0,2.0,525.0,0,sim,reforma,12,21700.0,0
E00232,33.0,7060.0,25.6,656.0,3,nao,veiculo,12,17000.0,1
E00233,44.0,3960.0,4.1,684.0,1,sim,reforma,36,22100.0,0
E00234,54.0,12430.0,1.0,500.0,0,nao,reforma,24,33800.0,0
E00235,31.0,3820.0,7.7,664.0,1,nao,veiculo,12,4200.0,0
E00236,32.0,3640.0,11.1,561.0,1,sim,negocio,60,17000.0,1
E00237,18.0,3790.0,8.2,654.0,2,nao,pessoal,24,5500.0,1
E00238,38.0,1910.0,3.8,720.0,1,sim,pessoal,24,3100.0,0
E00239,27.0,2250.0,3.9,621.0,4,nao,educacao,36,9200.0,1
E00240,34.0,3050.0,2.7,740.0,2,nao,veiculo,48,10000.0,0
E00241,29.0,8300.0,1.4,727.0,2,sim,veiculo,60,7800.0,1
E00242,39.0,4120.0,5.8,740.0,0,sim,reforma,24,20200.0,0
E00243,19.0,3140.0,3.6,684.0,0,sim,pessoal,48,1900.0,0
E00244,22.0,8770.0,1.1,761.0,2,nao,veiculo,36,13600.0,0
E00245,66.0,10650.0,4.2,682.0,1,nao,pessoal,36,42000.0,0
E00246,25.0,8920.0,2.3,457.0,0,nao,pessoal,24,42200.0,0
E00247,27.0,2520.0,5.5,553.0,0,nao,pessoal,24,7600.0,0
E00248,62.0,3120.0,5.1,617.0,0,nao,pessoal,48,9300.0,0
E00249,75.0,12470.0,3.2,630.0,3,sim,educacao,36,70700.0,1
E00250,26.0,4850.0,4.3,679.0,2,nao,negocio,24,10500.0,0
E00251,36.0,3580.0,4.7,551.0,2,sim,pessoal,36,12600.0,0
E00252,44.0,6460.0,9.0,861.0,1,nao,reforma,24,26100.0,0
E00253,61.0,7690.0,4.2,629.0,0,nao,veiculo,48,43100.0,0
E00254,28.0,2980.0,2.8,639.0,0,nao,pessoal,12,14000.0,0
E00255,37.0,4790.0,3.5,566.0,0,nao,pessoal,12,5500.0,0
E00256,49.0,7320.0,15.2,530.0,1,nao,reforma,36,34500.0,0
E00257,45.0,2090.0,1.8,626.0,3,sim,pessoal,24,8200.0,0
E00258,35.0,4230.0,3.7,643.0,0,nao,negocio,12,20100.0,0
E00259,38.0,2150.0,3.6,630.0,1,nao,educacao,12,2200.0,0
E00260,24.0,2330.0,3.8,822.0,1,nao,reforma,48,13000.0,1
E00261,37.0,3000.0,1.3,626.0,1,nao,educacao,60,14600.0,0
E00262,37.0,5590.0,3.4,631.0,0,sim,pessoal,36,28900.0,0
E00263,43.0,3460.0,2.6,730.0,3,sim,reforma,48,18500.0,0
E00264,33.0,2850.0,5.5,621.0,1,nao,pessoal,48,2900.0,0
E00265,46.0,4330.0,10.0,699.0,1,nao,veiculo,48,21200.0,0
E00266,52.0,2110.0,5.9,499.0,1,nao,veiculo,24,9200.0,0
E00267,42.0,5430.0,4.8,500.0,3,sim,pessoal,12,23000.0,0
E00268,44.0,8280.0,6.3,653.0,2,sim,reforma,36,21600.0,0
E00269,41.0,4010.0,5.2,615.0,1,nao,pessoal,60,7800.0,0
E00270,40.0,3720.0,4.3,551.0,1,sim,pessoal,60,14300.0,1
E00271,31.0,5250.0,8.8,653.0,1,sim,negocio,12,10900.0,0
E00272,44.0,1300.0,3.4,663.0,1,sim,pessoal,60,7200.0,1
E00273,39.0,5800.0,1.3,562.0,1,sim,pessoal,12,22300.0,0
E00274,65.0,27010.0,2.6,583.0,1,sim,pessoal,36,66800.0,0
E00275,59.0,3900.0,2.3,664.0,1,nao,veiculo,60,2400.0,1
E00276,45.0,3910.0,18.2,528.0,1,nao,educacao,24,5400.0,1
E00277,31.0,6560.0,10.5,574.0,1,nao,negocio,36,13800.0,0
E00278,27.0,11270.0,4.9,699.0,1,nao,reforma,24,15700.0,0
E00279,54.0,7540.0,2.3,637.0,1,nao,veiculo,60,26400.0,0
E00280,43.0,1300.0,8.7,588.0,1,nao,negocio,12,5800.0,1
E00281,46.0,5890.0,4.7,541.0,2,sim,educacao,36,31600.0,0
E00282,19.0,19650.0,3.4,529.0,0,sim,negocio,12,79500.0,0
E00283,51.0,6100.0,4.7,626.0,0,sim,pessoal,12,22500.0,0
E00284,45.0,2100.0,3.5,863.0,3,nao,reforma,24,3800.0,0
E00285,27.0,4970.0,6.3,702.0,0,nao,pessoal,12,26400.0,0
E00286,34.0,,1.2,493.0,3,nao,veiculo,24,4400.0,1
E00287,43.0,8800.0,6.3,718.0,0,nao,negocio,24,38400.0,0
E00288,41.0,2370.0,3.4,557.0,2,sim,reforma,60,10900.0,0
E00289,36.0,4390.0,8.9,639.0,1,nao,educacao,12,3300.0,0
E00290,39.0,2510.0,10.7,575.0,1,sim,pessoal,36,10200.0,0
E00291,37.0,3030.0,12.4,863.0,4,nao,veiculo,36,17000.0,0
E00292,42.0,10240.0,19.2,515.0,0,sim,negocio,48,44200.0,0
E00293,58.0,4470.0,12.1,674.0,0,nao,pessoal,24,14000.0,0
E00294,18.0,3000.0,8.7,565.0,1,nao,pessoal,24,8100.0,1
E00295,37.0,2110.0,1.4,721.0,0,nao,veiculo,12,2800.0,0
E00296,42.0,1370.0,0.2,672.0,1,sim,educacao,12,2400.0,0
E00297,44.0,1980.0,9.6,778.0,2,nao,veiculo,36,10700.0,0
E00298,36.0,4490.0,1.9,719.0,5,sim,pessoal,36,11900.0,0
E00299,19.0,,28.8,564.0,1,sim,reforma,48,10500.0,0
E00300,44.0,3000.0,0.8,961.0,0,nao,reforma,48,8100.0,0
E00301,61.0,10780.0,8.4,701.0,1,sim,reforma,48,31400.0,0
E00302,22.0,2730.0,5.2,579.0,2,nao,pessoal,24,6500.0,1
E00303,50.0,3640.0,1.0,663.0,3,sim,pessoal,48,2200.0,0
E00304,36.0,2200.0,5.1,709.0,1,nao,veiculo,12,5500.0,1
E00305,39.0,7610.0,2.2,705.0,1,nao,veiculo,60,41300.0,0
E00306,27.0,14780.0,4.1,695.0,0,sim,pessoal,36,29700.0,0
E00307,36.0,1460.0,4.1,746.0,0,sim,negocio,36,3600.0,0
E00308,56.0,3410.0,2.2,735.0,3,nao,negocio,36,15100.0,1
E00309,47.0,8970.0,3.2,547.0,0,nao,pessoal,36,12200.0,0
E00310,61.0,1760.0,2.0,872.0,3,sim,veiculo,36,9000.0,0
E00311,54.0,5900.0,0.6,857.0,1,sim,veiculo,60,20600.0,0
E00312,45.0,8740.0,4.8,728.0,5,nao,veiculo,24,30000.0,1
E00313,61.0,4400.0,12.0,644.0,1,sim,veiculo,48,5300.0,0
E00314,45.0,5840.0,2.1,646.0,0,sim,veiculo,24,5100.0,0
E00315,50.0,12080.0,16.6,604.0,1,sim,veiculo,12,62400.0,0
E00316,36.0,13520.0,19.1,619.0,2,nao,pessoal,24,23200.0,0
E00317,41.0,4050.0,2.9,399.0,1,nao,reforma,24,11700.0,1
E00318,32.0,3050.0,3.6,808.0,0,sim,veiculo,24,10000.0,0
E00319,52.0,,3.0,770.0,1,nao,pessoal,12,1500.0,0
E00320,26.0,7550.0,1.4,456.0,2,sim,veiculo,48,33000.0,1
E00321,49.0,1840.0,3.6,738.0,0,sim,pessoal,36,6400.0,0
E00322,38.0,3610.0,3.3,639.0,0,nao,veiculo,12,19900.0,1
E00323,54.0,4470.0,4.7,618.0,1,nao,pessoal,36,5500.0,0
E00324,49.0,3110.0,4.9,694.0,1,nao,reforma,60,4400.0,0
E00325,62.0,4970.0,1.3,448.0,1,nao,veiculo,12,9600.0,1
E00326,49.0,19570.0,7.1,639.0,1,sim,veiculo,24,42600.0,0
E00327,21.0,3900.0,3.6,649.0,1,sim,veiculo,60,22200.0,0
E00328,39.0,3230.0,1.6,649.0,3,sim,reforma,12,11700.0,0
E00329,26.0,7720.0,3.5,490.0,1,nao,educacao,60,15300.0,0
E00330,34.0,4850.0,5.1,689.0,0,sim,veiculo,60,8200.0,0
E00331,58.0,9960.0,13.7,757.0,2,nao,veiculo,24,33600.0,0
E00332,48.0,4640.0,12.1,685.0,1,sim,negocio,36,7500.0,0
E00333,32.0,3620.0,2.7,615.0,0,sim,reforma,60,3400.0,0
E00334,28.0,1440.0,3.8,936.0,0,nao,veiculo,12,5700.0,0
E00335,40.0,1590.0,2.0,538.0,1,sim,reforma,24,6600.0,1
E00336,25.0,1400.0,5.8,725.0,0,nao,pessoal,12,1300.0,0
E00337,32.0,5270.0,2.9,667.0,0,nao,pessoal,48,17300.0,0
E00338,44.0,1850.0,3.7,861.0,2,nao,reforma,36,6700.0,0
E00339,54.0,8920.0,9.8,683.0,1,nao,reforma,60,35600.0,0
E00340,47.0,4280.0,1.3,706.0,0,sim,veiculo,24,2300.0,0
E00341,18.0,3630.0,12.2,696.0,0,nao,pessoal,36,17700.0,0
E00342,44.0,2530.0,6.3,524.0,1,sim,negocio,48,8600.0,0
E00343,41.0,6100.0,11.8,544.0,2,nao,reforma,24,16900.0,0
E00344,45.0,2590.0,8.0,610.0,4,nao,veiculo,60,7600.0,0
E00345,59.0,2330.0,9.2,745.0,1,sim,pessoal,24,7000.0,0
E00346,18.0,8570.0,4.5,666.0,0,nao,veiculo,12,44400.0,0
E00347,33.0,5200.0,1.5,617.0,2,sim,pessoal,24,22300.0,1
E00348,47.0,3650.0,2.5,791.0,1,nao,veiculo,48,7600.0,0
E00349,21.0,6170.0,2.1,422.0,1,nao,negocio,48,3500.0,0
E00350,58.0,4220.0,0.4,497.0,0,nao,reforma,60,10900.0,1
E00351,44.0,5290.0,9.8,365.0,0,nao,negocio,36,8200.0,0
E00352,50.0,2570.0,4.1,773.0,2,sim,veiculo,60,9900.0,0
E00353,33.0,14550.0,1.9,629.0,1,nao,pessoal,36,58600.0,0
E00354,50.0,2970.0,18.6,746.0,0,sim,negocio,60,6800.0,0
E00355,53.0,10680.0,24.5,628.0,2,nao,negocio,60,56000.0,0
E00356,43.0,3750.0,1.1,753.0,1,nao,veiculo,36,22100.0,0
E00357,43.0,6820.0,3.6,626.0,0,nao,pessoal,12,21000.0,0
E00358,43.0,6520.0,3.4,685.0,1,nao,reforma,60,20200.0,0
E00359,30.0,8360.0,1.8,669.0,1,sim,pessoal,36,7800.0,0
E00360,38.0,2540.0,9.6,677.0,0,sim,negocio,48,13500.0,1
E00361,38.0,8010.0,0.4,825.0,1,nao,reforma,36,10300.0,0
E00362,45.0,12720.0,15.3,461.0,1,sim,pessoal,24,50300.0,0
E00363,52.0,3600.0,4.7,632.0,1,sim,pessoal,24,14600.0,0
E00364,27.0,4290.0,17.5,662.0,0,nao,pessoal,24,10300.0,0
E00365,38.0,3070.0,4.4,645.0,1,nao,educacao,36,3200.0,1
E00366,58.0,3410.0,3.4,596.0,3,nao,pessoal,48,14000.0,1
E00367,31.0,11730.0,10.2,581.0,1,sim,veiculo,36,27900.0,0
E00368,30.0,2300.0,17.4,808.0,0,sim,veiculo,36,3100.0,0
E00369,42.0,2390.0,15.4,632.0,1,sim,veiculo,24,13200.0,1
E00370,50.0,11040.0,0.7,908.0,1,nao,reforma,36,35100.0,0
E00371,40.0,6110.0,12.6,698.0,0,nao,pessoal,24,26600.0,0
E00372,56.0,14990.0,3.3,608.0,0,nao,pessoal,48,32300.0,0
E00373,50.0,3210.0,4.0,701.0,1,nao,pessoal,48,4200.0,0
E00374,50.0,4530.0,3.2,652.0,2,nao,negocio,24,3100.0,0
E00375,47.0,2830.0,2.5,788.0,1,sim,veiculo,36,6800.0,0
E00376,68.0,4580.0,3.7,512.0,1,nao,pessoal,24,3600.0,0
E00377,38.0,1450.0,1.7,442.0,1,sim,veiculo,60,8600.0,1
E00378,18.0,6330.0,12.6,680.0,1,nao,pessoal,24,11300.0,0
E00379,59.0,5100.0,7.9,732.0,0,sim,educacao,60,6100.0,0
E00380,35.0,4060.0,5.5,671.0,0,sim,pessoal,48,20400.0,0
E00381,41.0,3320.0,3.2,714.0,1,nao,negocio,60,16300.0,0
E00382,56.0,,,698.0,2,nao,reforma,48,14700.0,0
E00383,21.0,,6.5,477.0,0,sim,reforma,36,12000.0,0
E00384,25.0,2080.0,5.6,671.0,2,nao,pessoal,36,1600.0,1
E00385,21.0,5710.0,10.8,785.0,0,sim,pessoal,36,25600.0,0
E00386,30.0,14580.0,2.7,659.0,1,sim,pessoal,12,72100.0,0
E00387,45.0,10240.0,2.5,496.0,1,sim,negocio,60,24800.0,0
E00388,46.0,1700.0,7.7,603.0,3,nao,negocio,36,9600.0,0
E00389,43.0,3040.0,9.0,701.0,2,nao,pessoal,36,14400.0,0
E00390,23.0,5410.0,23.2,838.0,1,nao,negocio,24,14900.0,0
E00391,18.0,4030.0,0.6,425.0,2,nao,reforma,24,18000.0,1
E00392,41.0,1810.0,13.1,680.0,1,nao,educacao,24,1000.0,0
E00393,34.0,5290.0,5.1,537.0,2,sim,negocio,24,12500.0,0
E00394,46.0,4170.0,2.9,696.0,1,sim,negocio,36,6000.0,0
E00395,48.0,13250.0,6.6,705.0,0,sim,veiculo,24,28900.0,0
E00396,42.0,3610.0,6.4,614.0,1,nao,veiculo,36,6000.0,0
E00397,49.0,8460.0,3.0,709.0,0,nao,reforma,24,37500.0,0
E00398,43.0,1960.0,0.7,765.0,0,sim,pessoal,24,9900.0,0
E00399,46.0,2270.0,,622.0,1,sim,veiculo,48,3400.0,0
E00400,32.0,6480.0,2.3,493.0,1,nao,educacao,36,18100.0,0
E00401,38.0,8050.0,1.9,797.0,1,sim,pessoal,24,30500.0,0
E00402,42.0,2360.0,2.5,731.0,4,nao,veiculo,60,3100.0,0
E00403,50.0,4260.0,8.6,702.0,0,nao,pessoal,24,10600.0,0
E00404,35.0,1830.0,3.3,564.0,1,nao,veiculo,48,2900.0,1
E00405,46.0,3770.0,2.5,748.0,1,sim,pessoal,48,13500.0,0
E00406,37.0,6940.0,6.2,865.0,1,nao,negocio,24,37900.0,0
E00407,39.0,3240.0,5.5,627.0,2,sim,educacao,36,9900.0,0
E00408,50.0,3620.0,2.6,650.0,0,sim,pessoal,12,15200.0,1
E00409,18.0,2130.0,0.7,523.0,0,sim,pessoal,24,9500.0,1
E00410,24.0,2850.0,8.5,561.0,1,nao,pessoal,24,17000.0,1
E00411,22.0,12060.0,5.6,522.0,4,nao,pessoal,48,47700.0,1
E00412,18.0,4390.0,0.4,654.0,2,nao,veiculo,24,6700.0,0
E00413,32.0,2300.0,14.6,603.0,2,nao,pessoal,12,1300.0,0
E00414,49.0,3480.0,0.4,681.0,1,nao,veiculo,12,4400.0,0
E00415,37.0,,2.1,542.0,0,sim,pessoal,48,1900.0,0
E00416,42.0,,2.2,622.0,0,sim,pessoal,12,7700.0,0
E00417,53.0,9500.0,2.6,535.0,1,sim,negocio,36,27700.0,1
E00418,56.0,3860.0,2.6,661.0,0,nao,negocio,24,15000.0,0
E00419,39.0,13060.0,1.2,460.0,1,nao,pessoal,24,12100.0,0
E00420,56.0,3970.0,5.2,657.0,1,nao,reforma,48,19900.0,1
E00421,41.0,4110.0,9.6,609.0,0,nao,pessoal,36,4500.0,0
E00422,30.0,6170.0,5.1,660.0,0,nao,educacao,36,26300.0,0
E00423,33.0,1300.0,5.9,458.0,0,nao,educacao,60,5600.0,1
E00424,22.0,4750.0,3.4,712.0,2,sim,reforma,60,17200.0,0
E00425,29.0,4080.0,4.9,607.0,0,nao,reforma,48,6000.0,1
E00426,36.0,10240.0,6.2,664.0,0,nao,negocio,12,39600.0,1
E00427,50.0,7490.0,7.9,434.0,1,nao,pessoal,24,41800.0,0
E00428,61.0,2130.0,2.4,503.0,2,nao,reforma,60,10500.0,0
E00429,23.0,8850.0,2.1,597.0,2,nao,pessoal,36,10700.0,1
E00430,45.0,3590.0,0.2,791.0,1,nao,pessoal,36,8300.0,0
E00431,28.0,2440.0,17.8,698.0,0,sim,reforma,36,11800.0,0
E00432,46.0,4730.0,17.0,654.0,1,nao,pessoal,48,7500.0,0
E00433,38.0,3720.0,4.2,538.0,0,sim,pessoal,36,16500.0,0
E00434,18.0,10570.0,4.5,518.0,2,sim,pessoal,12,58700.0,1
E00435,51.0,5150.0,13.8,670.0,1,sim,negocio,12,10600.0,0
E00436,33.0,4750.0,1.3,717.0,1,nao,pessoal,24,4800.0,1
E00437,34.0,7210.0,1.9,663.0,2,sim,veiculo,60,21900.0,1
E00438,27.0,8090.0,14.5,828.0,0,sim,pessoal,24,18000.0,0
E00439,32.0,6720.0,3.3,565.0,1,nao,negocio,60,22200.0,1
E00440,45.0,9840.0,1.6,660.0,3,nao,pessoal,36,21300.0,1
E00441,38.0,6050.0,6.5,454.0,2,sim,veiculo,60,19800.0,0
E00442,44.0,4640.0,2.4,663.0,1,nao,veiculo,60,6300.0,0
E00443,44.0,8830.0,12.7,802.0,0,nao,reforma,24,12800.0,0
E00444,56.0,3980.0,4.9,525.0,1,nao,negocio,36,10400.0,1
E00445,36.0,4280.0,2.5,733.0,1,nao,pessoal,48,4300.0,0
E00446,22.0,11800.0,2.6,799.0,1,nao,pessoal,12,69800.0,0
E00447,53.0,11110.0,6.3,564.0,2,nao,veiculo,24,25300.0,0
E00448,36.0,4180.0,3.7,691.0,1,sim,veiculo,48,6700.0,0
E00449,53.0,3200.0,3.3,814.0,3,sim,negocio,60,14000.0,0
E00450,45.0,10100.0,8.2,665.0,1,sim,pessoal,24,28400.0,0
E00451,38.0,6790.0,14.0,727.0,0,nao,educacao,24,39200.0,0
E00452,44.0,5080.0,7.3,445.0,0,nao,pessoal,60,4000.0,0
E00453,63.0,3460.0,2.2,706.0,1,sim,pessoal,24,10800.0,0
E00454,65.0,5120.0,1.5,697.0,0,nao,reforma,60,9200.0,0
E00455,41.0,4150.0,7.8,494.0,1,sim,educacao,12,18100.0,0
E00456,42.0,2820.0,7.3,534.0,4,nao,pessoal,24,9900.0,1
E00457,53.0,4540.0,3.1,706.0,1,nao,negocio,12,8200.0,0
E00458,30.0,4930.0,3.8,607.0,2,nao,pessoal,12,16700.0,0
E00459,44.0,3350.0,2.3,762.0,0,nao,negocio,24,16000.0,0
E00460,40.0,7220.0,1.5,674.0,1,nao,pessoal,36,42300.0,0
E00461,44.0,,2.5,646.0,1,nao,pessoal,24,15900.0,0
E00462,30.0,7520.0,0.1,621.0,0,nao,negocio,60,6000.0,1
E00463,21.0,3560.0,11.0,672.0,1,nao,pessoal,24,12900.0,0
E00464,18.0,6610.0,1.0,728.0,1,nao,veiculo,36,14500.0,0
E00465,27.0,4400.0,4.3,699.0,0,sim,educacao,36,20200.0,1
E00466,34.0,2000.0,0.3,593.0,2,sim,pessoal,12,9500.0,1
E00467,36.0,6290.0,7.1,776.0,2,sim,reforma,36,9700.0,0
E00468,63.0,4580.0,8.9,712.0,1,nao,veiculo,12,13600.0,0
E00469,53.0,19910.0,4.7,682.0,4,sim,pessoal,48,12500.0,0
E00470,28.0,10070.0,,650.0,3,nao,pessoal,36,45200.0,0
E00471,44.0,6440.0,2.3,695.0,0,nao,pessoal,12,22600.0,0
E00472,35.0,4880.0,10.8,439.0,0,nao,veiculo,48,28700.0,0
E00473,37.0,4630.0,0.8,667.0,0,nao,veiculo,12,10900.0,0
E00474,42.0,2300.0,,820.0,2,nao,reforma,60,9500.0,0
E00475,47.0,1480.0,2.0,664.0,0,sim,veiculo,36,5400.0,0
E00476,36.0,2490.0,2.0,649.0,1,nao,veiculo,24,8800.0,0
E00477,53.0,4080.0,10.6,574.0,1,nao,educacao,24,11600.0,0
E00478,26.0,1300.0,3.9,694.0,0,sim,veiculo,24,3300.0,0
E00479,40.0,3030.0,2.3,619.0,0,sim,negocio,48,5300.0,0
E00480,71.0,3620.0,5.7,784.0,4,nao,veiculo,36,15600.0,0
E00481,43.0,3690.0,5.4,545.0,1,sim,negocio,36,16100.0,0
E00482,57.0,2820.0,8.7,590.0,0,sim,negocio,12,11800.0,0
E00483,41.0,3420.0,6.3,574.0,0,nao,veiculo,60,20100.0,0
E00484,47.0,11820.0,4.0,842.0,2,nao,reforma,36,27100.0,0
E00485,39.0,6250.0,4.3,619.0,1,sim,pessoal,36,8700.0,0
E00486,38.0,3000.0,6.1,580.0,2,nao,veiculo,24,2500.0,1
E00487,31.0,4030.0,1.7,410.0,0,nao,veiculo,12,5000.0,0
E00488,45.0,4130.0,5.3,540.0,2,sim,veiculo,24,8100.0,0
E00489,30.0,2650.0,13.7,698.0,1,nao,pessoal,48,2200.0,0
E00490,48.0,2650.0,4.7,698.0,0,nao,negocio,36,15100.0,0
E00491,53.0,7700.0,3.2,568.0,2,nao,pessoal,24,17600.0,0
E00492,44.0,3260.0,3.1,574.0,0,nao,educacao,36,18300.0,0
E00493,37.0,2180.0,5.8,845.0,0,nao,negocio,24,5600.0,0
E00494,45.0,4090.0,5.0,937.0,1,sim,pessoal,24,14200.0,0
E00495,36.0,4510.0,7.4,766.0,1,nao,veiculo,48,17000.0,0
E00496,51.0,1300.0,2.4,812.0,1,sim,veiculo,24,3500.0,0
E00497,18.0,4100.0,3.7,835.0,1,nao,negocio,36,10100.0,0
E00498,36.0,7070.0,8.3,884.0,0,sim,negocio,48,29300.0,0
E00499,18.0,5510.0,8.9,607.0,0,sim,veiculo,12,30100.0,1
E00500,22.0,16010.0,8.9,543.0,2,sim,negocio,36,73900.0,0
E00501,56.0,8900.0,7.7,842.0,1,nao,pessoal,12,26000.0,0
E00502,51.0,10020.0,7.9,534.0,0,nao,pessoal,48,48300.0,0
E00503,31.0,22540.0,5.3,527.0,0,sim,veiculo,24,89700.0,0
E00504,22.0,6620.0,1.0,529.0,0,nao,educacao,24,21900.0,0
E00505,18.0,4630.0,1.1,626.0,0,nao,pessoal,12,24800.0,1
E00506,33.0,7530.0,4.6,422.0,4,nao,reforma,24,24700.0,1
E00507,69.0,3000.0,4.8,482.0,2,sim,pessoal,24,8700.0,0
E00508,45.0,4480.0,1.9,572.0,2,sim,pessoal,36,18700.0,0
E00509,33.0,2850.0,2.1,508.0,3,nao,negocio,48,8200.0,0
E00510,46.0,,4.0,757.0,1,nao,reforma,12,11100.0,0
E00511,21.0,,19.7,641.0,1,nao,veiculo,24,9500.0,0
E00512,36.0,2780.0,1.6,703.0,0,sim,reforma,12,15700.0,1
E00513,41.0,5380.0,3.0,691.0,1,nao,veiculo,36,17500.0,0
E00514,39.0,3870.0,8.7,617.0,2,nao,pessoal,36,23000.0,0
E00515,49.0,1320.0,7.5,749.0,2,nao,veiculo,48,6600.0,0
E00516,44.0,1750.0,5.6,690.0,1,sim,negocio,48,5500.0,0
E00517,48.0,2110.0,0.5,605.0,0,sim,pessoal,36,5000.0,0
E00518,32.0,2470.0,3.5,455.0,1,sim,pessoal,24,10000.0,1
E00519,51.0,5390.0,16.0,697.0,1,nao,reforma,48,31000.0,0
E00520,60.0,4790.0,2.0,501.0,2,nao,veiculo,12,13300.0,0
E00521,28.0,7960.0,1.9,682.0,1,nao,pessoal,48,13300.0,0
E00522,29.0,6600.0,13.3,649.0,0,sim,veiculo,48,8100.0,0
E00523,56.0,7990.0,4.0,490.0,3,sim,negocio,24,26700.0,0
E00524,38.0,6050.0,0.6,668.0,0,nao,pessoal,24,17800.0,0
E00525,57.0,4760.0,1.4,661.0,1,sim,pessoal,24,15800.0,0
E00526,35.0,8120.0,2.5,661.0,1,nao,veiculo,48,25800.0,0
E00527,57.0,7290.0,5.4,656.0,1,nao,veiculo,24,26700.0,0
E00528,42.0,5260.0,3.6,568.0,0,sim,pessoal,24,11700.0,0
E00529,43.0,9000.0,1.8,705.0,1,nao,veiculo,36,28000.0,0
E00530,59.0,1300.0,3.7,564.0,1,nao,veiculo,48,3700.0,1
E00531,36.0,3530.0,2.0,522.0,1,nao,reforma,36,12000.0,0
E00532,29.0,3500.0,16.6,714.0,2,sim,veiculo,48,10400.0,0
E00533,35.0,8390.0,1.3,743.0,2,sim,pessoal,60,34200.0,1
E00534,45.0,10780.0,2.8,707.0,1,nao,pessoal,24,47500.0,0
E00535,21.0,,2.4,617.0,0,sim,educacao,24,4800.0,0
E00536,48.0,9790.0,2.5,427.0,1,sim,reforma,36,44300.0,0
E00537,34.0,2080.0,1.5,803.0,1,nao,veiculo,12,11500.0,1
E00538,54.0,2120.0,12.6,425.0,2,nao,reforma,36,10000.0,0
E00539,18.0,3650.0,20.8,704.0,1,nao,pessoal,60,17400.0,0
E00540,31.0,3470.0,5.9,872.0,0,nao,negocio,36,15700.0,0
E00541,20.0,1650.0,5.5,656.0,1,sim,reforma,24,4400.0,1
E00542,30.0,6200.0,0.7,672.0,0,sim,pessoal,60,35700.0,0
E00543,43.0,6310.0,12.3,682.0,1,nao,pessoal,24,9800.0,0
E00544,38.0,7910.0,2.0,662.0,3,nao,pessoal,12,16700.0,0
E00545,37.0,3240.0,0.6,899.0,2,nao,pessoal,24,5300.0,0
E00546,38.0,4100.0,6.8,547.0,2,sim,veiculo,12,13000.0,1
E00547,42.0,4120.0,10.0,533.0,0,sim,pessoal,12,19000.0,1
E00548,28.0,11560.0,12.2,604.0,3,sim,reforma,12,22200.0,0
E00549,48.0,1300.0,2.9,831.0,0,sim,veiculo,36,7500.0,0
E00550,48.0,,2.5,577.0,3,nao,pessoal,36,9800.0,1
E00551,45.0,4210.0,5.2,687.0,0,nao,pessoal,48,23800.0,0
E00552,47.0,2190.0,3.6,758.0,2,nao,pessoal,36,8400.0,0
E00553,44.0,3600.0,7.0,726.0,1,nao,veiculo,60,13400.0,0
E00554,64.0,3890.0,5.2,752.0,0,nao,veiculo,60,22600.0,0
E00555,39.0,2830.0,1.8,796.0,0,sim,veiculo,24,16100.0,0
E00556,36.0,4370.0,12.5,674.0,0,nao,pessoal,12,18900.0,0
E00557,31.0,6120.0,7.0,590.0,1,sim,negocio,48,6900.0,0
E00558,28.0,3640.0,9.8,656.0,1,nao,veiculo,12,4200.0,1
E00559,25.0,3200.0,1.8,603.0,2,nao,veiculo,24,2200.0,1
E00560,29.0,3800.0,6.8,917.0,3,nao,veiculo,12,5000.0,1
E00561,39.0,4180.0,8.4,581.0,1,sim,pessoal,36,14700.0,0
E00562,44.0,1480.0,5.0,693.0,1,sim,reforma,24,4400.0,0
E00563,41.0,5540.0,1.4,475.0,2,sim,reforma,48,23900.0,1
E00564,31.0,3200.0,4.6,655.0,2,sim,pessoal,36,17300.0,0
E00565,51.0,8950.0,7.8,608.0,2,nao,pessoal,24,23000.0,0
E00566,49.0,5990.0,10.3,714.0,0,sim,veiculo,36,31600.0,1
E00567,38.0,8480.0,,717.0,0,nao,veiculo,36,46000.0,0
E00568,32.0,2290.0,5.0,796.0,0,nao,negocio,24,9700.0,0
E00569,47.0,3360.0,1.1,787.0,1,nao,veiculo,48,17100.0,0
E00570,42.0,1990.0,7.9,633.0,4,sim,negocio,36,11100.0,0
E00571,23.0,2750.0,9.5,536.0,3,sim,pessoal,36,8300.0,1
E00572,39.0,8900.0,1.7,549.0,0,nao,veiculo,12,29100.0,0
E00573,43.0,10250.0,1.4,673.0,1,nao,pessoal,12,34200.0,1
E00574,29.0,2110.0,2.4,657.0,0,nao,negocio,36,6400.0,0
E00575,42.0,3190.0,3.7,668.0,0,sim,veiculo,48,18200.0,0
E00576,23.0,4010.0,2.1,581.0,1,sim,reforma,24,4000.0,0
E00577,56.0,5970.0,8.4,798.0,0,sim,pessoal,60,14900.0,0
E00578,55.0,1460.0,10.3,478.0,1,nao,veiculo,48,8000.0,0
E00579,37.0,1610.0,4.8,575.0,1,nao,veiculo,36,7700.0,0
E00580,44.0,5630.0,2.2,522.0,2,sim,pessoal,36,11700.0,0
E00581,18.0,1300.0,3.6,617.0,4,nao,reforma,36,5400.0,0
E00582,26.0,3210.0,4.8,777.0,0,sim,veiculo,24,1600.0,0
E00583,36.0,4630.0,3.5,608.0,0,nao,veiculo,12,15900.0,0
E00584,27.0,5390.0,4.0,651.0,0,nao,veiculo,48,29900.0,0
E00585,49.0,3860.0,9.7,713.0,2,nao,reforma,36,15100.0,0
E00586,64.0,3370.0,2.1,603.0,2,sim,pessoal,48,18500.0,0
E00587,26.0,6970.0,17.6,682.0,0,nao,veiculo,24,6400.0,0
E00588,30.0,4980.0,4.9,668.0,0,nao,negocio,12,17100.0,1
E00589,43.0,2850.0,3.3,516.0,0,sim,pessoal,12,12200.0,1
E00590,59.0,4300.0,2.0,589.0,1,sim,negocio,24,2900.0,0
E00591,25.0,5290.0,2.2,679.0,1,nao,negocio,48,27900.0,0
E00592,43.0,11780.0,4.4,781.0,1,nao,pessoal,12,22500.0,0
E00593,62.0,6730.0,4.9,781.0,1,nao,pessoal,48,35400.0,0
E00594,20.0,8700.0,3.2,871.0,2,sim,educacao,36,17700.0,0
E00595,25.0,2910.0,1.1,693.0,1,sim,negocio,24,17200.0,0
E00596,35.0,3070.0,4.4,595.0,2,nao,pessoal,36,16500.0,0
E00597,34.0,3650.0,2.2,633.0,1,sim,negocio,60,19000.0,0
E00598,50.0,3850.0,0.6,627.0,1,sim,pessoal,12,16500.0,0
E00599,43.0,2290.0,7.2,595.0,2,sim,veiculo,24,6200.0,0
E00600,19.0,,0.7,682.0,1,nao,negocio,24,27100.0,1
E00601,46.0,7140.0,3.1,687.0,2,sim,pessoal,60,26600.0,0
E00602,33.0,3500.0,3.9,511.0,0,nao,educacao,60,6900.0,0
E00603,55.0,6170.0,11.4,760.0,2,nao,pessoal,48,11800.0,0
E00604,32.0,4800.0,0.6,438.0,3,sim,veiculo,24,15200.0,1
E00605,32.0,6470.0,7.8,616.0,1,sim,negocio,60,22100.0,0
E00606,46.0,1870.0,8.8,766.0,0,sim,pessoal,36,9100.0,0
E00607,49.0,,14.0,707.0,0,sim,reforma,36,17700.0,0
E00608,45.0,4060.0,10.1,601.0,0,nao,negocio,60,16000.0,0
E00609,20.0,6110.0,4.1,857.0,1,nao,educacao,24,25000.0,0
E00610,46.0,2880.0,8.1,592.0,0,nao,negocio,60,15200.0,0
E00611,28.0,1300.0,11.8,420.0,2,nao,negocio,24,1100.0,0
E00612,43.0,2190.0,0.4,690.0,1,sim,pessoal,60,8000.0,0
E00613,23.0,4050.0,1.1,444.0,2,nao,reforma,36,3400.0,1
E00614,45.0,4360.0,5.3,549.0,0,nao,veiculo,24,4800.0,0
E00615,30.0,11530.0,8.7,709.0,1,nao,reforma,48,35900.0,0
E00616,25.0,5960.0,7.0,589.0,0,nao,reforma,12,15800.0,0
E00617,49.0,4410.0,5.7,704.0,0,sim,pessoal,12,20000.0,0
E00618,43.0,4120.0,13.9,513.0,4,nao,educacao,12,20600.0,1
E00619,33.0,8150.0,3.2,734.0,0,sim,veiculo,48,39500.0,0
E00620,57.0,2950.0,2.1,454.0,1,nao,reforma,60,10900.0,1
E00621,35.0,3860.0,2.7,785.0,4,sim,veiculo,36,2100.0,0
E00622,40.0,2180.0,5.4,588.0,1,sim,pessoal,24,1400.0,0
E00623,43.0,9840.0,3.9,808.0,0,nao,reforma,24,15200.0,0
E00624,33.0,5320.0,9.1,548.0,0,sim,veiculo,24,10500.0,0
E00625,46.0,2750.0,2.3,852.0,0,nao,negocio,12,8300.0,0
E00626,34.0,3920.0,6.0,535.0,0,nao,educacao,48,10200.0,0
E00627,35.0,5700.0,8.1,443.0,0,nao,negocio,24,7600.0,1
E00628,56.0,3610.0,11.8,645.0,2,sim,educacao,12,3700.0,0
E00629,28.0,3050.0,1.3,776.0,1,sim,negocio,12,1900.0,0
E00630,18.0,2840.0,2.6,727.0,1,nao,pessoal,60,2500.0,0
E00631,59.0,5150.0,3.7,768.0,0,nao,reforma,24,2600.0,0
E00632,71.0,3390.0,0.9,729.0,2,nao,pessoal,36,2300.0,0
E00633,35.0,3200.0,5.7,550.0,1,nao,veiculo,12,9500.0,0
E00634,18.0,1880.0,5.6,724.0,2,nao,negocio,36,7900.0,1
E00635,36.0,4400.0,5.2,650.0,2,sim,reforma,48,12300.0,0
E00636,37.0,3770.0,3.5,562.0,2,nao,veiculo,12,7300.0,1
E00637,38.0,3460.0,10.9,660.0,0,sim,reforma,24,13400.0,0
E00638,27.0,4730.0,2.7,634.0,1,nao,pessoal,24,18800.0,0
E00639,47.0,6580.0,10.1,796.0,1,nao,negocio,60,29000.0,0
E00640,46.0,6400.0,2.6,583.0,1,nao,pessoal,36,13200.0,1
E00641,22.0,5850.0,1.3,578.0,1,sim,pessoal,60,33700.0,0
E00642,48.0,3640.0,4.1,563.0,1,sim,pessoal,24,5300.0,0
E00643,65.0,2990.0,4.8,849.0,1,nao,negocio,36,17300.0,0
E00644,42.0,2250.0,6.1,569.0,1,nao,veiculo,36,9000.0,0
E00645,36.0,2940.0,0.2,783.0,0,sim,veiculo,24,5900.0,0
E00646,38.0,4250.0,3.1,527.0,0,nao,veiculo,24,6800.0,1
E00647,47.0,2620.0,16.7,696.0,0,nao,pessoal,24,4600.0,0
E00648,19.0,4450.0,2.4,669.0,2,sim,pessoal,12,18000.0,0
E00649,42.0,2350.0,8.8,776.0,0,sim,pessoal,60,13600.0,0
E00650,35.0,1550.0,29.3,760.0,1,nao,veiculo,60,8200.0,0
E00651,62.0,6870.0,19.0,649.0,1,sim,pessoal,48,40500.0,0
E00652,38.0,,1.5,581.0,1,nao,veiculo,24,7200.0,0
E00653,60.0,2540.0,8.2,819.0,3,nao,veiculo,12,6700.0,1
E00654,27.0,2180.0,8.6,570.0,0,nao,veiculo,24,10000.0,0
E00655,47.0,5410.0,7.2,391.0,3,nao,negocio,60,10200.0,1
E00656,44.0,9580.0,1.2,436.0,1,nao,pessoal,24,22600.0,1
E00657,30.0,3300.0,5.2,462.0,2,nao,veiculo,24,6800.0,0
E00658,42.0,3690.0,5.1,706.0,2,nao,pessoal,36,10100.0,0
E00659,55.0,7990.0,1.0,884.0,0,nao,negocio,36,37900.0,0
E00660,36.0,1420.0,3.3,416.0,0,sim,negocio,36,1000.0,0
E00661,20.0,13670.0,5.4,554.0,1,nao,pessoal,36,8800.0,1
E00662,40.0,18200.0,4.0,650.0,0,sim,pessoal,36,9500.0,0
E00663,29.0,1300.0,7.6,810.0,0,sim,pessoal,60,5200.0,0
E00664,36.0,3960.0,3.2,553.0,0,nao,pessoal,24,10000.0,0
E00665,39.0,2730.0,4.7,705.0,3,sim,pessoal,12,8400.0,0
E00666,20.0,3580.0,9.2,612.0,0,sim,pessoal,24,11000.0,0
E00667,21.0,3270.0,15.3,927.0,1,nao,pessoal,36,5300.0,0
E00668,46.0,6840.0,1.2,656.0,2,nao,pessoal,36,33200.0,0
E00669,34.0,3930.0,7.4,679.0,0,nao,veiculo,36,6000.0,0
E00670,18.0,2430.0,2.8,649.0,2,nao,pessoal,36,10400.0,1
E00671,49.0,3790.0,6.1,594.0,1,nao,veiculo,36,17300.0,0
E00672,43.0,,1.1,744.0,0,nao,negocio,60,10900.0,1
E00673,31.0,2060.0,11.0,513.0,2,sim,veiculo,12,9100.0,0
E00674,24.0,1560.0,2.0,420.0,0,sim,pessoal,60,2600.0,0
E00675,50.0,13880.0,9.3,623.0,0,sim,negocio,36,47100.0,0
E00676,44.0,2860.0,1.3,730.0,0,nao,pessoal,12,12700.0,0
E00677,69.0,3870.0,,576.0,1,sim,pessoal,12,5000.0,0
E00678,45.0,3310.0,3.6,661.0,1,nao,reforma,36,14000.0,0
E00679,45.0,5840.0,5.2,506.0,2,nao,pessoal,36,7200.0,0
E00680,38.0,12170.0,20.2,757.0,0,nao,veiculo,36,10800.0,0
E00681,50.0,5950.0,5.1,712.0,0,nao,educacao,24,14400.0,0
E00682,48.0,1690.0,1.5,642.0,1,sim,veiculo,24,2900.0,0
E00683,55.0,1830.0,8.2,659.0,0,sim,educacao,36,2400.0,0
E00684,34.0,3310.0,12.4,487.0,2,nao,pessoal,60,6400.0,0
E00685,35.0,3580.0,1.9,492.0,0,nao,pessoal,24,16800.0,1
E00686,34.0,1490.0,9.1,627.0,2,sim,veiculo,36,7800.0,0
E00687,49.0,6870.0,11.3,697.0,1,nao,veiculo,12,38800.0,0
E00688,58.0,2190.0,8.4,702.0,2,sim,reforma,24,12600.0,0
E00689,34.0,10290.0,2.3,600.0,0,sim,reforma,48,40700.0,0
E00690,35.0,12520.0,5.3,722.0,2,sim,pessoal,48,54000.0,0
E00691,44.0,3620.0,6.1,796.0,2,nao,negocio,36,7900.0,0
E00692,37.0,5470.0,10.8,630.0,1,nao,pessoal,36,29700.0,0
E00693,51.0,2010.0,2.5,674.0,0,nao,negocio,12,4900.0,1
E00694,18.0,6110.0,9.3,617.0,1,nao,pessoal,24,27700.0,0
E00695,30.0,3110.0,3.9,626.0,0,nao,reforma,36,15000.0,0
E00696,31.0,,3.1,659.0,0,sim,reforma,48,12900.0,1
E00697,18.0,3530.0,4.6,827.0,5,nao,veiculo,12,2400.0,0
E00698,28.0,3180.0,0.2,741.0,2,sim,educacao,60,6000.0,0
E00699,29.0,3460.0,0.3,731.0,2,nao,veiculo,60,10700.0,0
E00700,38.0,7430.0,0.5,590.0,1,nao,reforma,24,36300.0,1
E00701,53.0,2620.0,6.3,541.0,0,nao,negocio,12,11800.0,1
E00702,37.0,11890.0,3.5,683.0,0,nao,pessoal,24,10900.0,0
E00703,28.0,1900.0,2.3,777.0,0,nao,veiculo,60,9900.0,0
E00704,39.0,11070.0,4.2,830.0,1,sim,reforma,24,30600.0,0
E00705,53.0,2280.0,9.4,370.0,1,nao,pessoal,24,11900.0,0
E00706,28.0,4200.0,4.1,909.0,0,sim,pessoal,60,22500.0,0
E00707,29.0,3130.0,1.4,686.0,1,nao,pessoal,12,17400.0,0
E00708,47.0,3420.0,22.6,740.0,0,nao,pessoal,60,16500.0,0
E00709,37.0,6790.0,4.4,449.0,0,sim,reforma,48,31500.0,0
E00710,48.0,10330.0,11.4,614.0,1,sim,reforma,24,34200.0,0
E00711,40.0,8580.0,8.4,731.0,1,nao,pessoal,48,30500.0,0
E00712,48.0,3290.0,3.0,511.0,0,nao,veiculo,48,11000.0,0
E00713,28.0,4690.0,15.2,322.0,0,nao,pessoal,36,15600.0,0
E00714,40.0,2630.0,2.5,677.0,0,nao,negocio,48,4400.0,1
E00715,37.0,2320.0,6.2,635.0,2,nao,reforma,36,5300.0,1
E00716,25.0,2110.0,5.6,799.0,1,nao,pessoal,48,3100.0,0
E00717,21.0,,6.0,622.0,4,nao,pessoal,48,14400.0,1
E00718,48.0,4880.0,13.3,630.0,1,nao,negocio,60,13700.0,0
E00719,36.0,1330.0,4.5,717.0,1,nao,veiculo,48,2400.0,0
E00720,28.0,4080.0,5.3,754.0,0,sim,veiculo,60,20000.0,0
E00721,39.0,10430.0,5.5,562.0,2,nao,veiculo,24,56600.0,1
E00722,54.0,8230.0,19.6,744.0,0,sim,veiculo,24,4300.0,0
E00723,18.0,2960.0,10.7,583.0,1,nao,negocio,36,15800.0,0
E00724,22.0,1820.0,0.8,642.0,0,nao,negocio,24,1200.0,0
E00725,29.0,5530.0,2.6,714.0,1,nao,pessoal,60,24400.0,0
E00726,58.0,1300.0,4.8,733.0,0,sim,reforma,24,6900.0,0
E00727,43.0,8180.0,13.1,675.0,1,sim,educacao,36,14700.0,0
E00728,49.0,3690.0,14.1,521.0,0,nao,pessoal,36,21000.0,0
E00729,26.0,12600.0,,434.0,2,sim,negocio,60,56200.0,1
E00730,27.0,1490.0,2.5,619.0,3,sim,veiculo,24,8800.0,0
E00731,45.0,7290.0,3.8,747.0,1,sim,pessoal,60,11600.0,0
E00732,41.0,3950.0,5.0,689.0,1,nao,negocio,24,4800.0,0
E00733,47.0,3440.0,3.5,667.0,0,nao,reforma,24,14200.0,1
E00734,38.0,1850.0,11.6,639.0,1,sim,pessoal,24,6200.0,0
E00735,43.0,,3.2,674.0,0,nao,veiculo,60,29900.0,0
E00736,42.0,6300.0,1.9,531.0,0,nao,reforma,24,18000.0,1
E00737,49.0,12260.0,3.7,726.0,2,nao,reforma,12,6300.0,1
E00738,50.0,7690.0,5.8,733.0,3,nao,pessoal,24,24400.0,0
E00739,21.0,2940.0,11.7,601.0,0,sim,reforma,36,12200.0,0
E00740,18.0,2300.0,1.7,688.0,1,nao,educacao,24,5100.0,0
E00741,52.0,1850.0,5.8,451.0,1,sim,educacao,24,6000.0,0
E00742,54.0,10170.0,6.0,660.0,2,sim,pessoal,24,38800.0,0
E00743,28.0,2630.0,6.9,625.0,2,nao,negocio,36,11700.0,1
E00744,18.0,10210.0,3.2,779.0,0,nao,pessoal,24,18300.0,0
E00745,41.0,5760.0,6.9,618.0,1,nao,educacao,36,11400.0,0
E00746,51.0,5120.0,8.3,736.0,1,nao,pessoal,60,21900.0,0
E00747,62.0,3490.0,3.2,597.0,0,nao,negocio,48,8500.0,0
E00748,46.0,6240.0,5.3,389.0,1,sim,negocio,48,28900.0,1
E00749,36.0,4160.0,3.9,615.0,0,nao,negocio,24,8200.0,0
E00750,29.0,3370.0,2.2,662.0,0,nao,pessoal,36,15700.0,0
E00751,40.0,6380.0,1.1,657.0,0,nao,educacao,24,8700.0,0
E00752,36.0,3850.0,2.5,658.0,2,nao,pessoal,36,11500.0,0
E00753,28.0,2600.0,2.7,584.0,0,nao,veiculo,12,4000.0,0
E00754,65.0,6020.0,1.1,604.0,0,nao,negocio,36,20100.0,0
E00755,61.0,4040.0,6.5,516.0,1,nao,reforma,36,17600.0,0
E00756,54.0,5630.0,8.7,420.0,0,nao,reforma,36,19100.0,1
E00757,29.0,3200.0,3.8,628.0,1,nao,pessoal,24,4400.0,1
E00758,50.0,2030.0,4.3,558.0,1,sim,veiculo,24,11300.0,0
E00759,48.0,11900.0,2.9,759.0,0,sim,pessoal,24,6300.0,0
E00760,45.0,10620.0,4.1,400.0,0,nao,pessoal,36,48000.0,1
E00761,55.0,7140.0,6.9,672.0,1,nao,negocio,24,31900.0,0
E00762,48.0,3330.0,5.9,873.0,1,sim,veiculo,48,18100.0,0
E00763,49.0,3510.0,4.1,620.0,3,nao,pessoal,36,18400.0,0
E00764,48.0,9630.0,2.7,640.0,1,nao,veiculo,12,12800.0,0
E00765,44.0,3400.0,8.2,687.0,0,nao,pessoal,24,19400.0,0
E00766,19.0,2870.0,3.0,695.0,2,sim,pessoal,36,3800.0,0
E00767,41.0,12920.0,1.2,595.0,0,nao,educacao,36,46500.0,1
E00768,33.0,4080.0,5.0,529.0,3,nao,pessoal,24,5600.0,1
E00769,25.0,12140.0,0.6,712.0,2,nao,pessoal,24,31400.0,0
E00770,60.0,1810.0,5.7,430.0,3,sim,pessoal,60,8800.0,1
E00771,61.0,5730.0,6.0,732.0,0,sim,reforma,24,32400.0,0
E00772,56.0,14550.0,2.5,597.0,3,sim,pessoal,24,33000.0,0
E00773,43.0,4280.0,2.8,640.0,1,nao,pessoal,48,12400.0,0
E00774,56.0,3580.0,9.1,582.0,1,nao,negocio,24,17600.0,0
E00775,40.0,2080.0,18.3,797.0,0,sim,veiculo,24,7900.0,0
E00776,42.0,8040.0,4.6,667.0,0,nao,pessoal,48,43700.0,0
E00777,27.0,2650.0,2.5,605.0,0,sim,negocio,60,6100.0,1
E00778,45.0,3970.0,,602.0,0,sim,veiculo,36,6100.0,0
E00779,41.0,2000.0,4.0,624.0,2,nao,educacao,36,7000.0,0
E00780,24.0,10690.0,5.7,904.0,1,nao,pessoal,24,32800.0,0
E00781,39.0,8400.0,5.0,495.0,2,sim,pessoal,36,44900.0,0
E00782,39.0,,5.1,759.0,1,sim,pessoal,48,4100.0,0
E00783,62.0,2100.0,0.4,702.0,3,sim,veiculo,48,1600.0,0
E00784,51.0,10560.0,2.8,809.0,0,nao,veiculo,12,15400.0,0
E00785,40.0,3370.0,2.6,709.0,0,nao,veiculo,12,14100.0,0
E00786,43.0,2160.0,,640.0,0,nao,veiculo,48,4900.0,0
E00787,41.0,1460.0,7.3,752.0,0,nao,veiculo,36,1500.0,0
E00788,38.0,2850.0,1.3,665.0,0,nao,veiculo,60,15300.0,1
E00789,27.0,1750.0,0.4,723.0,1,sim,pessoal,12,8200.0,0
E00790,38.0,,2.5,797.0,1,nao,veiculo,60,15500.0,0
E00791,31.0,,2.0,650.0,0,nao,negocio,12,7300.0,0
E00792,25.0,3350.0,4.6,593.0,2,nao,negocio,12,7500.0,1
E00793,46.0,5200.0,2.0,569.0,2,nao,pessoal,60,20500.0,0
E00794,45.0,2720.0,3.5,690.0,3,nao,veiculo,36,2500.0,0
E00795,19.0,4370.0,3.0,543.0,1,nao,pessoal,24,26000.0,1
E00796,39.0,13300.0,,602.0,2,nao,veiculo,36,79300.0,0
E00797,52.0,3410.0,2.1,534.0,0,nao,veiculo,24,11400.0,1
E00798,53.0,5290.0,7.0,696.0,2,nao,negocio,60,31600.0,0
E00799,52.0,1640.0,4.1,557.0,4,sim,negocio,48,9300.0,1
E00800,40.0,10460.0,9.2,498.0,0,nao,pessoal,36,40300.0,0
E00801,30.0,3150.0,13.9,518.0,0,sim,veiculo,24,3000.0,0
E00802,27.0,,4.0,577.0,1,nao,veiculo,12,9400.0,1
E00803,44.0,3900.0,0.6,587.0,2,nao,reforma,48,8300.0,0
E00804,45.0,6060.0,1.4,668.0,1,sim,educacao,12,30500.0,0
E00805,55.0,6280.0,1.0,622.0,2,nao,pessoal,12,21800.0,0
E00806,53.0,,2.9,681.0,0,sim,pessoal,36,16200.0,1
E00807,38.0,8090.0,2.4,690.0,1,nao,reforma,48,35700.0,0
E00808,25.0,2660.0,5.2,721.0,1,sim,veiculo,24,13300.0,0
E00809,36.0,6700.0,8.7,430.0,1,nao,reforma,36,13100.0,0
E00810,43.0,3320.0,0.5,516.0,1,nao,pessoal,60,14500.0,0
E00811,38.0,,4.4,701.0,6,nao,pessoal,24,4800.0,0
E00812,33.0,3180.0,2.1,663.0,3,sim,pessoal,12,13700.0,0
E00813,43.0,4330.0,4.5,747.0,0,sim,educacao,24,13800.0,0
E00814,34.0,2200.0,2.9,470.0,2,nao,veiculo,24,5200.0,0
E00815,32.0,4870.0,7.6,588.0,1,nao,pessoal,48,21100.0,0
E00816,44.0,4310.0,1.5,607.0,3,sim,pessoal,24,2300.0,0
E00817,35.0,3040.0,2.3,658.0,4,nao,negocio,36,14400.0,0
E00818,43.0,4060.0,3.8,644.0,0,sim,veiculo,36,14000.0,0
E00819,43.0,4550.0,3.1,692.0,0,sim,negocio,36,13100.0,0
E00820,26.0,2900.0,3.8,627.0,0,nao,negocio,24,9900.0,1
E00821,34.0,3890.0,0.7,791.0,0,nao,pessoal,12,7800.0,0
E00822,57.0,2300.0,12.4,826.0,0,nao,negocio,24,9000.0,0
E00823,26.0,17160.0,2.7,517.0,0,sim,veiculo,24,30200.0,1
E00824,18.0,,1.6,645.0,1,sim,reforma,24,44400.0,1
E00825,18.0,4950.0,3.9,728.0,0,sim,veiculo,24,23700.0,0
E00826,40.0,8490.0,4.4,704.0,0,nao,reforma,36,45500.0,0
E00827,40.0,1300.0,16.5,595.0,0,sim,reforma,36,5800.0,0
E00828,39.0,1300.0,9.8,668.0,3,nao,pessoal,24,1200.0,0
E00829,55.0,3310.0,3.1,466.0,2,nao,veiculo,24,11100.0,0
E00830,18.0,1840.0,14.4,638.0,0,nao,pessoal,12,8000.0,0
E00831,45.0,3640.0,12.4,479.0,3,nao,pessoal,36,14200.0,1
E00832,59.0,4750.0,1.6,696.0,3,sim,veiculo,36,20300.0,0
E00833,26.0,7300.0,19.3,517.0,0,nao,reforma,36,25200.0,0
E00834,35.0,2120.0,2.7,658.0,1,nao,pessoal,24,8400.0,0
E00835,31.0,5340.0,4.8,675.0,0,sim,pessoal,12,19100.0,0
E00836,29.0,4240.0,11.0,648.0,2,sim,negocio,48,3900.0,0
E00837,36.0,5170.0,,570.0,1,sim,veiculo,12,19200.0,0
E00838,57.0,3070.0,3.8,617.0,0,nao,reforma,24,9400.0,0
E00839,62.0,9630.0,5.5,770.0,0,nao,pessoal,36,31500.0,0
E00840,36.0,3950.0,9.5,593.0,1,nao,reforma,36,3600.0,1
E00841,63.0,12180.0,4.2,642.0,1,nao,educacao,36,66600.0,0
E00842,40.0,2610.0,0.6,579.0,2,nao,pessoal,48,13300.0,1
E00843,61.0,6560.0,16.4,752.0,1,nao,veiculo,36,5100.0,0
E00844,39.0,4050.0,4.3,649.0,2,sim,pessoal,48,22100.0,0
E00845,42.0,3450.0,5.7,556.0,0,nao,pessoal,24,17700.0,0
E00846,44.0,6140.0,0.9,641.0,1,nao,reforma,36,29300.0,0
E00847,78.0,3510.0,12.0,613.0,0,nao,reforma,12,19700.0,0
E00848,50.0,1300.0,2.7,793.0,0,sim,veiculo,36,5400.0,0
E00849,32.0,1300.0,2.1,635.0,2,sim,veiculo,24,1500.0,1
E00850,52.0,9010.0,10.1,488.0,2,nao,veiculo,36,12400.0,1
E00851,36.0,8790.0,1.0,695.0,0,nao,veiculo,48,7900.0,0
E00852,34.0,13030.0,5.7,836.0,1,sim,pessoal,24,36600.0,0
E00853,51.0,4160.0,2.1,772.0,0,sim,pessoal,36,5800.0,0
E00854,40.0,1930.0,6.3,519.0,0,sim,pessoal,48,1300.0,0
E00855,43.0,3270.0,7.7,610.0,1,nao,negocio,48,10900.0,0
E00856,40.0,4230.0,2.7,637.0,4,sim,pessoal,12,9300.0,0
E00857,44.0,2300.0,11.5,638.0,1,sim,veiculo,36,3700.0,0
E00858,45.0,11290.0,4.3,682.0,2,nao,veiculo,60,49200.0,0
E00859,18.0,16100.0,16.6,602.0,3,sim,reforma,24,58800.0,0
E00860,48.0,5600.0,10.2,539.0,1,nao,educacao,36,19800.0,0
E00861,28.0,4170.0,4.8,745.0,1,nao,reforma,24,10200.0,0
E00862,23.0,1930.0,4.7,516.0,2,nao,pessoal,48,9000.0,1
E00863,39.0,10620.0,1.1,552.0,0,nao,pessoal,48,14200.0,1
E00864,41.0,4400.0,10.1,516.0,0,sim,educacao,60,13000.0,0
E00865,32.0,3530.0,2.4,707.0,0,sim,negocio,36,9300.0,0
E00866,50.0,5610.0,5.2,652.0,1,nao,negocio,36,27400.0,1
E00867,24.0,2960.0,16.5,737.0,2,nao,negocio,36,4500.0,0
E00868,35.0,4590.0,11.3,554.0,0,nao,veiculo,48,27200.0,0
E00869,33.0,1770.0,1.7,502.0,1,nao,pessoal,48,2400.0,0
E00870,39.0,8060.0,4.4,591.0,1,nao,reforma,12,23500.0,0
E00871,43.0,3940.0,5.7,620.0,4,sim,reforma,24,15100.0,0
E00872,28.0,8420.0,12.4,663.0,1,sim,pessoal,36,23800.0,0
E00873,49.0,3720.0,11.1,455.0,1,nao,reforma,12,19800.0,1
E00874,41.0,3870.0,6.9,693.0,1,nao,negocio,36,15600.0,1
E00875,18.0,2030.0,6.4,542.0,1,sim,pessoal,60,8600.0,0
E00876,18.0,6630.0,4.3,569.0,1,sim,veiculo,24,35500.0,0
E00877,40.0,2480.0,5.5,769.0,2,sim,veiculo,24,3000.0,0
E00878,37.0,3140.0,3.5,400.0,0,nao,pessoal,60,9300.0,0
E00879,39.0,4200.0,8.3,675.0,1,sim,educacao,36,11400.0,0
E00880,40.0,,6.7,675.0,2,nao,reforma,48,20900.0,0
E00881,43.0,,9.8,550.0,1,sim,pessoal,12,7800.0,1
E00882,51.0,3660.0,9.6,591.0,1,nao,negocio,24,10900.0,0
E00883,27.0,6770.0,2.4,774.0,1,sim,veiculo,12,7700.0,0
E00884,26.0,3350.0,,856.0,2,nao,veiculo,24,15700.0,0
E00885,27.0,3670.0,2.2,757.0,2,sim,reforma,60,17600.0,0
E00886,43.0,4630.0,5.5,847.0,3,sim,negocio,36,9300.0,0
E00887,55.0,3890.0,3.5,564.0,1,sim,pessoal,12,5600.0,0
E00888,35.0,2260.0,3.3,466.0,0,nao,veiculo,12,2900.0,1
E00889,18.0,4110.0,,634.0,0,nao,reforma,48,4300.0,0
E00890,20.0,7630.0,6.2,729.0,1,sim,negocio,12,16000.0,0
E00891,30.0,2240.0,,436.0,0,sim,educacao,24,9900.0,0
E00892,33.0,3350.0,6.9,538.0,1,nao,negocio,36,6900.0,0
E00893,35.0,1830.0,7.0,550.0,0,sim,pessoal,24,9300.0,1
E00894,40.0,7390.0,9.6,679.0,1,nao,veiculo,36,17300.0,0
E00895,36.0,3970.0,31.3,665.0,0,sim,pessoal,24,17400.0,0
E00896,53.0,2520.0,0.2,555.0,0,nao,veiculo,24,4200.0,0
E00897,32.0,4440.0,,660.0,2,nao,educacao,24,5000.0,0
E00898,30.0,2040.0,7.8,514.0,1,nao,veiculo,24,3700.0,1
E00899,46.0,2260.0,2.2,593.0,1,nao,pessoal,24,8900.0,0
E00900,22.0,1750.0,3.7,501.0,3,sim,reforma,60,7300.0,0
E00901,45.0,2210.0,2.8,623.0,1,sim,pessoal,24,8600.0,0
E00902,41.0,,7.1,552.0,2,nao,pessoal,48,26800.0,1
E00903,38.0,2710.0,10.4,716.0,3,sim,reforma,24,9700.0,1
E00904,59.0,5560.0,1.3,637.0,1,sim,educacao,24,31600.0,0
E00905,33.0,2540.0,6.2,615.0,2,nao,pessoal,36,2300.0,0
E00906,65.0,6620.0,12.1,834.0,1,sim,veiculo,48,6300.0,0
E00907,37.0,2270.0,2.4,682.0,2,nao,veiculo,12,7300.0,0
E00908,25.0,,1.8,600.0,0,sim,pessoal,24,21100.0,0
E00909,41.0,,1.6,576.0,1,sim,veiculo,48,23100.0,1
E00910,27.0,16980.0,1.9,510.0,1,sim,pessoal,24,76700.0,1
E00911,31.0,6130.0,16.3,633.0,3,sim,educacao,60,10500.0,0
E00912,45.0,2940.0,19.0,674.0,1,sim,reforma,12,13700.0,0
E00913,47.0,6340.0,13.3,429.0,0,nao,pessoal,48,10800.0,0
E00914,33.0,15150.0,3.4,490.0,2,nao,pessoal,36,8800.0,0
E00915,52.0,1580.0,13.7,583.0,1,sim,pessoal,24,2100.0,0
E00916,54.0,2530.0,1.5,519.0,0,sim,negocio,12,14700.0,1
E00917,57.0,3640.0,8.4,645.0,2,nao,educacao,60,16100.0,0
E00918,46.0,3270.0,2.6,660.0,1,sim,educacao,24,4300.0,0
E00919,56.0,3440.0,1.3,627.0,0,sim,veiculo,24,7600.0,0
E00920,18.0,1920.0,6.1,701.0,1,nao,educacao,24,10300.0,0
E00921,36.0,9750.0,6.2,576.0,1,nao,veiculo,24,43100.0,0
E00922,30.0,1790.0,6.7,635.0,2,sim,pessoal,36,3300.0,0
E00923,41.0,3720.0,7.3,530.0,1,nao,veiculo,36,21800.0,0
E00924,33.0,7870.0,5.8,671.0,2,sim,veiculo,60,29100.0,0
E00925,38.0,4120.0,,648.0,1,nao,veiculo,24,14500.0,0
E00926,63.0,2330.0,4.7,508.0,2,sim,pessoal,48,8700.0,0
E00927,38.0,1870.0,8.5,623.0,2,nao,veiculo,60,8500.0,1
E00928,45.0,3660.0,5.6,636.0,0,nao,veiculo,12,7100.0,0
E00929,37.0,2670.0,2.9,671.0,2,sim,pessoal,48,1700.0,1
E00930,41.0,4750.0,2.2,675.0,2,nao,pessoal,24,19400.0,0
E00931,40.0,1810.0,4.7,561.0,1,sim,reforma,24,5600.0,0
E00932,45.0,6840.0,12.1,724.0,0,nao,veiculo,12,33900.0,0
E00933,54.0,4500.0,7.4,698.0,1,sim,veiculo,24,25200.0,0
E00934,60.0,4710.0,12.6,560.0,0,sim,negocio,12,18200.0,0
E00935,44.0,9970.0,3.3,514.0,2,nao,veiculo,24,37600.0,1
E00936,47.0,3230.0,5.3,569.0,1,sim,pessoal,12,12900.0,0
E00937,26.0,2720.0,6.0,478.0,2,sim,pessoal,60,2500.0,0
E00938,39.0,3020.0,8.8,663.0,2,nao,pessoal,60,7500.0,0
E00939,51.0,3740.0,3.3,770.0,3,nao,pessoal,36,15400.0,0
E00940,50.0,3980.0,7.4,796.0,3,sim,negocio,24,13500.0,0
E00941,43.0,2550.0,11.6,520.0,1,nao,negocio,60,12300.0,0
E00942,51.0,1300.0,4.2,727.0,2,nao,veiculo,60,1500.0,0
E00943,46.0,3000.0,1.9,649.0,0,nao,pessoal,48,12000.0,0
E00944,54.0,5210.0,11.9,376.0,1,nao,pessoal,36,26700.0,0
E00945,43.0,4560.0,7.9,603.0,1,nao,reforma,24,18900.0,0
E00946,36.0,8630.0,1.0,591.0,2,nao,negocio,60,8000.0,0
E00947,44.0,13580.0,4.3,773.0,2,sim,veiculo,36,56300.0,0
E00948,18.0,6620.0,17.0,544.0,1,nao,negocio,36,34300.0,0
E00949,45.0,9630.0,6.9,702.0,1,nao,pessoal,24,12700.0,0
E00950,18.0,6650.0,4.7,628.0,2,nao,reforma,12,26000.0,1
E00951,19.0,11720.0,1.7,481.0,1,nao,pessoal,60,37200.0,1
E00952,45.0,12750.0,1.7,579.0,1,sim,veiculo,36,22100.0,0
E00953,46.0,7430.0,8.4,808.0,0,nao,reforma,36,21800.0,0
E00954,26.0,6420.0,1.8,621.0,1,nao,reforma,12,18100.0,0
E00955,31.0,3710.0,6.0,740.0,0,nao,educacao,24,13500.0,0
E00956,56.0,4100.0,4.2,734.0,0,sim,pessoal,24,18900.0,0
E00957,34.0,3430.0,5.7,591.0,0,nao,pessoal,48,3500.0,0
E00958,67.0,6100.0,3.9,499.0,0,sim,reforma,36,9800.0,0
E00959,40.0,2730.0,6.7,513.0,1,nao,veiculo,24,11000.0,1
E00960,45.0,3740.0,9.6,800.0,1,nao,negocio,12,4400.0,0
E00961,59.0,1300.0,3.9,657.0,0,nao,educacao,24,5300.0,0
E00962,42.0,11810.0,9.0,449.0,3,nao,veiculo,24,48600.0,1
E00963,28.0,3680.0,13.0,732.0,0,nao,veiculo,48,8700.0,0
E00964,39.0,5520.0,6.0,443.0,2,sim,reforma,48,32800.0,0
E00965,40.0,10070.0,8.2,549.0,1,nao,pessoal,24,31300.0,0
E00966,24.0,5030.0,1.3,649.0,1,nao,veiculo,24,29100.0,0
E00967,37.0,9990.0,4.0,917.0,1,nao,pessoal,60,14800.0,0
E00968,31.0,1990.0,0.8,730.0,3,sim,pessoal,24,11200.0,0
E00969,51.0,,2.8,587.0,1,sim,educacao,36,65000.0,0
E00970,40.0,8060.0,,643.0,1,sim,veiculo,12,47900.0,0
E00971,37.0,4760.0,18.0,741.0,0,nao,negocio,24,18000.0,0
E00972,39.0,9880.0,2.2,796.0,0,nao,negocio,24,55500.0,1
E00973,43.0,,4.5,613.0,1,nao,educacao,24,5000.0,0
E00974,47.0,3530.0,1.8,616.0,2,sim,educacao,24,14100.0,1
E00975,28.0,9990.0,3.8,549.0,0,nao,pessoal,36,6800.0,1
E00976,28.0,1370.0,6.8,713.0,3,nao,pessoal,24,5100.0,1
E00977,53.0,5880.0,7.7,753.0,3,sim,reforma,48,15100.0,0
E00978,35.0,5780.0,3.3,427.0,0,nao,pessoal,24,29100.0,1
E00979,23.0,13690.0,2.5,596.0,2,nao,veiculo,12,44300.0,0
E00980,45.0,1620.0,14.2,507.0,0,sim,negocio,24,5500.0,0
E00981,46.0,11030.0,3.1,657.0,1,nao,reforma,12,65200.0,0
E00982,22.0,3000.0,0.3,504.0,3,sim,pessoal,12,16200.0,1
E00983,43.0,3210.0,11.6,495.0,0,sim,reforma,12,18100.0,1
E00984,49.0,2020.0,0.5,764.0,0,nao,educacao,48,2900.0,0
E00985,44.0,2190.0,11.6,622.0,4,sim,negocio,24,11700.0,0
E00986,48.0,5350.0,0.9,633.0,0,nao,reforma,12,15300.0,0
E00987,23.0,2150.0,1.1,687.0,1,nao,pessoal,36,11200.0,0
E00988,44.0,6550.0,1.5,747.0,1,sim,educacao,24,21600.0,0
E00989,36.0,2820.0,2.9,594.0,1,sim,reforma,48,11800.0,0
E00990,34.0,2030.0,11.7,596.0,0,nao,veiculo,60,3800.0,0
E00991,50.0,3060.0,1.5,597.0,1,sim,educacao,24,4800.0,1
E00992,58.0,,6.8,759.0,1,sim,veiculo,24,18300.0,0
E00993,62.0,3560.0,5.6,633.0,2,sim,negocio,48,4600.0,0
E00994,56.0,4290.0,4.8,608.0,0,nao,negocio,36,16900.0,0
E00995,39.0,6380.0,10.1,683.0,1,sim,pessoal,48,4300.0,0
E00996,44.0,8040.0,5.2,841.0,0,nao,veiculo,36,12900.0,0
E00997,49.0,3490.0,5.5,648.0,0,sim,pessoal,24,7000.0,0
E00998,41.0,2240.0,8.2,610.0,2,sim,pessoal,48,3200.0,0
E00999,42.0,4400.0,3.0,854.0,0,nao,pessoal,24,5100.0,0
E01000,50.0,5570.0,4.5,786.0,1,sim,veiculo,12,26200.0,0
E01001,39.0,1750.0,6.0,770.0,1,nao,pessoal,60,4900.0,0
E01002,31.0,2460.0,9.4,585.0,2,nao,educacao,36,4700.0,0
E01003,35.0,2730.0,4.0,574.0,4,nao,pessoal,24,5900.0,1
E01004,48.0,3710.0,4.4,438.0,0,nao,pessoal,24,18100.0,0
E01005,40.0,2660.0,6.6,746.0,2,nao,pessoal,12,4600.0,0
E01006,44.0,6420.0,4.1,648.0,4,sim,veiculo,36,30100.0,0
E01007,48.0,1600.0,2.3,442.0,0,sim,pessoal,60,7200.0,1
E01008,36.0,1630.0,8.2,772.0,0,nao,negocio,36,1400.0,0
E01009,49.0,,5.2,603.0,1,nao,veiculo,48,18900.0,0
E01010,45.0,3780.0,3.2,616.0,2,nao,negocio,36,13600.0,0
E01011,25.0,1750.0,1.5,474.0,3,nao,pessoal,12,8900.0,1
E01012,57.0,2920.0,0.5,694.0,1,sim,pessoal,24,6600.0,0
E01013,34.0,3300.0,6.9,695.0,3,nao,educacao,12,14200.0,0
E01014,20.0,3320.0,2.2,635.0,1,nao,veiculo,12,12700.0,1
E01015,27.0,4600.0,0.8,594.0,0,nao,pessoal,24,9100.0,0
E01016,28.0,2820.0,2.0,929.0,4,nao,pessoal,60,14600.0,1
E01017,41.0,10190.0,5.9,508.0,1,sim,negocio,24,50700.0,0
E01018,37.0,5630.0,2.2,561.0,2,nao,pessoal,36,23600.0,1
E01019,36.0,2590.0,6.0,718.0,1,nao,veiculo,60,13700.0,0
E01020,47.0,,2.7,528.0,2,nao,negocio,36,7600.0,1
E01021,44.0,4520.0,4.5,520.0,0,nao,reforma,12,19900.0,1
E01022,44.0,8710.0,4.8,764.0,2,nao,educacao,36,18200.0,0
E01023,45.0,2930.0,7.8,707.0,0,nao,veiculo,48,16600.0,0
E01024,47.0,6660.0,8.0,693.0,1,sim,reforma,24,24000.0,0
E01025,18.0,4310.0,4.6,660.0,0,sim,veiculo,24,22300.0,0
E01026,36.0,10280.0,1.8,564.0,3,sim,pessoal,36,15300.0,0
E01027,18.0,9110.0,11.0,612.0,1,nao,veiculo,24,20500.0,0
E01028,40.0,4730.0,3.1,631.0,2,nao,negocio,36,22200.0,0
E01029,40.0,,5.8,733.0,0,nao,pessoal,12,8900.0,0
E01030,53.0,5690.0,6.0,687.0,0,nao,veiculo,60,5700.0,0
E01031,54.0,3770.0,3.3,538.0,0,nao,veiculo,60,15500.0,0
E01032,42.0,11510.0,0.9,727.0,0,sim,reforma,24,12700.0,0
E01033,34.0,4400.0,0.6,455.0,1,nao,reforma,24,15600.0,0
E01034,46.0,3290.0,3.5,605.0,0,nao,veiculo,24,16800.0,0
E01035,34.0,3190.0,1.6,514.0,1,sim,pessoal,36,11800.0,0
E01036,40.0,2030.0,,546.0,2,sim,pessoal,24,6600.0,0
E01037,52.0,5870.0,3.4,852.0,0,nao,pessoal,36,10300.0,0
E01038,33.0,2570.0,3.0,478.0,0,sim,reforma,60,3600.0,0
E01039,50.0,8120.0,16.7,550.0,2,nao,veiculo,24,4900.0,0
E01040,48.0,1930.0,0.2,696.0,1,nao,veiculo,24,9500.0,0
E01041,29.0,4530.0,,588.0,0,sim,veiculo,12,3000.0,0
E01042,52.0,8370.0,0.5,657.0,0,nao,veiculo,24,43700.0,0
E01043,48.0,1300.0,11.8,797.0,1,sim,reforma,60,3500.0,0
E01044,41.0,14100.0,0.8,712.0,1,nao,reforma,12,77600.0,0
E01045,31.0,3250.0,6.2,588.0,2,sim,educacao,36,4400.0,0
E01046,30.0,4570.0,5.5,625.0,1,nao,pessoal,24,22600.0,0
E01047,34.0,5920.0,0.5,698.0,0,nao,reforma,24,31100.0,0
E01048,47.0,,6.2,710.0,2,sim,pessoal,24,18200.0,0
E01049,29.0,4950.0,,642.0,0,nao,pessoal,48,29200.0,1
E01050,45.0,7640.0,7.2,680.0,1,nao,reforma,48,12700.0,0
E01051,25.0,5730.0,2.5,680.0,3,nao,pessoal,12,6400.0,0
E01052,38.0,12080.0,6.2,630.0,2,nao,pessoal,36,70600.0,1
E01053,41.0,5750.0,4.1,573.0,1,nao,pessoal,24,11000.0,1
E01054,69.0,13650.0,6.2,722.0,1,nao,reforma,12,9000.0,0
E01055,23.0,7210.0,7.1,672.0,4,nao,pessoal,24,19200.0,1
E01056,58.0,1420.0,3.7,411.0,2,nao,educacao,24,8500.0,1
E01057,42.0,20120.0,3.1,549.0,0,sim,veiculo,48,103100.0,0
E01058,45.0,2980.0,6.9,587.0,2,sim,pessoal,24,3100.0,0
E01059,41.0,10300.0,2.7,618.0,1,nao,veiculo,48,25500.0,1
E01060,45.0,4270.0,3.8,772.0,1,sim,educacao,60,14700.0,0
E01061,38.0,7940.0,13.6,992.0,0,nao,reforma,24,38700.0,0
E01062,57.0,2780.0,4.5,370.0,1,nao,pessoal,36,4300.0,0
E01063,35.0,6110.0,8.0,673.0,1,nao,educacao,60,6100.0,0
E01064,54.0,3610.0,2.3,648.0,1,nao,veiculo,24,16400.0,0
E01065,32.0,10830.0,6.1,620.0,1,sim,negocio,12,6700.0,0
E01066,39.0,5460.0,3.8,700.0,1,sim,veiculo,36,18200.0,0
E01067,27.0,7360.0,3.2,656.0,0,sim,pessoal,36,32300.0,0
E01068,45.0,,0.4,600.0,1,nao,educacao,60,5400.0,0
E01069,57.0,3990.0,1.6,643.0,2,nao,pessoal,36,13200.0,0
E01070,39.0,5370.0,17.5,701.0,1,nao,reforma,24,25800.0,0
E01071,38.0,4800.0,4.0,691.0,1,sim,veiculo,36,18000.0,0
E01072,27.0,7480.0,4.5,661.0,2,sim,pessoal,24,37600.0,0
E01073,37.0,3370.0,9.2,576.0,1,nao,pessoal,60,12500.0,0
E01074,21.0,4320.0,5.7,950.0,1,nao,pessoal,36,12400.0,0
E01075,29.0,8530.0,,680.0,0,nao,pessoal,48,32300.0,0
E01076,43.0,1300.0,3.2,724.0,0,nao,veiculo,24,3700.0,0
E01077,56.0,5980.0,1.5,584.0,5,nao,reforma,60,9900.0,0
E01078,74.0,3440.0,6.6,661.0,1,nao,pessoal,60,10600.0,1
E01079,33.0,2430.0,6.8,660.0,1,sim,pessoal,60,13900.0,0
E01080,57.0,5140.0,4.6,430.0,2,sim,educacao,60,19200.0,1
E01081,43.0,8770.0,3.9,561.0,1,sim,pessoal,36,39500.0,0
E01082,38.0,7830.0,6.8,559.0,4,nao,educacao,36,32200.0,0
E01083,45.0,3870.0,1.4,574.0,2,nao,pessoal,12,11800.0,0
E01084,41.0,7100.0,5.9,522.0,0,nao,educacao,24,19500.0,0
E01085,41.0,7070.0,14.1,645.0,1,nao,reforma,48,11200.0,0
E01086,35.0,3990.0,2.4,794.0,1,nao,pessoal,24,2300.0,0
E01087,23.0,2770.0,3.6,654.0,0,nao,pessoal,36,14500.0,0
E01088,21.0,2870.0,11.5,510.0,1,nao,pessoal,36,5800.0,0
E01089,48.0,6940.0,4.6,527.0,0,nao,pessoal,36,26100.0,0
E01090,37.0,4100.0,8.5,599.0,0,sim,veiculo,24,12500.0,0
E01091,33.0,2240.0,6.2,484.0,1,nao,reforma,60,2500.0,1
E01092,40.0,1530.0,6.6,673.0,0,nao,reforma,24,1100.0,0
E01093,50.0,6920.0,2.3,789.0,1,nao,pessoal,48,39300.0,0
E01094,42.0,3030.0,2.2,577.0,3,sim,reforma,12,7500.0,1
E01095,32.0,5120.0,7.7,648.0,0,sim,pessoal,48,11400.0,0
E01096,55.0,8840.0,1.0,593.0,1,nao,pessoal,48,8600.0,0
E01097,59.0,1920.0,3.7,571.0,1,nao,pessoal,60,1000.0,0
E01098,46.0,4090.0,6.8,661.0,1,sim,pessoal,12,18300.0,0
E01099,52.0,3790.0,3.6,567.0,1,nao,pessoal,48,20400.0,0
E01100,55.0,,4.0,551.0,0,nao,pessoal,24,10000.0,0
E01101,54.0,8830.0,8.9,462.0,1,sim,veiculo,24,26100.0,0
E01102,47.0,1890.0,12.5,647.0,2,nao,negocio,24,7400.0,0
E01103,47.0,5910.0,22.6,757.0,1,sim,reforma,48,8400.0,0
E01104,46.0,7800.0,11.7,718.0,1,nao,negocio,60,19800.0,0
E01105,27.0,3760.0,2.9,804.0,2,sim,pessoal,36,12000.0,0
E01106,48.0,3870.0,1.9,566.0,1,nao,negocio,24,15700.0,0
E01107,24.0,5400.0,3.0,734.0,1,nao,pessoal,24,31900.0,1
E01108,30.0,,6.9,519.0,2,sim,pessoal,24,16700.0,1
E01109,56.0,5960.0,3.3,718.0,2,nao,pessoal,12,11400.0,0
E01110,50.0,5880.0,,821.0,1,nao,veiculo,48,24100.0,0
E01111,58.0,2330.0,13.6,695.0,0,sim,pessoal,12,2600.0,0
E01112,37.0,7610.0,3.2,823.0,0,nao,reforma,36,4000.0,0
E01113,26.0,8460.0,6.5,574.0,1,nao,educacao,24,21700.0,0
E01114,37.0,4700.0,6.3,625.0,0,nao,pessoal,12,4100.0,0
E01115,41.0,,0.5,539.0,1,nao,educacao,24,5300.0,0
E01116,41.0,3920.0,13.0,644.0,0,nao,pessoal,12,9000.0,0
E01117,54.0,4720.0,1.3,670.0,0,sim,pessoal,36,25600.0,0
E01118,36.0,2110.0,0.9,643.0,1,sim,pessoal,36,3100.0,0
E01119,44.0,3380.0,2.8,588.0,0,nao,pessoal,60,14600.0,0
E01120,28.0,1800.0,1.9,586.0,1,nao,pessoal,24,7200.0,1
E01121,45.0,,11.5,678.0,1,nao,pessoal,24,36100.0,0
E01122,40.0,4640.0,5.6,622.0,1,nao,pessoal,36,16800.0,0
E01123,31.0,1560.0,2.6,513.0,0,sim,negocio,48,7700.0,1
E01124,37.0,5190.0,0.8,431.0,1,sim,negocio,36,12600.0,1
E01125,38.0,4060.0,6.1,574.0,2,nao,negocio,60,3600.0,1
E01126,37.0,5730.0,3.4,488.0,0,nao,pessoal,12,15600.0,0
E01127,61.0,3320.0,6.8,548.0,1,sim,pessoal,48,13900.0,0
E01128,39.0,2600.0,,593.0,1,sim,veiculo,36,4900.0,0
E01129,37.0,2640.0,2.0,624.0,1,nao,reforma,24,3300.0,0
E01130,18.0,3040.0,7.6,567.0,0,nao,pessoal,24,3300.0,0
E01131,29.0,,1.1,881.0,0,sim,educacao,24,14500.0,0
E01132,37.0,4590.0,3.3,501.0,0,nao,negocio,24,10800.0,0
E01133,32.0,3750.0,3.7,773.0,0,nao,pessoal,24,17600.0,0
E01134,57.0,3260.0,4.2,622.0,1,nao,negocio,48,13100.0,0
E01135,38.0,3400.0,1.1,568.0,0,nao,pessoal,12,19200.0,1
E01136,55.0,18910.0,11.1,705.0,0,sim,veiculo,48,111400.0,0
E01137,41.0,2640.0,2.0,590.0,1,nao,pessoal,36,1300.0,0
E01138,40.0,3010.0,0.6,551.0,0,sim,veiculo,24,5400.0,0
E01139,39.0,30310.0,5.8,837.0,1,nao,pessoal,36,55400.0,0
E01140,40.0,5410.0,,399.0,0,sim,veiculo,24,28900.0,0
E01141,61.0,1840.0,0.5,613.0,0,nao,pessoal,12,2300.0,0
E01142,18.0,6960.0,9.0,661.0,2,nao,veiculo,36,19500.0,0
E01143,18.0,2430.0,4.5,795.0,2,nao,reforma,24,1900.0,0
E01144,33.0,7250.0,1.1,596.0,1,nao,pessoal,24,22700.0,0
E01145,40.0,3700.0,3.7,933.0,1,sim,veiculo,36,2600.0,0
E01146,48.0,3230.0,14.3,724.0,0,sim,negocio,36,14500.0,0
E01147,46.0,11030.0,12.0,380.0,0,sim,negocio,48,36900.0,1
E01148,35.0,5900.0,25.7,480.0,1,nao,negocio,36,35300.0,0
E01149,52.0,7530.0,7.8,666.0,2,nao,pessoal,36,44600.0,0
E01150,52.0,5450.0,2.7,514.0,2,nao,veiculo,36,26200.0,0
E01151,42.0,3220.0,8.8,700.0,2,sim,educacao,60,6800.0,0
E01152,52.0,6060.0,2.2,590.0,2,nao,negocio,12,6800.0,0
E01153,43.0,8680.0,4.0,508.0,2,sim,pessoal,36,11800.0,0
E01154,33.0,4550.0,2.2,534.0,2,nao,negocio,12,19500.0,1
E01155,48.0,12380.0,7.8,734.0,3,sim,veiculo,24,15300.0,0
E01156,41.0,7000.0,7.3,417.0,0,nao,educacao,48,14400.0,0
E01157,40.0,4770.0,2.4,755.0,2,nao,veiculo,24,4800.0,1
E01158,58.0,4880.0,10.4,758.0,0,nao,pessoal,12,3800.0,0
E01159,18.0,4560.0,13.0,604.0,1,sim,pessoal,36,12000.0,0
E01160,23.0,,2.8,486.0,2,nao,pessoal,24,5500.0,1
E01161,26.0,3980.0,6.2,701.0,2,sim,reforma,60,6200.0,1
E01162,36.0,4800.0,13.6,587.0,1,nao,veiculo,60,26700.0,0
E01163,37.0,3270.0,5.8,473.0,3,nao,veiculo,24,12600.0,0
E01164,22.0,5140.0,3.3,850.0,2,sim,reforma,48,10800.0,0
E01165,28.0,4250.0,4.1,543.0,0,sim,veiculo,36,21600.0,0
E01166,30.0,6680.0,2.7,478.0,0,sim,pessoal,36,23700.0,0
E01167,69.0,6250.0,10.7,671.0,2,nao,pessoal,12,18400.0,0
E01168,62.0,4640.0,9.7,633.0,0,sim,veiculo,48,21500.0,0
E01169,35.0,1850.0,2.1,803.0,0,sim,veiculo,36,4700.0,0
E01170,36.0,12300.0,2.6,598.0,2,sim,negocio,60,60500.0,1
E01171,26.0,3860.0,0.9,599.0,0,sim,negocio,48,2000.0,0
E01172,18.0,4000.0,6.9,677.0,0,nao,veiculo,36,7400.0,0
E01173,39.0,3420.0,1.4,662.0,0,nao,pessoal,60,11700.0,0
E01174,28.0,3130.0,,665.0,1,sim,educacao,24,16000.0,0
E01175,39.0,10610.0,1.9,670.0,0,nao,pessoal,60,48700.0,0
E01176,21.0,9650.0,0.4,658.0,1,nao,veiculo,12,54400.0,1
E01177,31.0,5480.0,1.3,594.0,2,sim,negocio,24,10600.0,1
E01178,42.0,3940.0,5.7,732.0,0,nao,negocio,60,22000.0,0
E01179,44.0,6090.0,4.1,600.0,2,nao,negocio,12,6900.0,1
E01180,45.0,4390.0,1.9,728.0,3,nao,pessoal,60,7000.0,0
E01181,24.0,3750.0,3.9,793.0,1,nao,veiculo,12,11500.0,1
E01182,50.0,5140.0,2.5,565.0,0,nao,educacao,36,8500.0,0
E01183,30.0,3220.0,6.8,904.0,2,sim,pessoal,36,2200.0,0
E01184,48.0,4890.0,1.4,562.0,2,sim,educacao,12,19600.0,0
E01185,40.0,4750.0,5.0,562.0,2,nao,pessoal,48,13000.0,1
E01186,23.0,6030.0,5.2,699.0,0,nao,negocio,12,33600.0,0
E01187,36.0,2900.0,4.2,689.0,2,nao,veiculo,60,17100.0,0
E01188,44.0,6430.0,6.2,648.0,0,nao,pessoal,60,35900.0,0
E01189,47.0,2440.0,3.9,730.0,1,nao,negocio,36,8100.0,0
E01190,38.0,2980.0,7.8,668.0,1,nao,reforma,60,6500.0,0
E01191,58.0,3060.0,4.2,867.0,2,nao,veiculo,36,17600.0,0
E01192,52.0,2210.0,11.0,634.0,1,nao,negocio,60,5600.0,1
E01193,37.0,7730.0,5.0,546.0,3,nao,reforma,48,20000.0,0
E01194,49.0,2350.0,10.5,579.0,2,nao,veiculo,36,9400.0,0
E01195,63.0,2760.0,2.5,692.0,1,nao,veiculo,60,11000.0,0
E01196,64.0,8920.0,1.6,693.0,3,nao,educacao,36,9600.0,0
E01197,25.0,2980.0,7.7,663.0,1,nao,veiculo,36,4600.0,0
E01198,29.0,3750.0,4.3,547.0,1,nao,reforma,60,1900.0,0
E01199,58.0,2290.0,0.2,762.0,1,sim,negocio,36,2400.0,0
E01200,27.0,6920.0,2.1,853.0,0,nao,pessoal,12,16500.0,0
E01201,24.0,6980.0,5.7,643.0,4,sim,educacao,24,39900.0,0
E01202,34.0,6540.0,3.9,839.0,2,sim,educacao,36,32000.0,0
E01203,45.0,5800.0,2.0,735.0,0,sim,pessoal,12,10200.0,0
E01204,39.0,4390.0,4.2,884.0,4,sim,reforma,36,5000.0,0
E01205,32.0,3070.0,4.9,692.0,0,sim,educacao,24,18400.0,0
E01206,32.0,2580.0,0.6,655.0,0,sim,veiculo,24,11500.0,0
E01207,31.0,9110.0,10.3,733.0,2,nao,pessoal,60,30800.0,0
E01208,29.0,6650.0,12.1,592.0,1,nao,pessoal,24,39100.0,1
E01209,67.0,2770.0,2.1,685.0,1,nao,pessoal,60,15900.0,0
E01210,44.0,4300.0,16.9,786.0,0,nao,veiculo,36,4900.0,0
E01211,51.0,3510.0,4.0,730.0,1,nao,reforma,60,14000.0,0
E01212,34.0,2130.0,2.3,637.0,5,sim,veiculo,48,9100.0,0
E01213,38.0,4670.0,2.3,662.0,0,sim,veiculo,24,24500.0,0
E01214,31.0,3270.0,16.1,723.0,0,nao,veiculo,12,10600.0,0
E01215,18.0,2370.0,1.5,720.0,1,nao,reforma,60,10000.0,0
E01216,23.0,1730.0,5.0,723.0,0,nao,negocio,48,4200.0,0
E01217,18.0,1640.0,5.5,677.0,0,nao,educacao,12,4400.0,0
E01218,18.0,3360.0,7.7,549.0,1,sim,reforma,60,12100.0,0
E01219,26.0,3990.0,4.6,567.0,2,nao,pessoal,36,6700.0,0
E01220,56.0,2480.0,15.2,691.0,1,nao,negocio,12,12000.0,1
E01221,39.0,6210.0,17.4,731.0,2,nao,negocio,24,20100.0,0
E01222,55.0,4040.0,12.8,717.0,2,nao,negocio,60,20900.0,0
E01223,45.0,5940.0,5.9,566.0,0,nao,reforma,24,28700.0,0
E01224,49.0,3760.0,9.0,623.0,1,sim,pessoal,48,13500.0,1
E01225,29.0,2620.0,3.3,511.0,1,sim,veiculo,24,11200.0,0
E01226,46.0,,10.6,487.0,0,nao,pessoal,12,23200.0,0
E01227,49.0,1970.0,2.5,649.0,2,nao,veiculo,24,4700.0,0
E01228,33.0,5810.0,1.7,789.0,3,sim,veiculo,60,26200.0,0
E01229,47.0,2390.0,1.7,651.0,1,sim,negocio,24,13300.0,1
E01230,47.0,7290.0,6.9,850.0,1,sim,veiculo,60,4900.0,0
E01231,33.0,3430.0,,622.0,0,nao,veiculo,24,11100.0,0
E01232,27.0,7950.0,14.7,643.0,2,nao,reforma,60,10300.0,0
E01233,26.0,2140.0,0.3,531.0,0,nao,pessoal,12,5600.0,0
E01234,41.0,2800.0,9.5,602.0,0,sim,pessoal,36,14200.0,0
E01235,44.0,,1.6,509.0,1,sim,reforma,12,8400.0,0
E01236,30.0,8480.0,22.4,470.0,1,sim,pessoal,24,5900.0,0
E01237,40.0,11420.0,1.1,511.0,2,nao,pessoal,60,23600.0,0
E01238,47.0,4310.0,0.6,649.0,3,nao,veiculo,24,20600.0,0
E01239,47.0,12650.0,9.6,559.0,1,sim,pessoal,60,13800.0,0
E01240,59.0,3530.0,3.1,585.0,3,sim,pessoal,36,13100.0,0
E01241,55.0,8120.0,2.9,685.0,0,sim,veiculo,48,37200.0,0
E01242,28.0,2390.0,2.1,470.0,2,nao,negocio,24,8700.0,1
E01243,60.0,5400.0,2.4,649.0,1,nao,pessoal,60,30500.0,0
E01244,34.0,1300.0,9.9,733.0,1,nao,veiculo,48,6100.0,0
E01245,53.0,2140.0,1.7,743.0,0,sim,veiculo,60,2100.0,0
E01246,41.0,5560.0,3.8,697.0,2,nao,reforma,12,28900.0,0
E01247,35.0,1910.0,1.5,634.0,0,nao,veiculo,24,6700.0,0
E01248,18.0,5430.0,4.8,571.0,0,sim,reforma,48,31600.0,0
E01249,38.0,7240.0,2.9,631.0,1,sim,negocio,36,42900.0,1
E01250,21.0,3110.0,6.5,822.0,0,sim,pessoal,24,4400.0,0
E01251,52.0,2350.0,7.2,670.0,2,nao,educacao,36,4400.0,0
E01252,58.0,3160.0,14.1,628.0,2,nao,pessoal,24,12900.0,0
E01253,30.0,2350.0,21.3,702.0,3,nao,educacao,36,1900.0,0
E01254,44.0,3950.0,2.3,645.0,0,nao,reforma,36,10700.0,0
E01255,31.0,4470.0,7.9,665.0,2,sim,veiculo,36,26500.0,0
E01256,32.0,3500.0,2.8,613.0,2,nao,veiculo,24,11900.0,0
E01257,49.0,11470.0,7.0,594.0,1,nao,veiculo,24,26600.0,0
E01258,40.0,2730.0,6.8,750.0,0,sim,pessoal,24,4200.0,0
E01259,61.0,9680.0,6.6,425.0,1,nao,veiculo,24,44800.0,1
E01260,34.0,2250.0,8.3,693.0,1,sim,reforma,36,12600.0,0
E01261,52.0,4390.0,,588.0,2,nao,veiculo,60,24500.0,1
E01262,41.0,8540.0,3.1,430.0,0,nao,veiculo,24,7300.0,1
E01263,50.0,8280.0,4.8,533.0,0,nao,pessoal,60,7600.0,0
E01264,35.0,3260.0,20.2,636.0,0,sim,educacao,36,19400.0,0
E01265,39.0,5860.0,2.6,651.0,2,sim,veiculo,60,33700.0,0
E01266,39.0,5410.0,3.3,721.0,2,nao,veiculo,24,9200.0,0
E01267,30.0,3040.0,2.1,729.0,1,nao,negocio,36,4800.0,1
E01268,48.0,6080.0,,470.0,1,nao,pessoal,36,22800.0,1
E01269,48.0,12840.0,4.2,682.0,0,sim,pessoal,60,28800.0,0
E01270,47.0,5570.0,7.4,720.0,0,nao,negocio,12,24800.0,0
E01271,58.0,5900.0,1.8,664.0,0,nao,reforma,12,9600.0,1
E01272,57.0,6290.0,12.5,695.0,1,sim,veiculo,60,31000.0,0
E01273,36.0,1750.0,6.3,427.0,2,sim,pessoal,12,3600.0,0
E01274,44.0,5540.0,10.0,531.0,1,nao,veiculo,60,7000.0,1
E01275,33.0,2280.0,5.8,790.0,0,sim,educacao,12,5400.0,0
E01276,40.0,2950.0,3.8,609.0,0,sim,veiculo,12,1800.0,0
E01277,33.0,15370.0,3.2,885.0,0,sim,educacao,24,62200.0,0
E01278,59.0,3610.0,5.6,499.0,0,nao,pessoal,48,3200.0,0
E01279,44.0,2690.0,6.1,812.0,1,nao,veiculo,36,3500.0,0
E01280,37.0,8390.0,2.7,573.0,0,sim,pessoal,60,40800.0,0
E01281,54.0,2380.0,3.7,735.0,0,nao,veiculo,36,7800.0,0
E01282,18.0,3210.0,17.5,608.0,1,sim,negocio,36,12100.0,0
E01283,18.0,8890.0,4.9,653.0,0,sim,pessoal,36,18200.0,0
E01284,50.0,4310.0,5.4,706.0,0,sim,reforma,24,25200.0,0
E01285,41.0,1650.0,14.5,573.0,2,nao,pessoal,36,9800.0,0
E01286,43.0,5820.0,6.1,728.0,1,nao,veiculo,60,14600.0,0
E01287,24.0,3310.0,4.4,611.0,2,nao,pessoal,60,16000.0,0
E01288,40.0,10580.0,9.8,660.0,1,sim,veiculo,12,52000.0,0
E01289,64.0,2920.0,8.2,349.0,2,nao,negocio,36,16100.0,1
E01290,50.0,7890.0,5.5,603.0,1,nao,pessoal,36,41300.0,1
E01291,42.0,12190.0,5.9,779.0,0,nao,pessoal,48,35600.0,0
E01292,35.0,2520.0,,716.0,0,nao,pessoal,24,6300.0,0
E01293,35.0,3740.0,1.4,738.0,1,nao,veiculo,60,21100.0,0
E01294,18.0,5300.0,7.3,646.0,2,nao,pessoal,24,14500.0,0
E01295,43.0,2510.0,0.8,824.0,1,sim,negocio,24,8400.0,0
E01296,50.0,4940.0,,672.0,0,sim,reforma,48,5100.0,0
E01297,21.0,3670.0,3.7,567.0,0,nao,reforma,36,7800.0,0
E01298,32.0,3630.0,3.4,734.0,1,nao,pessoal,60,5100.0,0
E01299,26.0,4330.0,7.9,741.0,0,nao,veiculo,12,4100.0,1
E01300,28.0,4380.0,9.5,709.0,0,nao,educacao,12,11100.0,0
E01301,41.0,4630.0,19.3,596.0,3,nao,veiculo,60,15400.0,0
E01302,18.0,2930.0,0.7,671.0,1,sim,reforma,24,14000.0,1
E01303,47.0,3010.0,6.6,793.0,1,sim,reforma,24,11600.0,0
E01304,49.0,3910.0,6.4,693.0,0,sim,negocio,48,19700.0,0
E01305,37.0,4090.0,5.7,477.0,1,sim,veiculo,60,7300.0,0
E01306,18.0,3230.0,7.2,571.0,1,nao,educacao,60,15700.0,0
E01307,28.0,5100.0,8.5,566.0,1,nao,pessoal,60,4000.0,0
E01308,55.0,1410.0,12.8,557.0,0,sim,veiculo,24,2900.0,0
E01309,18.0,2710.0,5.9,408.0,3,nao,reforma,60,8000.0,1
E01310,36.0,3550.0,15.7,848.0,1,sim,veiculo,12,20500.0,0
E01311,26.0,2510.0,5.9,544.0,3,nao,pessoal,24,2500.0,1
E01312,50.0,11160.0,2.9,552.0,0,nao,veiculo,24,21700.0,1
E01313,32.0,4250.0,5.5,426.0,3,sim,pessoal,24,5700.0,0
E01314,45.0,4670.0,1.9,735.0,2,nao,veiculo,24,13300.0,1
E01315,47.0,3140.0,2.0,630.0,0,nao,pessoal,60,7200.0,0
E01316,62.0,4160.0,4.0,601.0,2,nao,veiculo,60,4200.0,1
E01317,38.0,2030.0,3.5,607.0,1,nao,veiculo,24,6400.0,0
E01318,45.0,3790.0,12.5,705.0,0,sim,pessoal,12,12000.0,0
E01319,22.0,2390.0,3.9,587.0,0,nao,reforma,24,9500.0,0
E01320,54.0,3560.0,1.7,421.0,4,nao,pessoal,36,18200.0,1
E01321,31.0,1300.0,4.6,498.0,2,sim,veiculo,60,7600.0,1
E01322,33.0,2130.0,5.9,492.0,1,sim,negocio,48,2300.0,0
E01323,40.0,10110.0,5.1,670.0,0,nao,negocio,24,23900.0,0
E01324,21.0,6910.0,1.6,742.0,1,nao,veiculo,60,40400.0,0
E01325,43.0,9270.0,13.5,801.0,1,sim,veiculo,36,33600.0,0
E01326,52.0,,0.6,460.0,1,nao,veiculo,48,25900.0,1
E01327,44.0,6290.0,5.0,708.0,3,nao,veiculo,36,18200.0,0
E01328,21.0,3200.0,1.5,572.0,0,sim,pessoal,36,16400.0,1
E01329,39.0,2250.0,10.2,962.0,1,nao,pessoal,24,11800.0,0
E01330,49.0,8360.0,6.6,792.0,1,nao,negocio,12,17700.0,0
E01331,18.0,4370.0,5.9,827.0,2,sim,pessoal,36,9600.0,0
E01332,27.0,18760.0,3.7,728.0,1,nao,pessoal,24,81600.0,0
E01333,51.0,,12.7,682.0,3,nao,pessoal,36,2900.0,0
E01334,43.0,13720.0,3.7,596.0,3,nao,pessoal,36,70700.0,1
E01335,45.0,,16.7,574.0,1,nao,pessoal,36,2100.0,0
E01336,62.0,9360.0,2.0,552.0,1,nao,veiculo,24,28400.0,0
E01337,46.0,11620.0,4.7,708.0,3,nao,veiculo,48,56500.0,0
E01338,48.0,2270.0,8.3,812.0,0,sim,negocio,24,12500.0,0
E01339,73.0,3140.0,7.0,601.0,0,sim,reforma,12,12400.0,0
E01340,37.0,2260.0,4.4,561.0,1,sim,educacao,24,7700.0,0
E01341,30.0,2010.0,0.7,477.0,0,sim,veiculo,12,8700.0,1
E01342,45.0,,5.3,667.0,2,nao,pessoal,24,32200.0,1
E01343,45.0,3730.0,3.3,775.0,0,nao,educacao,48,2100.0,0
E01344,34.0,4330.0,2.6,781.0,1,sim,veiculo,48,16600.0,0
E01345,28.0,5860.0,8.7,792.0,2,nao,educacao,36,27600.0,0
E01346,68.0,1380.0,0.5,686.0,1,nao,pessoal,24,7700.0,1
E01347,44.0,9090.0,4.5,650.0,1,nao,veiculo,60,24500.0,0
E01348,31.0,3410.0,7.0,781.0,2,nao,pessoal,48,18600.0,0
E01349,51.0,5780.0,8.8,518.0,1,sim,pessoal,12,22900.0,0
E01350,39.0,6100.0,5.2,592.0,0,sim,reforma,36,14200.0,0
E01351,37.0,9560.0,3.0,828.0,1,sim,educacao,60,56500.0,0
E01352,47.0,3940.0,12.5,522.0,1,nao,negocio,60,3200.0,0
E01353,24.0,,13.2,636.0,2,nao,educacao,24,6900.0,0
E01354,44.0,4350.0,6.1,709.0,2,nao,educacao,36,14800.0,0
E01355,63.0,4740.0,14.6,649.0,2,nao,educacao,36,17600.0,0
E01356,46.0,2260.0,2.0,766.0,0,nao,reforma,48,11500.0,0
E01357,35.0,4590.0,4.1,808.0,1,nao,educacao,60,25700.0,0
E01358,34.0,3380.0,0.2,693.0,0,sim,pessoal,36,18300.0,0
E01359,35.0,1880.0,1.4,793.0,0,sim,negocio,12,5800.0,0
E01360,37.0,6280.0,1.3,538.0,1,sim,veiculo,48,27700.0,0
E01361,35.0,2990.0,7.0,623.0,1,nao,pessoal,60,13900.0,0
E01362,51.0,3290.0,1.5,905.0,1,nao,veiculo,60,7900.0,0
E01363,19.0,3180.0,2.4,854.0,0,nao,educacao,12,6900.0,0
E01364,50.0,8810.0,2.7,500.0,1,nao,reforma,60,44200.0,0
E01365,35.0,4100.0,1.1,639.0,2,nao,pessoal,12,14100.0,0
E01366,45.0,4400.0,4.9,655.0,2,nao,veiculo,60,7600.0,1
E01367,26.0,3220.0,5.7,686.0,1,nao,educacao,48,17200.0,0
E01368,56.0,5540.0,0.8,780.0,2,sim,reforma,12,17800.0,1
E01369,55.0,9440.0,7.9,842.0,3,sim,pessoal,12,50000.0,0
E01370,52.0,,1.8,644.0,1,nao,reforma,24,8700.0,0
E01371,22.0,,2.7,763.0,0,sim,reforma,24,34200.0,0
E01372,50.0,6040.0,6.6,711.0,3,nao,pessoal,12,16500.0,0
E01373,45.0,1830.0,2.7,638.0,2,nao,pessoal,60,3900.0,0
E01374,21.0,,1.4,453.0,2,nao,veiculo,12,6300.0,1
E01375,40.0,3710.0,4.7,752.0,1,sim,reforma,60,14200.0,0
E01376,44.0,2720.0,10.3,707.0,1,sim,negocio,24,5900.0,0
E01377,47.0,2220.0,9.4,683.0,3,nao,negocio,36,9000.0,1
E01378,42.0,1370.0,2.4,532.0,2,nao,reforma,36,4500.0,0
E01379,43.0,1870.0,1.7,856.0,1,sim,veiculo,24,7700.0,0
E01380,58.0,3600.0,2.1,657.0,0,nao,pessoal,36,8500.0,0
E01381,55.0,4030.0,9.5,514.0,1,nao,veiculo,48,7800.0,1
E01382,18.0,2610.0,2.1,497.0,1,sim,veiculo,12,11000.0,1
E01383,36.0,4400.0,14.1,715.0,0,sim,reforma,24,15000.0,0
E01384,38.0,3240.0,6.6,718.0,5,nao,negocio,48,4200.0,0
E01385,19.0,8080.0,4.2,589.0,1,nao,pessoal,24,33100.0,0
E01386,41.0,3810.0,2.4,691.0,1,nao,veiculo,12,7700.0,0
E01387,55.0,6380.0,4.7,713.0,1,nao,veiculo,24,16000.0,0
E01388,27.0,4740.0,1.4,655.0,1,nao,veiculo,36,24700.0,0
E01389,44.0,1810.0,0.8,563.0,2,sim,pessoal,60,2900.0,0
E01390,29.0,3980.0,6.6,746.0,1,nao,veiculo,24,11400.0,0
E01391,32.0,2000.0,,732.0,1,nao,pessoal,36,1900.0,0
E01392,58.0,3940.0,8.1,702.0,1,sim,veiculo,24,11700.0,0
E01393,33.0,2690.0,5.5,548.0,2,sim,negocio,60,15000.0,1
E01394,46.0,5280.0,,494.0,0,nao,veiculo,60,18900.0,0
E01395,18.0,1880.0,9.4,648.0,0,nao,pessoal,24,9900.0,0
E01396,62.0,4240.0,2.6,742.0,0,sim,educacao,12,14800.0,0
E01397,47.0,5920.0,11.5,754.0,2,sim,pessoal,36,4900.0,0
E01398,38.0,7240.0,2.6,704.0,1,nao,pessoal,36,23700.0,0
E01399,47.0,2660.0,1.0,590.0,2,sim,negocio,36,4700.0,1
E01400,23.0,4240.0,13.0,552.0,0,sim,educacao,24,12200.0,0
E01401,54.0,4690.0,2.5,638.0,4,nao,pessoal,12,8500.0,0
E01402,36.0,10630.0,2.7,639.0,1,nao,reforma,12,11900.0,0
E01403,38.0,1730.0,1.1,762.0,1,nao,veiculo,48,2900.0,0
E01404,34.0,2430.0,3.9,587.0,1,nao,negocio,36,6600.0,1
E01405,33.0,,1.2,596.0,3,nao,veiculo,24,113600.0,1
E01406,48.0,3570.0,12.5,866.0,1,sim,reforma,60,16900.0,0
E01407,43.0,1350.0,3.1,811.0,0,nao,pessoal,60,1000.0,0
E01408,48.0,2960.0,,543.0,3,nao,pessoal,48,14100.0,0
E01409,40.0,1300.0,4.5,802.0,1,nao,pessoal,36,1000.0,0
E01410,46.0,4850.0,21.0,517.0,0,nao,veiculo,36,4400.0,0
E01411,35.0,6830.0,4.7,592.0,3,nao,veiculo,36,32000.0,1
E01412,67.0,2430.0,3.5,605.0,1,sim,pessoal,24,6500.0,1
E01413,21.0,3170.0,4.4,631.0,1,nao,pessoal,48,7200.0,1
E01414,55.0,7310.0,8.4,708.0,1,nao,veiculo,36,18700.0,0
E01415,56.0,1470.0,7.8,652.0,0,nao,pessoal,36,5000.0,0
E01416,30.0,1900.0,5.4,708.0,1,nao,negocio,36,7300.0,0
E01417,67.0,3660.0,9.7,596.0,0,sim,educacao,24,15300.0,0
E01418,52.0,2670.0,4.6,681.0,2,nao,veiculo,48,2700.0,0
E01419,52.0,3520.0,3.7,649.0,0,sim,negocio,24,4900.0,1
E01420,40.0,1970.0,4.6,487.0,3,nao,reforma,60,5700.0,1
E01421,37.0,4780.0,2.6,693.0,2,nao,veiculo,60,25100.0,0
E01422,37.0,3840.0,8.6,651.0,1,nao,veiculo,36,18000.0,0
E01423,45.0,5840.0,2.5,561.0,0,sim,pessoal,24,8900.0,0
E01424,57.0,4740.0,0.4,593.0,0,nao,pessoal,24,9900.0,0
E01425,42.0,4750.0,5.9,596.0,0,sim,veiculo,60,12300.0,0
E01426,29.0,1760.0,2.1,613.0,1,sim,pessoal,24,9200.0,0
E01427,50.0,5640.0,8.0,833.0,0,sim,educacao,48,33200.0,0
E01428,51.0,3440.0,4.2,870.0,0,sim,pessoal,24,3200.0,0
E01429,48.0,3800.0,8.5,340.0,2,nao,veiculo,60,12100.0,1
E01430,49.0,7880.0,0.4,694.0,3,sim,veiculo,24,19600.0,0
E01431,37.0,2730.0,2.4,745.0,2,nao,pessoal,36,6200.0,0
E01432,29.0,9450.0,1.7,616.0,3,sim,pessoal,12,30700.0,1
E01433,30.0,9990.0,24.0,742.0,1,nao,veiculo,60,44500.0,0
E01434,20.0,6600.0,2.9,822.0,2,sim,pessoal,36,24700.0,0
E01435,43.0,2330.0,0.8,489.0,1,sim,pessoal,36,6600.0,0
E01436,39.0,1300.0,5.8,655.0,0,nao,pessoal,12,5800.0,0
E01437,35.0,8020.0,1.5,855.0,0,sim,veiculo,36,22200.0,0
E01438,18.0,4490.0,9.2,504.0,0,sim,educacao,24,18300.0,0
E01439,25.0,2690.0,10.4,627.0,1,nao,educacao,24,3800.0,1
E01440,53.0,8490.0,1.7,591.0,0,sim,veiculo,36,20100.0,0
E01441,32.0,2500.0,2.1,756.0,0,nao,reforma,36,9100.0,1
E01442,44.0,3260.0,5.3,771.0,0,sim,negocio,48,18100.0,0
E01443,23.0,5750.0,9.4,658.0,2,nao,veiculo,24,3500.0,0
E01444,57.0,2150.0,5.9,644.0,2,sim,negocio,60,9700.0,0
E01445,38.0,3930.0,2.9,451.0,1,nao,educacao,12,12400.0,0
E01446,43.0,8070.0,1.0,797.0,0,sim,pessoal,36,37100.0,0
E01447,68.0,4770.0,15.1,601.0,0,nao,veiculo,36,5400.0,0
E01448,58.0,,6.0,624.0,2,sim,negocio,60,33300.0,0
E01449,36.0,8290.0,17.5,747.0,0,nao,pessoal,24,23400.0,0
E01450,33.0,4220.0,6.7,662.0,1,sim,pessoal,36,9300.0,0
E01451,36.0,1300.0,15.8,750.0,1,sim,pessoal,48,1000.0,0
E01452,46.0,2160.0,1.9,706.0,0,sim,pessoal,48,7300.0,0
E01453,39.0,6640.0,2.1,662.0,1,sim,pessoal,60,15800.0,1
E01454,35.0,1660.0,3.6,674.0,1,nao,veiculo,24,9200.0,0
E01455,58.0,3450.0,1.8,516.0,2,nao,educacao,48,16000.0,0
E01456,39.0,5150.0,0.6,624.0,0,nao,pessoal,60,5000.0,0
E01457,68.0,,2.3,759.0,2,nao,educacao,36,22400.0,0
E01458,41.0,2970.0,6.6,541.0,0,sim,negocio,36,5700.0,0
E01459,61.0,2850.0,1.2,561.0,1,nao,veiculo,24,12100.0,0
E01460,44.0,4070.0,1.3,543.0,0,nao,negocio,24,14900.0,0
E01461,52.0,5180.0,2.5,657.0,1,sim,veiculo,24,12800.0,0
E01462,31.0,3830.0,1.6,794.0,1,nao,pessoal,12,6600.0,0
E01463,30.0,7880.0,2.6,700.0,0,sim,pessoal,36,23000.0,0
E01464,46.0,2600.0,3.9,401.0,1,nao,veiculo,60,4900.0,0
E01465,52.0,4510.0,,711.0,2,nao,negocio,24,7000.0,1
E01466,40.0,5490.0,2.5,591.0,3,nao,pessoal,12,27400.0,1
E01467,25.0,3300.0,4.2,696.0,1,nao,veiculo,24,19200.0,0
E01468,24.0,6950.0,1.9,624.0,0,sim,educacao,48,32300.0,0
E01469,23.0,4590.0,1.0,545.0,0,nao,negocio,24,3900.0,1
E01470,19.0,6740.0,2.0,632.0,4,nao,negocio,48,38200.0,1
E01471,41.0,4720.0,3.0,591.0,1,nao,pessoal,24,14100.0,1
E01472,54.0,5260.0,0.6,674.0,1,nao,pessoal,36,10300.0,0
E01473,40.0,2870.0,6.7,543.0,0,sim,pessoal,48,13600.0,0
E01474,18.0,2880.0,3.2,516.0,1,nao,pessoal,48,1500.0,1
E01475,38.0,8760.0,2.0,721.0,0,nao,negocio,36,5800.0,0
E01476,38.0,6150.0,0.7,762.0,2,nao,reforma,60,28700.0,0
E01477,65.0,2270.0,6.0,704.0,1,sim,negocio,12,3100.0,0
E01478,23.0,4680.0,10.5,569.0,0,nao,veiculo,36,14500.0,0
E01479,35.0,,2.4,559.0,1,nao,veiculo,24,4400.0,1
E01480,60.0,2980.0,16.4,565.0,2,sim,pessoal,60,17800.0,0
E01481,45.0,7480.0,4.0,738.0,2,sim,veiculo,36,17300.0,0
E01482,47.0,3900.0,4.1,549.0,1,nao,educacao,36,8500.0,0
E01483,41.0,4510.0,8.3,737.0,2,nao,reforma,60,14000.0,0
E01484,44.0,1300.0,6.3,710.0,1,sim,educacao,12,4100.0,0
E01485,49.0,3320.0,1.2,776.0,1,sim,educacao,24,11700.0,0
E01486,30.0,5150.0,2.3,757.0,1,sim,pessoal,24,27500.0,0
E01487,51.0,5550.0,,700.0,2,sim,pessoal,12,24400.0,0
E01488,24.0,7480.0,6.4,478.0,0,nao,reforma,36,39200.0,0
E01489,44.0,3700.0,16.5,707.0,1,sim,veiculo,24,9700.0,0
E01490,42.0,3800.0,5.6,653.0,2,nao,pessoal,24,18000.0,0
E01491,33.0,1890.0,6.6,599.0,1,sim,pessoal,12,10900.0,1
E01492,40.0,3710.0,2.0,790.0,1,nao,negocio,12,3500.0,0
E01493,33.0,1970.0,10.4,623.0,3,nao,educacao,24,5700.0,0
E01494,27.0,1390.0,0.2,582.0,0,sim,pessoal,36,5300.0,1
E01495,36.0,2190.0,4.8,764.0,0,nao,reforma,24,8100.0,0
E01496,27.0,10380.0,6.7,595.0,1,nao,pessoal,60,34500.0,1
E01497,44.0,3570.0,5.3,576.0,3,nao,pessoal,24,17900.0,1
E01498,26.0,4790.0,4.0,516.0,1,sim,pessoal,24,7900.0,0
E01499,49.0,3090.0,3.6,550.0,2,nao,pessoal,24,18000.0,1
E01500,26.0,1430.0,4.2,559.0,0,nao,negocio,24,7100.0,1
E01501,33.0,7370.0,1.4,708.0,0,sim,pessoal,60,15600.0,0
E01502,33.0,1300.0,5.3,528.0,1,nao,veiculo,48,1000.0,0
E01503,56.0,3010.0,2.0,436.0,2,nao,negocio,24,13400.0,1
E01504,44.0,4060.0,2.4,673.0,0,sim,pessoal,60,2600.0,1
E01505,37.0,4820.0,1.2,570.0,2,nao,veiculo,36,15300.0,0
E01506,46.0,2720.0,27.8,638.0,1,nao,veiculo,48,10100.0,0
E01507,18.0,1390.0,5.0,781.0,4,nao,pessoal,24,8200.0,0
E01508,39.0,2600.0,0.9,648.0,2,nao,pessoal,24,5800.0,0
E01509,64.0,2680.0,4.5,806.0,1,sim,educacao,24,11900.0,0
E01510,42.0,2640.0,10.3,633.0,2,nao,veiculo,24,15200.0,0
E01511,41.0,7520.0,5.2,751.0,1,nao,pessoal,60,22900.0,0
E01512,47.0,2030.0,3.9,580.0,0,nao,veiculo,12,2400.0,0
E01513,51.0,5030.0,1.8,652.0,1,nao,educacao,12,5900.0,0
E01514,18.0,4620.0,5.2,537.0,1,nao,reforma,36,12200.0,1
E01515,20.0,7470.0,7.6,550.0,1,sim,negocio,36,17100.0,0
E01516,43.0,3880.0,,615.0,0,nao,educacao,36,8700.0,0
E01517,31.0,6750.0,4.8,494.0,3,sim,pessoal,24,21400.0,0
E01518,56.0,3790.0,4.8,658.0,2,nao,pessoal,24,13100.0,0
E01519,36.0,5450.0,11.6,607.0,1,nao,veiculo,12,10700.0,0
E01520,18.0,1700.0,10.7,666.0,1,nao,veiculo,48,5000.0,1
E01521,25.0,1300.0,3.5,496.0,0,sim,veiculo,24,5300.0,1
E01522,18.0,5270.0,15.4,717.0,0,nao,reforma,60,18800.0,0
E01523,37.0,5440.0,1.0,827.0,1,sim,pessoal,36,25300.0,0
E01524,38.0,5590.0,5.0,804.0,1,sim,negocio,60,11200.0,0
E01525,35.0,3070.0,5.5,849.0,0,nao,veiculo,60,7900.0,0
E01526,53.0,10270.0,1.7,645.0,0,sim,reforma,36,36400.0,0
E01527,54.0,3190.0,0.7,601.0,0,nao,veiculo,48,17500.0,0
E01528,38.0,5410.0,1.8,694.0,1,nao,reforma,12,20900.0,0
E01529,18.0,6000.0,8.8,614.0,1,sim,negocio,12,12500.0,0
E01530,47.0,11780.0,9.0,449.0,0,nao,pessoal,48,8300.0,0
E01531,47.0,3470.0,7.3,730.0,3,nao,veiculo,12,11600.0,0
E01532,44.0,2840.0,2.1,614.0,0,nao,reforma,48,16300.0,0
E01533,52.0,1710.0,9.1,479.0,0,nao,negocio,24,7100.0,0
E01534,26.0,10660.0,2.2,584.0,2,nao,reforma,24,30200.0,0
E01535,64.0,5410.0,5.3,617.0,0,nao,pessoal,24,5000.0,0
E01536,28.0,5510.0,4.2,641.0,0,nao,reforma,60,6300.0,0
E01537,49.0,27250.0,2.9,643.0,1,sim,reforma,48,125100.0,0
E01538,20.0,5100.0,7.0,791.0,2,nao,pessoal,48,11400.0,0
E01539,29.0,1920.0,8.1,498.0,0,nao,reforma,48,4100.0,1
E01540,58.0,3730.0,1.9,623.0,0,nao,veiculo,48,6600.0,0
E01541,37.0,,4.4,543.0,1,sim,pessoal,24,12700.0,1
E01542,50.0,3310.0,7.8,778.0,2,sim,pessoal,60,7200.0,0
E01543,43.0,3300.0,0.1,578.0,1,sim,educacao,24,4900.0,0
E01544,39.0,2950.0,5.9,602.0,0,nao,pessoal,36,7400.0,0
E01545,56.0,1820.0,7.9,755.0,1,sim,pessoal,48,8000.0,0
E01546,37.0,10920.0,6.1,786.0,0,nao,reforma,60,30300.0,0
E01547,19.0,5020.0,6.4,802.0,2,nao,pessoal,36,23600.0,0
E01548,30.0,3670.0,3.9,459.0,1,sim,pessoal,36,15600.0,1
E01549,47.0,6620.0,7.5,693.0,1,nao,negocio,24,16300.0,1
E01550,45.0,5570.0,1.1,670.0,2,sim,veiculo,12,29600.0,0
E01551,21.0,4960.0,1.8,634.0,1,nao,pessoal,36,4500.0,1
E01552,31.0,6330.0,6.3,647.0,1,sim,pessoal,36,28800.0,0
E01553,33.0,4550.0,7.5,781.0,0,nao,pessoal,36,15000.0,0
E01554,36.0,6280.0,,754.0,0,sim,reforma,12,14200.0,0
E01555,23.0,6600.0,13.8,739.0,1,nao,veiculo,36,18100.0,0
E01556,32.0,4630.0,2.1,663.0,2,sim,pessoal,12,17300.0,0
E01557,31.0,3680.0,1.4,890.0,1,nao,negocio,36,7400.0,1
E01558,49.0,,8.7,596.0,2,sim,reforma,48,40400.0,0
E01559,50.0,3150.0,2.8,462.0,1,sim,educacao,24,10800.0,1
E01560,38.0,5310.0,4.0,611.0,0,nao,reforma,60,25100.0,0
E01561,35.0,5380.0,8.0,646.0,1,sim,negocio,48,8000.0,0
E01562,42.0,2910.0,5.0,783.0,1,nao,pessoal,24,7200.0,0
E01563,30.0,2590.0,7.3,584.0,0,nao,pessoal,24,8600.0,0
E01564,26.0,3400.0,1.9,694.0,0,nao,pessoal,12,15300.0,0
E01565,29.0,3130.0,5.5,478.0,1,sim,pessoal,60,7300.0,0
E01566,32.0,1750.0,5.4,759.0,2,nao,negocio,12,3800.0,0
E01567,26.0,2840.0,10.2,648.0,3,nao,reforma,36,15400.0,0
E01568,42.0,4930.0,12.0,609.0,1,nao,pessoal,48,5400.0,0
E01569,49.0,8980.0,2.7,874.0,0,nao,pessoal,24,40400.0,0
E01570,21.0,5860.0,1.5,758.0,1,nao,reforma,24,28900.0,0
E01571,40.0,1300.0,7.7,526.0,0,nao,veiculo,24,2500.0,0
E01572,37.0,6170.0,0.6,628.0,0,sim,educacao,48,17900.0,0
E01573,44.0,3000.0,8.1,941.0,0,nao,negocio,60,10100.0,0
E01574,40.0,5510.0,8.6,858.0,1,nao,educacao,60,26100.0,0
E01575,23.0,4160.0,2.5,742.0,2,nao,pessoal,12,22100.0,1
E01576,25.0,3740.0,0.1,437.0,0,nao,reforma,36,9900.0,0
E01577,40.0,3950.0,9.3,787.0,1,sim,veiculo,36,9500.0,0
E01578,52.0,4140.0,12.6,570.0,0,sim,educacao,60,10100.0,0
E01579,18.0,9410.0,12.0,786.0,1,sim,pessoal,36,14800.0,0
E01580,44.0,4150.0,12.3,561.0,2,nao,reforma,36,3300.0,0
E01581,54.0,8060.0,1.0,694.0,0,nao,veiculo,24,43400.0,0
E01582,38.0,7380.0,4.5,570.0,0,sim,veiculo,60,16400.0,0
E01583,47.0,6270.0,5.4,600.0,0,nao,pessoal,36,3500.0,0
E01584,32.0,1440.0,4.7,708.0,1,sim,pessoal,12,1900.0,0
E01585,39.0,8210.0,7.4,495.0,0,nao,educacao,60,46700.0,0
E01586,21.0,3190.0,1.4,901.0,0,sim,pessoal,36,2700.0,0
E01587,18.0,6450.0,0.6,527.0,0,sim,veiculo,24,27800.0,0
E01588,51.0,2340.0,0.4,521.0,1,nao,veiculo,36,11200.0,1
E01589,28.0,2060.0,9.5,709.0,2,sim,pessoal,24,9500.0,0
E01590,35.0,13750.0,1.0,782.0,1,nao,reforma,36,32100.0,0
E01591,23.0,2370.0,4.7,604.0,1,sim,pessoal,36,9500.0,0
E01592,23.0,8350.0,2.4,522.0,1,nao,veiculo,60,17100.0,0
E01593,38.0,4510.0,2.5,539.0,2,sim,pessoal,12,12600.0,0
E01594,31.0,3260.0,3.6,527.0,1,sim,veiculo,36,16500.0,0
E01595,45.0,4090.0,2.6,674.0,0,nao,veiculo,24,15700.0,0
E01596,45.0,1920.0,0.6,632.0,0,sim,negocio,12,5900.0,0
E01597,44.0,4170.0,3.6,687.0,2,nao,pessoal,48,17800.0,0
E01598,43.0,2190.0,1.9,680.0,3,nao,pessoal,48,10000.0,0
E01599,59.0,3310.0,1.8,731.0,1,sim,pessoal,60,18600.0,0
E01600,27.0,7320.0,15.3,595.0,0,nao,pessoal,36,34600.0,1
E01601,39.0,4890.0,0.8,559.0,1,nao,veiculo,24,15300.0,1
E01602,54.0,1730.0,3.4,657.0,4,nao,negocio,24,2900.0,0
E01603,55.0,7000.0,5.1,634.0,1,nao,veiculo,36,21600.0,0
E01604,23.0,4180.0,15.3,668.0,1,nao,pessoal,36,12200.0,0
E01605,36.0,3030.0,1.3,562.0,2,sim,negocio,12,11500.0,0
E01606,56.0,6570.0,11.5,711.0,1,nao,reforma,60,25900.0,0
E01607,46.0,3800.0,3.5,510.0,0,nao,veiculo,60,6400.0,0
E01608,42.0,,3.7,592.0,1,nao,reforma,48,10300.0,0
E01609,37.0,12730.0,7.0,764.0,1,nao,reforma,24,35300.0,1
E01610,35.0,4160.0,12.9,516.0,0,sim,negocio,24,20100.0,0
E01611,43.0,4000.0,2.6,756.0,2,nao,pessoal,48,2300.0,0
E01612,37.0,3290.0,5.4,485.0,0,nao,veiculo,24,15600.0,1
E01613,39.0,8530.0,4.8,466.0,3,sim,reforma,24,30000.0,1
E01614,41.0,3070.0,4.6,476.0,3,nao,negocio,36,8700.0,1
E01615,32.0,1660.0,8.0,653.0,1,sim,reforma,12,2100.0,0
E01616,46.0,2800.0,2.1,720.0,2,nao,pessoal,12,15100.0,1
E01617,75.0,9310.0,3.0,782.0,2,sim,negocio,12,7400.0,0
E01618,19.0,6920.0,0.6,773.0,0,nao,veiculo,24,7800.0,0
E01619,44.0,3600.0,6.6,735.0,1,sim,veiculo,36,18600.0,0
E01620,31.0,9570.0,4.4,549.0,0,nao,pessoal,48,41000.0,0
E01621,47.0,6580.0,12.6,548.0,1,nao,educacao,24,33800.0,1
E01622,41.0,,1.2,727.0,0,nao,veiculo,24,20900.0,0
E01623,49.0,3800.0,16.8,796.0,1,nao,negocio,12,9000.0,0
E01624,54.0,5120.0,7.5,527.0,1,nao,veiculo,36,25300.0,0
E01625,42.0,2550.0,7.3,782.0,1,sim,pessoal,12,1800.0,0
E01626,54.0,4210.0,2.3,429.0,1,nao,educacao,24,23200.0,0
E01627,18.0,5050.0,3.3,683.0,1,nao,pessoal,48,20200.0,0
E01628,59.0,1530.0,2.8,629.0,0,nao,pessoal,60,8400.0,1
E01629,45.0,3750.0,11.0,618.0,1,nao,negocio,24,13500.0,0
E01630,53.0,3500.0,0.5,643.0,1,nao,negocio,24,13900.0,0
E01631,25.0,7780.0,3.7,546.0,1,sim,educacao,48,43700.0,1
E01632,30.0,1390.0,4.0,689.0,1,nao,pessoal,36,3000.0,0
E01633,42.0,3340.0,2.7,647.0,2,nao,reforma,24,8000.0,1
E01634,40.0,3150.0,1.6,743.0,0,sim,veiculo,60,16300.0,0
E01635,43.0,7470.0,3.8,815.0,1,nao,veiculo,36,43400.0,0
E01636,53.0,4090.0,6.6,654.0,1,nao,veiculo,60,17100.0,1
E01637,19.0,12340.0,4.4,550.0,2,nao,veiculo,60,35400.0,1
E01638,52.0,6250.0,1.6,515.0,2,sim,pessoal,60,6900.0,1
E01639,40.0,3280.0,4.0,827.0,0,nao,veiculo,12,12600.0,0
E01640,38.0,4850.0,12.8,813.0,1,sim,pessoal,24,24400.0,0
E01641,22.0,3400.0,2.2,738.0,0,sim,educacao,24,3800.0,0
E01642,46.0,7030.0,5.0,647.0,1,nao,negocio,48,14800.0,0
E01643,18.0,1890.0,5.6,730.0,2,nao,veiculo,24,2000.0,1
E01644,48.0,2560.0,0.9,783.0,2,nao,negocio,24,6100.0,0
E01645,22.0,5520.0,3.1,572.0,0,nao,educacao,24,20300.0,0
E01646,41.0,8760.0,3.2,643.0,1,sim,educacao,24,10600.0,1
E01647,39.0,1300.0,,518.0,0,nao,negocio,48,4000.0,1
E01648,54.0,9580.0,10.7,626.0,1,sim,pessoal,60,5500.0,0
E01649,38.0,3860.0,1.2,810.0,0,sim,educacao,24,19400.0,0
E01650,32.0,1360.0,11.2,759.0,0,sim,pessoal,12,5700.0,0
E01651,34.0,1300.0,7.0,655.0,0,nao,negocio,48,5300.0,0
E01652,55.0,1680.0,17.1,344.0,1,nao,veiculo,36,8700.0,1
E01653,46.0,4150.0,24.1,568.0,0,nao,reforma,24,5200.0,1
E01654,35.0,4040.0,0.9,651.0,4,nao,pessoal,24,23500.0,1
E01655,37.0,6140.0,1.8,616.0,1,sim,pessoal,36,4700.0,1
E01656,21.0,3020.0,1.8,644.0,2,sim,pessoal,12,8900.0,0
E01657,45.0,2160.0,6.7,667.0,0,nao,pessoal,36,1100.0,0
E01658,19.0,3280.0,,581.0,2,nao,veiculo,60,18300.0,1
E01659,49.0,4290.0,2.1,639.0,2,nao,pessoal,60,13400.0,0
E01660,42.0,4820.0,0.2,624.0,1,sim,negocio,48,9700.0,0
E01661,69.0,2620.0,9.2,563.0,1,nao,educacao,24,7700.0,0
E01662,27.0,7210.0,3.9,843.0,2,nao,veiculo,60,41300.0,0
E01663,39.0,2890.0,2.0,588.0,0,nao,negocio,36,5100.0,0
E01664,62.0,2490.0,2.3,392.0,3,sim,veiculo,36,6000.0,1
E01665,54.0,3030.0,3.1,836.0,1,sim,negocio,24,1700.0,0
E01666,32.0,8000.0,1.8,547.0,1,nao,reforma,48,13700.0,0
E01667,43.0,3880.0,8.1,739.0,0,sim,reforma,48,20800.0,0
E01668,40.0,2770.0,2.8,565.0,1,nao,pessoal,36,8700.0,1
E01669,43.0,7320.0,7.2,703.0,1,nao,educacao,24,7600.0,0
E01670,32.0,15190.0,2.3,635.0,2,nao,educacao,24,77100.0,0
E01671,39.0,4760.0,4.9,750.0,0,sim,pessoal,36,24500.0,0
E01672,21.0,8810.0,4.9,616.0,0,nao,pessoal,24,51800.0,0
E01673,42.0,7820.0,4.2,568.0,3,sim,negocio,36,6500.0,0
E01674,45.0,2920.0,11.5,668.0,1,nao,negocio,12,8500.0,0
E01675,37.0,4270.0,12.4,598.0,0,sim,reforma,48,22900.0,0
E01676,21.0,1950.0,7.7,428.0,1,sim,pessoal,24,2300.0,1
E01677,52.0,3710.0,9.8,574.0,1,nao,veiculo,24,9300.0,0
E01678,44.0,2880.0,7.4,956.0,1,sim,pessoal,60,15800.0,0
E01679,31.0,3300.0,2.6,440.0,0,nao,educacao,24,3300.0,1
E01680,37.0,2680.0,3.6,667.0,0,nao,pessoal,36,12000.0,0
E01681,22.0,3540.0,,613.0,1,nao,pessoal,24,20300.0,0
E01682,28.0,5780.0,1.5,842.0,1,nao,veiculo,48,22000.0,0
E01683,34.0,3910.0,,518.0,0,sim,reforma,24,20900.0,0
E01684,55.0,1370.0,2.0,651.0,1,nao,negocio,36,6700.0,1
E01685,32.0,2680.0,5.2,715.0,2,sim,veiculo,36,13200.0,0
E01686,48.0,1690.0,2.5,620.0,1,nao,pessoal,36,6700.0,0
E01687,34.0,4860.0,8.4,556.0,5,nao,pessoal,36,4300.0,0
E01688,43.0,5680.0,1.6,638.0,0,nao,reforma,24,15300.0,0
E01689,38.0,4900.0,6.9,606.0,2,sim,pessoal,36,24900.0,0
E01690,50.0,2620.0,1.4,606.0,1,sim,reforma,36,4200.0,0
E01691,34.0,4870.0,10.9,742.0,0,nao,veiculo,48,10500.0,0
E01692,21.0,3170.0,1.6,684.0,1,nao,veiculo,36,10500.0,0
E01693,23.0,2120.0,,701.0,1,nao,pessoal,60,6000.0,1
E01694,34.0,6560.0,2.1,676.0,2,sim,negocio,36,32800.0,0
E01695,25.0,6860.0,13.8,746.0,0,nao,reforma,48,40200.0,0
E01696,45.0,7420.0,13.3,783.0,0,nao,veiculo,36,8100.0,0
E01697,34.0,2920.0,5.9,608.0,2,sim,veiculo,24,1800.0,1
E01698,68.0,8520.0,5.8,730.0,2,nao,veiculo,36,40500.0,0
E01699,19.0,3120.0,7.9,497.0,0,nao,veiculo,36,2800.0,0
E01700,42.0,6220.0,6.8,392.0,2,nao,negocio,24,11300.0,1
E01701,26.0,3090.0,8.8,841.0,1,sim,veiculo,48,7500.0,0
E01702,34.0,3670.0,1.5,603.0,2,sim,pessoal,24,7900.0,0
E01703,42.0,,4.2,668.0,2,sim,negocio,36,5300.0,0
E01704,18.0,3500.0,2.2,505.0,2,nao,veiculo,24,7100.0,0
E01705,43.0,4440.0,13.2,500.0,0,nao,pessoal,36,17100.0,0
E01706,63.0,3280.0,1.1,562.0,0,nao,pessoal,24,14200.0,0
E01707,35.0,,15.0,711.0,2,nao,veiculo,24,7500.0,0
E01708,43.0,2090.0,4.3,583.0,1,sim,reforma,36,5300.0,1
E01709,52.0,2990.0,8.9,603.0,0,nao,negocio,24,2300.0,0
E01710,38.0,2440.0,2.5,558.0,0,sim,pessoal,24,11500.0,0
E01711,33.0,2990.0,0.9,768.0,0,sim,veiculo,24,2500.0,0
E01712,18.0,,12.8,736.0,1,nao,pessoal,24,40900.0,0
E01713,48.0,10200.0,6.4,587.0,0,nao,veiculo,24,52600.0,1
E01714,39.0,2760.0,1.2,715.0,2,nao,educacao,48,9200.0,0
E01715,28.0,2720.0,3.8,613.0,0,sim,pessoal,24,15500.0,0
E01716,42.0,2100.0,3.5,603.0,2,nao,negocio,36,5300.0,0
E01717,33.0,9200.0,6.2,635.0,0,nao,pessoal,36,19900.0,0
E01718,34.0,8230.0,1.5,711.0,4,nao,educacao,24,9300.0,0
E01719,47.0,3940.0,1.1,542.0,0,nao,reforma,24,17700.0,1
E01720,24.0,1820.0,4.7,695.0,2,sim,veiculo,12,5200.0,0
E01721,53.0,1920.0,1.6,915.0,0,sim,educacao,12,11300.0,0
E01722,23.0,4650.0,13.1,660.0,0,nao,reforma,24,24600.0,0
E01723,32.0,5840.0,8.2,644.0,4,sim,educacao,48,19400.0,1
E01724,63.0,1300.0,8.0,631.0,1,nao,veiculo,24,3900.0,0
E01725,54.0,3460.0,0.3,693.0,0,nao,reforma,36,6200.0,0
E01726,41.0,11090.0,2.6,463.0,4,nao,pessoal,12,14900.0,1
E01727,29.0,3690.0,3.2,827.0,0,nao,reforma,60,6800.0,0
E01728,34.0,10270.0,1.3,748.0,0,nao,negocio,24,36200.0,0
E01729,41.0,6200.0,6.8,569.0,1,nao,reforma,24,7900.0,1
E01730,40.0,2190.0,6.1,643.0,1,sim,educacao,24,11700.0,0
E01731,39.0,3520.0,7.8,579.0,2,sim,negocio,60,20500.0,1
E01732,40.0,3890.0,9.6,673.0,1,sim,pessoal,36,7600.0,0
E01733,37.0,2370.0,9.3,647.0,2,sim,reforma,12,9600.0,0
E01734,23.0,2350.0,25.5,665.0,2,nao,negocio,24,6500.0,0
E01735,34.0,10370.0,4.1,527.0,3,nao,pessoal,48,35000.0,1
E01736,51.0,,3.5,587.0,1,nao,pessoal,48,11100.0,0
E01737,24.0,8020.0,6.8,766.0,0,sim,pessoal,12,30900.0,0
E01738,38.0,3230.0,11.0,581.0,2,sim,negocio,24,13400.0,1
E01739,30.0,4140.0,0.6,349.0,2,nao,negocio,12,5400.0,1
E01740,41.0,,1.9,623.0,1,sim,negocio,12,10700.0,1
E01741,35.0,2930.0,2.4,905.0,1,nao,veiculo,12,15400.0,0
E01742,58.0,5910.0,4.5,733.0,0,nao,reforma,24,34500.0,0
E01743,46.0,1300.0,2.6,576.0,1,nao,pessoal,12,4600.0,1
E01744,24.0,5470.0,9.7,634.0,0,sim,negocio,48,9000.0,0
E01745,48.0,1300.0,5.0,715.0,0,sim,negocio,24,4300.0,0
E01746,31.0,3670.0,3.8,447.0,0,nao,veiculo,24,11400.0,0
E01747,33.0,7010.0,6.2,546.0,1,nao,pessoal,60,29100.0,0
E01748,44.0,6100.0,0.4,684.0,0,nao,negocio,24,14000.0,0
E01749,34.0,1930.0,5.9,815.0,4,sim,negocio,12,10300.0,0
E01750,51.0,2080.0,1.7,592.0,1,nao,negocio,24,12200.0,1
E01751,31.0,2780.0,8.4,812.0,0,nao,veiculo,36,15300.0,1
E01752,33.0,4700.0,0.5,557.0,3,sim,pessoal,36,27900.0,1
E01753,32.0,1300.0,6.5,300.0,0,nao,veiculo,36,1600.0,1
E01754,33.0,4170.0,1.7,722.0,0,nao,veiculo,24,7900.0,0
E01755,53.0,5060.0,11.2,699.0,1,sim,negocio,36,23800.0,0
E01756,48.0,3540.0,0.7,721.0,2,sim,pessoal,60,10900.0,0
E01757,61.0,5760.0,4.3,717.0,1,sim,reforma,24,33300.0,0
E01758,67.0,4800.0,7.5,661.0,1,nao,negocio,36,6300.0,0
E01759,28.0,3030.0,5.6,612.0,2,nao,pessoal,48,6600.0,0
E01760,41.0,1310.0,5.6,616.0,0,nao,veiculo,24,5300.0,0
E01761,26.0,4550.0,1.0,589.0,1,nao,educacao,12,12500.0,0
E01762,31.0,2370.0,1.0,596.0,1,sim,veiculo,24,5900.0,0
E01763,32.0,2970.0,5.4,441.0,0,sim,veiculo,36,10500.0,0
E01764,27.0,5600.0,4.7,506.0,1,nao,educacao,60,27600.0,1
E01765,27.0,9830.0,1.4,622.0,0,nao,pessoal,60,28300.0,0
E01766,38.0,4110.0,1.3,394.0,2,nao,reforma,48,2800.0,1
E01767,25.0,5860.0,3.8,419.0,0,sim,negocio,24,28100.0,1
E01768,50.0,1770.0,2.9,603.0,0,nao,pessoal,24,7900.0,0
E01769,29.0,4870.0,16.7,626.0,0,sim,pessoal,24,16000.0,0
E01770,74.0,4050.0,11.7,606.0,2,nao,pessoal,24,15500.0,1
E01771,35.0,8780.0,8.2,378.0,0,sim,reforma,60,22200.0,0
E01772,41.0,3040.0,12.8,811.0,2,sim,veiculo,12,3300.0,0
E01773,24.0,3630.0,2.2,482.0,1,nao,veiculo,36,17700.0,1
E01774,60.0,7930.0,2.5,550.0,0,nao,reforma,24,21100.0,0
E01775,53.0,3970.0,,501.0,2,sim,veiculo,48,23500.0,0
E01776,44.0,2160.0,4.3,783.0,2,sim,reforma,36,12700.0,1
E01777,24.0,19420.0,4.6,686.0,3,nao,negocio,12,43800.0,1
E01778,43.0,2200.0,1.2,588.0,0,nao,veiculo,36,3500.0,1
E01779,27.0,4040.0,10.0,580.0,1,sim,negocio,36,18900.0,1
E01780,58.0,5170.0,,660.0,2,sim,veiculo,36,24300.0,0
E01781,50.0,4930.0,3.2,503.0,3,nao,veiculo,12,3300.0,0
E01782,41.0,3750.0,2.6,682.0,1,sim,pessoal,36,13000.0,0
E01783,18.0,3760.0,11.3,580.0,0,sim,reforma,36,7700.0,0
E01784,28.0,3650.0,2.2,697.0,2,sim,reforma,12,2800.0,0
E01785,48.0,2150.0,0.8,693.0,3,nao,educacao,36,6200.0,1
E01786,55.0,15260.0,11.8,575.0,0,nao,veiculo,60,18800.0,0
E01787,53.0,3680.0,12.0,414.0,2,nao,negocio,12,7600.0,1
E01788,21.0,6010.0,2.2,613.0,1,nao,pessoal,24,21700.0,0
E01789,44.0,3440.0,19.1,481.0,5,nao,reforma,24,6400.0,1
E01790,52.0,3390.0,3.9,649.0,1,sim,veiculo,36,8500.0,1
E01791,20.0,3200.0,2.2,612.0,1,nao,pessoal,48,14100.0,1
E01792,40.0,1660.0,6.6,575.0,1,sim,veiculo,36,8200.0,0
E01793,43.0,3810.0,1.0,497.0,0,nao,pessoal,36,11500.0,1
E01794,36.0,3290.0,1.6,771.0,4,sim,pessoal,60,12300.0,0
E01795,18.0,8480.0,5.4,590.0,0,nao,veiculo,24,19600.0,0
E01796,36.0,2050.0,4.6,899.0,2,nao,negocio,48,11000.0,0
E01797,36.0,2970.0,8.8,644.0,0,nao,negocio,48,2800.0,0
E01798,38.0,2450.0,,679.0,0,nao,negocio,12,2500.0,0
E01799,33.0,9980.0,16.7,644.0,1,nao,pessoal,12,7100.0,0
E01800,35.0,2490.0,2.9,678.0,0,nao,pessoal,60,2600.0,0
E01801,40.0,5890.0,4.5,760.0,1,sim,pessoal,24,23300.0,0
E01802,45.0,7520.0,2.7,761.0,1,nao,reforma,36,45100.0,0
E01803,36.0,3850.0,1.0,446.0,0,sim,negocio,12,14700.0,0
E01804,35.0,1840.0,4.1,734.0,0,nao,veiculo,48,3500.0,0
E01805,41.0,1850.0,7.4,695.0,1,sim,veiculo,24,9200.0,0
E01806,18.0,,3.5,644.0,1,nao,pessoal,36,17200.0,0
E01807,46.0,1970.0,1.8,828.0,1,nao,reforma,12,7400.0,0
E01808,40.0,5310.0,9.1,833.0,2,sim,negocio,12,15500.0,0
E01809,40.0,4500.0,9.3,740.0,1,nao,reforma,48,14900.0,0
E01810,52.0,5270.0,3.4,580.0,2,nao,reforma,36,5700.0,0
E01811,18.0,,5.7,509.0,1,nao,veiculo,48,31300.0,0
E01812,18.0,2400.0,9.0,723.0,2,sim,veiculo,24,5200.0,0
E01813,43.0,2340.0,7.3,790.0,0,nao,veiculo,24,8900.0,0
E01814,40.0,6450.0,5.6,417.0,0,sim,educacao,60,3500.0,0
E01815,42.0,2880.0,7.1,759.0,0,nao,reforma,36,8700.0,0
E01816,34.0,1300.0,6.1,612.0,1,nao,pessoal,36,6100.0,0
E01817,48.0,6200.0,4.3,441.0,0,sim,veiculo,24,24000.0,0
E01818,51.0,2260.0,1.2,692.0,0,sim,pessoal,36,5100.0,1
E01819,46.0,5560.0,1.5,740.0,0,sim,pessoal,48,22700.0,0
E01820,37.0,9690.0,6.3,601.0,1,sim,pessoal,24,47200.0,0
E01821,18.0,4240.0,2.7,524.0,0,sim,negocio,24,5800.0,0
E01822,49.0,7630.0,6.1,828.0,0,nao,pessoal,12,6600.0,0
E01823,55.0,4610.0,1.1,566.0,2,nao,negocio,60,14000.0,0
E01824,48.0,10890.0,2.0,768.0,0,nao,pessoal,60,31600.0,1
E01825,29.0,2220.0,3.5,474.0,0,nao,veiculo,12,1700.0,1
E01826,48.0,4180.0,0.2,686.0,1,nao,educacao,48,17700.0,0
E01827,50.0,6290.0,1.7,683.0,1,sim,pessoal,36,23300.0,1
E01828,59.0,3750.0,2.3,736.0,0,nao,negocio,60,8300.0,0
E01829,29.0,8380.0,4.9,804.0,1,nao,reforma,36,17000.0,0
E01830,37.0,3240.0,,551.0,0,sim,pessoal,24,6800.0,1
E01831,49.0,14540.0,5.2,697.0,1,sim,negocio,60,16300.0,0
E01832,41.0,15010.0,4.4,490.0,2,nao,pessoal,60,84100.0,1
E01833,27.0,4970.0,3.2,488.0,0,sim,pessoal,36,4100.0,1
E01834,45.0,5850.0,2.3,576.0,0,sim,negocio,24,4300.0,1
E01835,47.0,,4.6,685.0,1,nao,pessoal,48,41300.0,0
E01836,41.0,2060.0,11.0,824.0,2,nao,reforma,12,6200.0,0
E01837,43.0,1910.0,2.3,844.0,1,nao,pessoal,48,9500.0,0
E01838,37.0,8930.0,16.3,601.0,0,nao,negocio,60,29500.0,0
E01839,58.0,4950.0,4.6,674.0,3,sim,veiculo,24,26900.0,0
E01840,29.0,3670.0,8.5,744.0,0,nao,pessoal,12,8900.0,0
E01841,33.0,4230.0,5.8,724.0,3,nao,negocio,12,15700.0,0
E01842,40.0,1300.0,6.5,621.0,1,nao,reforma,60,2200.0,0
E01843,51.0,,1.7,648.0,0,nao,educacao,48,11100.0,1
E01844,22.0,2670.0,2.7,628.0,1,nao,veiculo,24,3300.0,0
E01845,24.0,7290.0,3.5,617.0,0,nao,reforma,60,23600.0,0
E01846,18.0,7630.0,7.0,602.0,0,nao,pessoal,60,23100.0,0
E01847,40.0,5940.0,3.5,627.0,1,sim,veiculo,60,3800.0,0
E01848,27.0,5320.0,8.9,595.0,2,sim,veiculo,36,5300.0,0
E01849,35.0,1710.0,2.9,515.0,1,nao,veiculo,48,6200.0,1
E01850,48.0,5990.0,2.1,735.0,1,sim,pessoal,12,26600.0,0
E01851,32.0,6130.0,2.6,697.0,2,sim,educacao,24,25400.0,1
E01852,43.0,8870.0,7.6,846.0,0,sim,pessoal,36,39600.0,0
E01853,36.0,14970.0,13.7,681.0,1,nao,veiculo,12,46900.0,0
E01854,48.0,1520.0,17.5,594.0,1,nao,reforma,12,3600.0,0
E01855,46.0,3330.0,6.9,571.0,1,sim,pessoal,12,14200.0,0
E01856,32.0,2690.0,8.5,645.0,1,nao,pessoal,36,5300.0,1
E01857,38.0,4660.0,0.8,701.0,2,sim,pessoal,36,18500.0,1
E01858,53.0,4230.0,1.1,613.0,0,nao,pessoal,60,4200.0,1
E01859,45.0,3650.0,1.8,478.0,1,sim,educacao,24,12600.0,0
E01860,23.0,7780.0,11.5,559.0,1,nao,veiculo,36,34700.0,1
E01861,48.0,2170.0,11.4,642.0,2,nao,veiculo,48,4900.0,0
E01862,27.0,2250.0,20.3,721.0,1,nao,pessoal,48,12500.0,0
E01863,57.0,2270.0,1.7,477.0,0,nao,veiculo,24,2000.0,1
E01864,52.0,3380.0,3.9,669.0,3,sim,pessoal,48,6600.0,0
E01865,43.0,2010.0,0.6,664.0,0,sim,pessoal,60,8500.0,0
E01866,42.0,4080.0,0.9,590.0,1,sim,veiculo,48,20600.0,0
E01867,37.0,3800.0,3.2,575.0,3,nao,reforma,24,4300.0,0
E01868,48.0,2620.0,1.8,559.0,2,nao,pessoal,48,2700.0,1
E01869,36.0,,1.9,655.0,0,sim,pessoal,48,21700.0,0
E01870,43.0,4050.0,2.4,764.0,2,nao,reforma,24,9700.0,0
E01871,50.0,7950.0,12.5,772.0,1,nao,pessoal,36,28000.0,0
E01872,33.0,3740.0,9.8,516.0,3,nao,pessoal,12,19200.0,1
E01873,33.0,4140.0,1.5,619.0,1,nao,negocio,24,8600.0,0
E01874,26.0,3000.0,9.6,399.0,3,nao,pessoal,12,1700.0,1
E01875,27.0,4180.0,2.0,652.0,0,nao,reforma,12,17500.0,1
E01876,18.0,6440.0,0.8,706.0,0,sim,educacao,12,23200.0,0
E01877,49.0,3280.0,2.3,813.0,1,nao,pessoal,60,10900.0,0
E01878,62.0,5730.0,5.4,443.0,0,nao,veiculo,24,27600.0,0
E01879,57.0,2580.0,1.7,520.0,1,sim,veiculo,12,13400.0,1
E01880,20.0,6620.0,6.8,656.0,1,nao,pessoal,48,8600.0,0
E01881,49.0,,,462.0,0,nao,pessoal,36,15100.0,1
E01882,57.0,7000.0,5.7,659.0,0,nao,negocio,36,24300.0,1
E01883,35.0,4360.0,1.5,709.0,0,nao,pessoal,60,23100.0,1
E01884,41.0,10460.0,4.2,499.0,1,nao,educacao,36,37900.0,0
E01885,18.0,2100.0,1.8,655.0,2,nao,veiculo,36,11400.0,0
E01886,43.0,1730.0,3.3,507.0,2,sim,reforma,36,8800.0,1
E01887,27.0,2900.0,16.4,791.0,0,nao,veiculo,36,6600.0,0
E01888,42.0,1830.0,2.8,663.0,2,nao,veiculo,48,7400.0,0
E01889,21.0,1830.0,1.1,570.0,2,nao,veiculo,24,6600.0,1
E01890,47.0,6100.0,4.4,504.0,1,nao,veiculo,12,21000.0,1
E01891,52.0,4190.0,4.5,683.0,1,nao,educacao,24,4600.0,0
E01892,31.0,3150.0,4.5,789.0,2,sim,negocio,24,2000.0,0
E01893,26.0,3330.0,6.5,555.0,0,nao,pessoal,24,7900.0,1
E01894,18.0,2940.0,2.7,592.0,1,sim,pessoal,48,9500.0,0
E01895,37.0,11310.0,7.0,557.0,0,nao,educacao,48,40000.0,0
E01896,33.0,2700.0,4.1,811.0,0,nao,pessoal,24,9000.0,0
E01897,21.0,1900.0,1.0,430.0,0,nao,negocio,36,2500.0,1
E01898,45.0,6770.0,7.8,781.0,2,sim,pessoal,24,33800.0,0
E01899,35.0,3690.0,4.8,599.0,0,sim,pessoal,36,16500.0,0
E01900,27.0,14270.0,6.8,632.0,1,sim,pessoal,12,74900.0,0
E01901,33.0,3060.0,1.2,603.0,1,nao,pessoal,60,16400.0,0
E01902,53.0,6980.0,8.2,666.0,3,nao,reforma,12,35400.0,1
E01903,47.0,8040.0,19.6,560.0,1,nao,veiculo,48,33400.0,1
E01904,38.0,3070.0,1.1,756.0,4,nao,negocio,24,9000.0,0
E01905,47.0,2690.0,9.1,761.0,1,sim,veiculo,48,10700.0,0
E01906,26.0,6550.0,4.8,532.0,4,sim,reforma,24,12200.0,1
E01907,40.0,5930.0,4.1,713.0,2,nao,reforma,48,33000.0,0
E01908,42.0,1800.0,8.3,601.0,0,sim,pessoal,60,7200.0,0
E01909,34.0,2130.0,7.6,646.0,1,sim,negocio,60,8100.0,0
E01910,45.0,1300.0,10.9,808.0,3,sim,veiculo,60,4800.0,0
E01911,31.0,6000.0,1.2,566.0,1,nao,veiculo,24,25600.0,0
E01912,46.0,3590.0,11.2,742.0,1,sim,veiculo,24,15300.0,0
E01913,47.0,3810.0,5.6,690.0,2,nao,veiculo,60,2800.0,1
E01914,18.0,1520.0,0.6,619.0,5,nao,pessoal,60,4300.0,0
E01915,54.0,2170.0,2.8,680.0,1,nao,pessoal,36,12700.0,0
E01916,18.0,3150.0,4.9,667.0,0,sim,negocio,24,14700.0,0
E01917,33.0,2810.0,2.8,513.0,1,sim,educacao,12,4400.0,0
E01918,52.0,4510.0,3.7,573.0,0,nao,negocio,24,12900.0,0
E01919,36.0,5960.0,2.4,525.0,1,sim,reforma,36,18100.0,0
E01920,22.0,16390.0,27.1,610.0,0,nao,reforma,48,96400.0,0
E01921,27.0,4150.0,7.1,788.0,1,sim,negocio,24,23800.0,0
E01922,52.0,8200.0,4.4,704.0,1,nao,veiculo,24,7600.0,0
E01923,18.0,2550.0,1.5,482.0,2,nao,negocio,12,5000.0,0
E01924,54.0,1540.0,10.9,610.0,0,nao,veiculo,12,1400.0,0
E01925,39.0,3400.0,6.4,666.0,1,nao,veiculo,48,5300.0,0
E01926,26.0,1610.0,1.6,722.0,1,sim,veiculo,24,4800.0,0
E01927,33.0,,1.6,568.0,0,sim,pessoal,60,16100.0,0
E01928,28.0,2630.0,3.7,504.0,0,nao,pessoal,12,13100.0,0
E01929,50.0,1300.0,4.5,634.0,0,nao,negocio,48,1300.0,0
E01930,49.0,11900.0,7.0,703.0,0,sim,veiculo,12,24400.0,0
E01931,19.0,3040.0,4.0,666.0,0,nao,pessoal,36,11700.0,0
E01932,35.0,,7.5,543.0,2,sim,negocio,48,4800.0,1
E01933,30.0,7200.0,2.8,833.0,0,sim,negocio,24,15800.0,0
E01934,56.0,2710.0,4.0,629.0,0,nao,reforma,36,4000.0,0
E01935,24.0,8080.0,11.2,661.0,1,sim,pessoal,48,35500.0,0
E01936,59.0,2700.0,7.8,567.0,2,nao,pessoal,24,4800.0,0
E01937,40.0,3040.0,4.2,762.0,3,sim,negocio,36,13000.0,1
E01938,26.0,5170.0,5.5,703.0,0,nao,pessoal,36,28700.0,0
E01939,32.0,6000.0,,675.0,1,sim,pessoal,48,10100.0,1
E01940,30.0,6660.0,0.9,513.0,1,sim,pessoal,24,29800.0,0
E01941,25.0,,14.2,760.0,0,sim,reforma,36,19500.0,0
E01942,41.0,5770.0,1.7,723.0,2,nao,veiculo,60,23000.0,0
E01943,25.0,6570.0,3.0,752.0,0,nao,negocio,48,15000.0,1
E01944,18.0,4740.0,23.9,644.0,1,sim,educacao,12,8600.0,0
E01945,35.0,3860.0,1.4,632.0,0,nao,negocio,24,18600.0,0
E01946,18.0,1760.0,3.8,620.0,1,sim,pessoal,24,4000.0,0
E01947,31.0,6020.0,11.8,891.0,0,nao,veiculo,24,29700.0,0
E01948,29.0,4310.0,16.5,580.0,1,nao,reforma,24,22100.0,0
E01949,30.0,3280.0,6.3,510.0,2,nao,negocio,24,17300.0,1
E01950,64.0,9040.0,11.0,599.0,0,sim,pessoal,60,45100.0,0
E01951,41.0,1780.0,3.4,581.0,2,nao,pessoal,48,9700.0,1
E01952,43.0,11260.0,10.3,779.0,1,nao,reforma,12,63200.0,0
E01953,19.0,4140.0,4.1,491.0,0,sim,reforma,24,13300.0,0
E01954,32.0,5080.0,,578.0,1,nao,pessoal,36,10700.0,0
E01955,43.0,3310.0,2.8,661.0,1,nao,veiculo,24,5100.0,0
E01956,28.0,1540.0,7.4,780.0,2,nao,veiculo,12,4100.0,0
E01957,51.0,3860.0,7.3,718.0,0,nao,veiculo,60,7300.0,0
E01958,26.0,5130.0,4.2,818.0,2,nao,pessoal,48,26300.0,0
E01959,37.0,,6.1,678.0,3,nao,reforma,60,32300.0,1
E01960,33.0,3730.0,1.4,618.0,1,nao,pessoal,48,10900.0,1
E01961,42.0,1300.0,3.5,734.0,0,sim,pessoal,36,6400.0,0
E01962,32.0,,1.4,490.0,0,nao,veiculo,48,6700.0,0
E01963,37.0,14390.0,1.4,452.0,2,nao,pessoal,36,52700.0,1
E01964,37.0,2180.0,5.6,747.0,1,sim,reforma,24,10800.0,0
E01965,31.0,9890.0,4.4,663.0,1,sim,veiculo,12,48700.0,0
E01966,46.0,2400.0,2.8,746.0,0,sim,veiculo,36,11800.0,0
E01967,43.0,3760.0,3.3,546.0,1,sim,pessoal,24,13200.0,1
E01968,39.0,6110.0,6.0,781.0,2,nao,pessoal,48,13800.0,0
E01969,35.0,2570.0,,714.0,1,sim,reforma,36,7000.0,0
E01970,50.0,10920.0,6.5,637.0,0,nao,pessoal,60,46400.0,0
E01971,37.0,4400.0,0.6,663.0,0,nao,pessoal,24,24200.0,0
E01972,36.0,5540.0,0.2,678.0,2,nao,educacao,24,24800.0,0
E01973,41.0,3580.0,1.9,546.0,1,nao,pessoal,24,17400.0,1
E01974,60.0,6240.0,0.2,598.0,1,nao,veiculo,24,13100.0,0
E01975,24.0,10830.0,13.0,676.0,0,nao,pessoal,36,31500.0,0
E01976,49.0,3880.0,3.2,593.0,0,nao,pessoal,12,17900.0,0
E01977,18.0,,1.0,478.0,1,sim,negocio,48,62700.0,1
E01978,43.0,2910.0,3.2,672.0,1,nao,educacao,12,9700.0,0
E01979,59.0,6640.0,0.4,732.0,0,nao,pessoal,60,4000.0,0
E01980,46.0,,1.0,758.0,2,nao,pessoal,24,30200.0,0
E01981,42.0,2210.0,3.0,699.0,1,sim,veiculo,36,2300.0,0
E01982,33.0,4770.0,2.5,730.0,1,nao,reforma,60,16300.0,0
E01983,40.0,4220.0,3.0,749.0,1,nao,veiculo,48,13200.0,1
E01984,37.0,2520.0,6.2,649.0,2,nao,pessoal,24,14600.0,0
E01985,31.0,5210.0,9.0,407.0,1,sim,negocio,24,6200.0,1
E01986,37.0,4590.0,4.7,768.0,1,nao,educacao,12,19100.0,0
E01987,42.0,4020.0,9.4,542.0,3,sim,reforma,36,8900.0,1
E01988,31.0,4030.0,2.6,516.0,1,nao,negocio,36,11600.0,0
E01989,30.0,3980.0,10.4,519.0,0,sim,pessoal,60,11100.0,0
E01990,24.0,3370.0,4.7,913.0,2,nao,pessoal,24,8100.0,0
E01991,45.0,4570.0,8.4,688.0,1,nao,pessoal,12,24400.0,0
E01992,47.0,2850.0,2.6,525.0,0,sim,pessoal,24,12700.0,0
E01993,43.0,20680.0,4.5,565.0,1,sim,pessoal,60,112600.0,0
E01994,52.0,1800.0,18.1,640.0,0,nao,negocio,60,8900.0,0
E01995,41.0,2960.0,4.5,700.0,0,nao,negocio,24,8300.0,0
E01996,45.0,3100.0,8.9,671.0,1,nao,veiculo,36,2600.0,0
E01997,44.0,,9.8,538.0,2,nao,reforma,48,30600.0,0
E01998,39.0,1900.0,7.0,675.0,3,nao,pessoal,36,4600.0,0
E01999,34.0,5420.0,8.0,573.0,0,sim,pessoal,60,5700.0,0
E02000,67.0,4880.0,2.6,755.0,0,sim,veiculo,48,6600.0,0
E02001,35.0,5130.0,1.9,646.0,3,sim,reforma,48,3200.0,1
E02002,32.0,8820.0,1.5,556.0,2,sim,reforma,36,25700.0,1
E02003,45.0,8710.0,5.9,716.0,0,nao,reforma,24,12500.0,0
E02004,43.0,3200.0,4.4,682.0,0,sim,negocio,24,6400.0,0
E02005,23.0,4720.0,5.6,588.0,1,nao,pessoal,60,14800.0,0
E02006,53.0,1370.0,1.2,720.0,2,sim,pessoal,24,1900.0,0
E02007,39.0,4460.0,2.2,709.0,3,sim,pessoal,24,3800.0,0
E02008,27.0,2610.0,8.7,772.0,2,sim,negocio,48,12300.0,1
E02009,54.0,3760.0,5.0,718.0,1,sim,veiculo,12,20200.0,0
E02010,48.0,1530.0,4.8,616.0,0,sim,veiculo,48,3600.0,0
E02011,25.0,5350.0,3.5,454.0,1,nao,negocio,36,16300.0,1
E02012,61.0,1520.0,2.0,661.0,2,sim,veiculo,12,3200.0,1
E02013,48.0,4590.0,10.6,678.0,0,nao,pessoal,24,14000.0,0
E02014,40.0,2010.0,12.0,646.0,0,nao,pessoal,24,2000.0,0
E02015,59.0,2520.0,4.6,309.0,0,sim,veiculo,24,7600.0,1
E02016,42.0,8400.0,3.8,715.0,0,nao,reforma,24,25500.0,0
E02017,40.0,5980.0,12.6,540.0,1,nao,negocio,60,13100.0,0
E02018,32.0,8370.0,2.2,715.0,2,sim,pessoal,60,44100.0,0
E02019,47.0,10710.0,2.8,827.0,1,sim,reforma,24,30100.0,0
E02020,46.0,2640.0,8.4,612.0,0,nao,pessoal,36,3500.0,0
E02021,40.0,10320.0,2.8,688.0,0,sim,educacao,24,47800.0,0
E02022,31.0,1740.0,4.3,644.0,0,sim,pessoal,24,2300.0,0
E02023,42.0,6570.0,0.3,698.0,2,nao,pessoal,60,6400.0,0
E02024,39.0,3120.0,12.2,651.0,3,sim,veiculo,12,7900.0,0
E02025,24.0,2400.0,7.9,583.0,1,nao,negocio,60,11700.0,0
E02026,22.0,6070.0,10.1,540.0,1,nao,pessoal,24,34800.0,0
E02027,47.0,7400.0,1.7,815.0,0,nao,pessoal,36,30500.0,0
E02028,18.0,7270.0,14.2,688.0,3,sim,pessoal,60,39400.0,0
E02029,42.0,4780.0,4.0,731.0,0,nao,negocio,36,17300.0,0
E02030,34.0,,10.7,684.0,0,nao,veiculo,48,7000.0,0
E02031,56.0,5760.0,5.8,747.0,4,nao,negocio,12,20800.0,1
E02032,34.0,5040.0,8.2,541.0,1,nao,pessoal,36,22900.0,0
E02033,48.0,5810.0,6.2,649.0,0,nao,veiculo,24,5300.0,0
E02034,35.0,4750.0,2.7,696.0,1,nao,veiculo,24,13300.0,0
E02035,41.0,6960.0,0.7,782.0,2,nao,pessoal,24,6700.0,0
E02036,49.0,1580.0,11.4,934.0,2,nao,veiculo,36,4200.0,0
E02037,34.0,3880.0,8.9,685.0,2,sim,veiculo,36,13900.0,0
E02038,52.0,1830.0,11.4,567.0,0,sim,pessoal,12,8100.0,0
E02039,28.0,4960.0,0.9,508.0,0,nao,veiculo,48,12200.0,0
E02040,44.0,11250.0,2.9,540.0,0,nao,reforma,24,13200.0,0
E02041,51.0,3160.0,0.8,555.0,1,nao,veiculo,36,10200.0,0
E02042,48.0,4530.0,2.4,321.0,1,nao,veiculo,60,5500.0,1
E02043,63.0,6610.0,9.9,566.0,0,nao,negocio,24,6800.0,0
E02044,31.0,1300.0,8.1,719.0,1,sim,reforma,36,5900.0,0
E02045,23.0,3070.0,7.3,648.0,1,nao,reforma,60,11800.0,0
E02046,28.0,5230.0,2.9,612.0,0,sim,pessoal,36,17900.0,0
E02047,48.0,1300.0,0.1,462.0,4,nao,educacao,60,1800.0,1
E02048,46.0,2340.0,1.1,756.0,0,nao,pessoal,12,13000.0,0
E02049,41.0,8130.0,3.5,696.0,3,nao,pessoal,24,42500.0,0
E02050,27.0,7670.0,1.4,639.0,1,sim,veiculo,48,39400.0,1
E02051,49.0,5260.0,9.0,398.0,1,nao,negocio,36,4500.0,1
E02052,25.0,7130.0,14.5,586.0,1,nao,pessoal,24,6400.0,0
E02053,54.0,4780.0,5.8,688.0,1,sim,veiculo,24,14800.0,0
E02054,74.0,5860.0,0.9,637.0,0,nao,pessoal,48,12200.0,0
E02055,44.0,3480.0,11.7,661.0,1,sim,pessoal,48,8200.0,0
E02056,47.0,4500.0,4.8,715.0,0,sim,veiculo,36,19800.0,0
E02057,34.0,2870.0,4.2,657.0,3,nao,pessoal,60,16200.0,0
E02058,18.0,8960.0,6.8,711.0,1,sim,educacao,36,34200.0,0
E02059,33.0,10460.0,1.2,547.0,1,sim,pessoal,48,6900.0,0
E02060,27.0,9610.0,3.0,505.0,2,sim,veiculo,12,6900.0,0
E02061,23.0,3290.0,4.0,693.0,2,sim,pessoal,60,5800.0,0
E02062,61.0,2370.0,5.4,715.0,2,sim,pessoal,60,1300.0,0
E02063,43.0,9040.0,5.8,697.0,2,sim,veiculo,60,11400.0,1
E02064,45.0,5820.0,6.8,654.0,0,nao,pessoal,60,4600.0,0
E02065,36.0,5120.0,2.4,604.0,2,nao,pessoal,48,10400.0,0
E02066,38.0,,0.5,663.0,2,sim,pessoal,12,2200.0,1
E02067,52.0,5420.0,3.4,682.0,0,nao,pessoal,60,29900.0,0
E02068,40.0,2190.0,3.8,688.0,1,sim,educacao,24,7400.0,0
E02069,46.0,6140.0,0.5,927.0,1,sim,negocio,60,32200.0,0
E02070,38.0,9610.0,2.3,539.0,0,nao,pessoal,36,40700.0,0
E02071,36.0,11180.0,5.0,995.0,1,nao,pessoal,24,33900.0,0
E02072,23.0,6430.0,2.7,502.0,2,sim,pessoal,24,19700.0,1
E02073,18.0,1830.0,4.8,682.0,0,sim,reforma,24,8200.0,0
E02074,37.0,4730.0,2.6,509.0,0,nao,pessoal,48,10700.0,0
E02075,41.0,15160.0,7.2,674.0,1,nao,pessoal,48,51900.0,1
E02076,25.0,2490.0,1.6,748.0,0,nao,veiculo,24,2900.0,0
E02077,40.0,4050.0,4.3,644.0,0,nao,reforma,24,19500.0,0
E02078,41.0,,4.4,747.0,1,sim,veiculo,24,22600.0,0
E02079,18.0,6080.0,8.7,593.0,1,nao,reforma,24,9000.0,0
E02080,29.0,18600.0,3.1,415.0,1,nao,pessoal,36,85100.0,0
E02081,45.0,2710.0,14.4,709.0,0,nao,pessoal,36,2700.0,0
E02082,45.0,2320.0,14.0,643.0,1,sim,reforma,12,13300.0,0
E02083,26.0,8750.0,1.7,587.0,2,nao,reforma,48,37600.0,0
E02084,42.0,2050.0,4.2,595.0,2,sim,pessoal,60,9400.0,0
E02085,52.0,3730.0,1.1,685.0,1,sim,pessoal,48,3500.0,0
E02086,49.0,4040.0,6.3,550.0,0,sim,pessoal,12,14500.0,1
E02087,39.0,7820.0,2.6,681.0,1,sim,negocio,48,5200.0,1
E02088,34.0,6070.0,4.7,771.0,1,sim,pessoal,12,14000.0,0
E02089,32.0,5530.0,3.4,867.0,0,sim,negocio,12,24800.0,0
E02090,46.0,3300.0,26.4,794.0,2,nao,negocio,24,5600.0,0
E02091,42.0,8710.0,3.7,658.0,2,nao,veiculo,36,37800.0,1
E02092,48.0,47020.0,3.4,668.0,2,nao,negocio,48,165900.0,0
E02093,42.0,6360.0,9.1,596.0,2,nao,pessoal,48,35000.0,1
E02094,50.0,4460.0,10.2,589.0,1,sim,pessoal,24,14400.0,0
E02095,41.0,1930.0,5.3,736.0,2,nao,veiculo,36,4200.0,0
E02096,49.0,2870.0,10.4,606.0,0,nao,reforma,24,15200.0,0
E02097,50.0,3690.0,23.4,680.0,1,sim,negocio,60,11500.0,0
E02098,30.0,3050.0,3.2,534.0,3,nao,veiculo,24,6400.0,1
E02099,18.0,4160.0,1.2,791.0,0,nao,pessoal,24,11600.0,0
E02100,59.0,12210.0,5.9,605.0,1,nao,pessoal,60,35800.0,0
E02101,43.0,8880.0,9.7,760.0,0,nao,veiculo,24,15300.0,0
E02102,19.0,3820.0,13.5,563.0,0,nao,reforma,24,18700.0,0
E02103,31.0,,6.9,557.0,2,nao,veiculo,60,10200.0,0
E02104,49.0,9370.0,4.4,786.0,3,nao,negocio,12,27600.0,0
E02105,37.0,4080.0,2.0,571.0,0,sim,pessoal,12,2400.0,0
E02106,34.0,1490.0,11.4,468.0,0,sim,veiculo,36,1600.0,0
E02107,57.0,6440.0,5.5,526.0,2,sim,pessoal,24,21300.0,1
E02108,27.0,7770.0,0.5,734.0,0,nao,reforma,60,15000.0,0
E02109,30.0,1300.0,18.1,724.0,2,sim,educacao,48,3000.0,0
E02110,43.0,2560.0,,556.0,3,sim,veiculo,36,8800.0,1
E02111,45.0,3930.0,,571.0,3,sim,veiculo,12,16300.0,0
E02112,46.0,6530.0,5.2,714.0,0,nao,pessoal,24,10000.0,0
E02113,51.0,3080.0,0.6,785.0,0,nao,negocio,60,13200.0,0
E02114,42.0,2550.0,3.9,632.0,0,nao,reforma,24,2800.0,0
E02115,46.0,6500.0,3.2,701.0,1,sim,educacao,12,23400.0,0
E02116,37.0,,0.8,736.0,2,nao,pessoal,24,13300.0,0
E02117,41.0,5810.0,6.3,877.0,0,nao,pessoal,48,12200.0,0
E02118,41.0,2160.0,8.8,513.0,0,nao,veiculo,60,11000.0,0
E02119,43.0,1870.0,4.2,566.0,0,nao,veiculo,24,9000.0,1
E02120,49.0,6610.0,3.1,584.0,1,nao,veiculo,24,35400.0,1
E02121,47.0,4890.0,6.7,731.0,0,nao,pessoal,48,11600.0,0
E02122,41.0,7300.0,2.8,612.0,0,nao,veiculo,24,41100.0,0
E02123,30.0,3050.0,3.0,674.0,3,nao,veiculo,24,9600.0,0
E02124,41.0,2610.0,4.3,653.0,0,nao,pessoal,24,5800.0,0
E02125,40.0,9500.0,0.8,640.0,1,sim,reforma,24,37300.0,0
E02126,42.0,1680.0,0.3,652.0,0,sim,educacao,12,9000.0,0
E02127,66.0,8900.0,1.5,753.0,2,sim,pessoal,48,48000.0,1
E02128,34.0,9280.0,6.3,533.0,1,nao,negocio,24,17000.0,1
E02129,45.0,7040.0,2.9,624.0,0,nao,negocio,24,9400.0,0
E02130,53.0,2780.0,1.4,506.0,0,sim,veiculo,36,8200.0,0
E02131,41.0,2570.0,16.1,665.0,0,nao,educacao,48,14600.0,0
E02132,68.0,3700.0,3.1,618.0,2,nao,veiculo,36,21500.0,0
E02133,35.0,1930.0,4.3,758.0,2,sim,pessoal,24,3900.0,0
E02134,44.0,2360.0,11.3,639.0,0,nao,pessoal,12,2100.0,0
E02135,30.0,,4.9,591.0,0,nao,pessoal,36,27200.0,0
E02136,36.0,6200.0,6.7,613.0,1,sim,pessoal,36,11000.0,0
E02137,43.0,2240.0,1.9,830.0,0,nao,negocio,24,3700.0,0
E02138,50.0,6300.0,4.5,467.0,1,nao,negocio,36,28600.0,0
E02139,44.0,,14.6,571.0,1,nao,veiculo,48,8900.0,0
E02140,55.0,10390.0,6.0,644.0,2,sim,veiculo,12,50000.0,0
E02141,39.0,5910.0,5.3,570.0,0,sim,negocio,48,33100.0,0
E02142,36.0,7930.0,3.4,694.0,2,sim,reforma,36,10700.0,0
E02143,72.0,5590.0,1.0,634.0,1,nao,pessoal,24,19600.0,0
E02144,45.0,7560.0,10.4,668.0,0,sim,negocio,36,32900.0,0
E02145,31.0,1940.0,4.0,653.0,1,nao,veiculo,48,6700.0,0
E02146,32.0,3900.0,2.2,629.0,1,nao,pessoal,48,21500.0,0
E02147,29.0,4100.0,0.9,498.0,1,nao,pessoal,24,3600.0,1
E02148,51.0,3630.0,5.5,659.0,2,nao,educacao,36,21700.0,0
E02149,36.0,5480.0,,446.0,0,sim,pessoal,36,19600.0,0
E02150,42.0,6150.0,10.4,566.0,2,sim,negocio,24,10300.0,1
E02151,39.0,5310.0,2.3,694.0,1,sim,educacao,12,21100.0,0
E02152,49.0,3780.0,4.6,771.0,0,nao,pessoal,60,15700.0,0
E02153,30.0,2700.0,5.9,898.0,0,nao,pessoal,12,1400.0,0
E02154,27.0,8110.0,5.3,593.0,0,sim,veiculo,36,41400.0,0
E02155,43.0,5180.0,,545.0,1,nao,pessoal,24,4600.0,0
E02156,47.0,2280.0,2.5,697.0,0,sim,veiculo,48,3800.0,1
E02157,44.0,3740.0,4.3,846.0,2,nao,negocio,36,14100.0,0
E02158,30.0,1480.0,7.0,809.0,0,nao,reforma,24,7000.0,0
E02159,48.0,4290.0,13.6,526.0,0,sim,veiculo,24,17200.0,0
E02160,31.0,3730.0,8.3,625.0,1,nao,negocio,24,14600.0,1
E02161,34.0,2980.0,9.5,734.0,0,nao,negocio,36,9600.0,0
E02162,29.0,10870.0,,741.0,3,nao,negocio,36,36100.0,0
E02163,56.0,2100.0,6.0,705.0,1,nao,pessoal,48,6000.0,0
E02164,48.0,6420.0,,591.0,1,sim,pessoal,24,13000.0,0
E02165,47.0,15600.0,4.1,704.0,4,nao,reforma,48,38900.0,0
E02166,55.0,8020.0,6.0,742.0,1,nao,pessoal,24,42700.0,0
E02167,74.0,4120.0,0.7,537.0,1,sim,veiculo,60,10700.0,1
E02168,19.0,2130.0,7.5,786.0,0,nao,educacao,12,10000.0,0
E02169,31.0,1850.0,5.3,749.0,0,nao,negocio,48,7200.0,0
E02170,33.0,3280.0,7.1,558.0,1,sim,pessoal,24,5700.0,0
E02171,30.0,2780.0,3.3,742.0,1,nao,educacao,36,3700.0,0
E02172,27.0,2730.0,0.5,729.0,1,nao,veiculo,36,3200.0,0
E02173,36.0,3450.0,7.8,734.0,0,sim,reforma,36,11100.0,0
E02174,25.0,3950.0,,813.0,1,nao,pessoal,60,6400.0,0
E02175,44.0,5620.0,0.8,639.0,1,sim,pessoal,36,10800.0,0
E02176,41.0,2000.0,4.9,676.0,2,sim,educacao,24,10200.0,0
E02177,46.0,2790.0,14.9,350.0,1,nao,veiculo,24,8900.0,1
E02178,46.0,3820.0,,763.0,1,sim,educacao,12,8900.0,0
E02179,47.0,3740.0,2.2,752.0,0,nao,pessoal,24,5700.0,0
E02180,36.0,12640.0,8.1,789.0,0,sim,pessoal,24,36700.0,0
E02181,65.0,4830.0,3.6,537.0,1,sim,pessoal,36,9400.0,1
E02182,43.0,1600.0,7.8,746.0,1,nao,reforma,60,1100.0,0
E02183,18.0,5400.0,3.4,752.0,4,nao,reforma,24,28500.0,0
E02184,28.0,5830.0,2.9,568.0,0,sim,veiculo,48,21100.0,1
E02185,19.0,3900.0,1.9,756.0,0,nao,pessoal,60,19800.0,0
E02186,40.0,2030.0,5.7,691.0,1,sim,pessoal,36,9300.0,0
E02187,39.0,12060.0,,453.0,2,nao,pessoal,36,7000.0,1
E02188,34.0,2210.0,2.7,704.0,3,nao,pessoal,48,9000.0,0
E02189,64.0,6240.0,10.3,556.0,0,nao,negocio,24,7900.0,0
E02190,47.0,4740.0,19.7,456.0,1,nao,pessoal,60,4300.0,0
E02191,49.0,6020.0,6.3,680.0,2,nao,pessoal,24,4000.0,0
E02192,29.0,,10.6,633.0,0,nao,educacao,12,60200.0,0
E02193,28.0,5880.0,3.1,794.0,0,nao,negocio,48,21400.0,1
E02194,40.0,3000.0,3.5,660.0,1,nao,reforma,24,14300.0,0
E02195,42.0,8160.0,5.1,726.0,0,sim,pessoal,12,32700.0,0
E02196,18.0,2880.0,2.2,696.0,1,nao,veiculo,24,3600.0,0
E02197,38.0,4630.0,2.9,752.0,1,nao,pessoal,24,17800.0,0
E02198,40.0,1930.0,7.6,542.0,1,nao,pessoal,24,2200.0,1
E02199,37.0,2260.0,4.4,662.0,1,nao,reforma,12,1800.0,0
E02200,30.0,4330.0,3.8,625.0,2,sim,educacao,24,10300.0,0
E02201,34.0,5240.0,3.6,712.0,2,sim,pessoal,36,5500.0,1
E02202,38.0,1510.0,1.5,668.0,0,sim,reforma,12,6600.0,0
E02203,41.0,5660.0,5.0,572.0,2,nao,reforma,48,21700.0,1
E02204,47.0,2570.0,2.2,603.0,0,nao,veiculo,48,10900.0,0
E02205,53.0,9050.0,0.6,821.0,0,sim,pessoal,48,49700.0,0
E02206,36.0,3400.0,1.2,454.0,1,sim,negocio,24,8500.0,1
E02207,35.0,2140.0,3.7,718.0,3,sim,pessoal,36,7600.0,0
E02208,45.0,4400.0,7.1,777.0,1,nao,pessoal,12,11300.0,0
E02209,47.0,2420.0,8.6,704.0,0,sim,pessoal,60,3100.0,0
E02210,35.0,8990.0,0.9,857.0,1,sim,reforma,12,46100.0,0
E02211,49.0,4200.0,6.5,743.0,0,nao,negocio,24,15300.0,1
E02212,52.0,3830.0,15.5,682.0,3,sim,pessoal,12,15000.0,0
E02213,56.0,5990.0,9.0,589.0,2,nao,pessoal,60,11500.0,0
E02214,61.0,2300.0,4.8,684.0,1,nao,negocio,12,11600.0,0
E02215,30.0,1940.0,5.2,715.0,2,sim,reforma,12,6400.0,0
E02216,40.0,5370.0,4.7,640.0,1,nao,negocio,12,4700.0,0
E02217,40.0,2170.0,2.7,558.0,3,nao,reforma,60,4900.0,0
E02218,39.0,2170.0,9.3,508.0,1,sim,educacao,24,6500.0,0
E02219,32.0,6940.0,1.6,660.0,2,sim,veiculo,60,16200.0,0
E02220,22.0,5760.0,5.0,477.0,1,sim,pessoal,60,6500.0,1
E02221,41.0,1980.0,10.0,588.0,0,sim,veiculo,48,4500.0,0
E02222,31.0,2900.0,4.9,373.0,3,sim,veiculo,24,1500.0,1
E02223,41.0,2440.0,0.8,732.0,1,nao,veiculo,60,4100.0,0
E02224,30.0,12190.0,12.6,767.0,1,sim,veiculo,24,48900.0,0
E02225,27.0,7230.0,4.0,649.0,1,nao,pessoal,36,25100.0,1
E02226,43.0,3260.0,1.1,841.0,0,nao,reforma,36,8400.0,0
E02227,42.0,5930.0,16.6,788.0,1,nao,veiculo,48,34300.0,0
E02228,47.0,1860.0,3.4,693.0,1,nao,educacao,60,1400.0,0
E02229,66.0,2810.0,2.0,628.0,0,nao,pessoal,60,11300.0,0
E02230,43.0,4470.0,5.3,602.0,2,nao,veiculo,24,17500.0,1
E02231,46.0,5510.0,1.3,702.0,0,sim,veiculo,12,18500.0,0
E02232,27.0,3960.0,2.7,624.0,3,sim,pessoal,60,7700.0,0
E02233,25.0,4870.0,11.5,700.0,3,sim,veiculo,12,15900.0,0
E02234,59.0,4400.0,3.5,708.0,0,sim,veiculo,36,13600.0,0
E02235,29.0,3810.0,6.2,615.0,1,sim,educacao,24,5000.0,0
E02236,27.0,3520.0,11.9,761.0,3,nao,pessoal,24,6300.0,0
E02237,40.0,3250.0,3.4,615.0,1,sim,educacao,36,9400.0,0
E02238,39.0,4830.0,1.9,642.0,2,nao,pessoal,48,12300.0,0
E02239,29.0,5370.0,7.2,532.0,1,nao,veiculo,60,6500.0,0
E02240,36.0,4730.0,1.0,610.0,1,nao,reforma,60,8600.0,0
E02241,55.0,2070.0,1.7,877.0,0,nao,pessoal,36,7800.0,0
E02242,30.0,2310.0,0.8,541.0,1,nao,pessoal,24,10100.0,0
E02243,23.0,5340.0,11.3,688.0,0,sim,pessoal,36,24700.0,0
E02244,51.0,10160.0,4.6,590.0,1,sim,veiculo,24,35200.0,1
E02245,46.0,4600.0,7.4,396.0,0,sim,pessoal,36,3700.0,1
E02246,33.0,3280.0,1.8,701.0,1,sim,negocio,60,5800.0,0
E02247,21.0,4810.0,6.0,579.0,1,nao,pessoal,36,21700.0,0
E02248,31.0,2120.0,6.2,675.0,1,sim,negocio,12,4400.0,0
E02249,39.0,9210.0,16.5,749.0,1,sim,negocio,36,38600.0,0
E02250,54.0,4700.0,6.9,666.0,0,nao,pessoal,24,19100.0,0
E02251,28.0,2810.0,8.6,676.0,1,nao,educacao,24,9400.0,1
E02252,39.0,3800.0,4.9,545.0,3,sim,negocio,48,8300.0,1
E02253,48.0,3060.0,0.1,718.0,1,sim,pessoal,24,2900.0,0
E02254,18.0,9230.0,5.6,619.0,2,sim,veiculo,36,41600.0,0
E02255,52.0,3720.0,3.7,420.0,2,nao,educacao,48,6900.0,0
E02256,26.0,4610.0,3.5,731.0,2,nao,reforma,24,9500.0,0
E02257,44.0,5930.0,2.8,765.0,0,nao,educacao,36,7000.0,0
E02258,43.0,2690.0,3.5,803.0,0,sim,pessoal,36,12100.0,0
E02259,53.0,4720.0,2.3,879.0,2,nao,pessoal,36,27300.0,0
E02260,47.0,4950.0,8.0,725.0,2,sim,reforma,60,15600.0,0
E02261,18.0,,1.5,697.0,1,sim,pessoal,60,4100.0,0
E02262,31.0,4890.0,14.9,760.0,0,nao,reforma,24,16300.0,0
E02263,42.0,4090.0,7.5,542.0,0,nao,veiculo,36,10800.0,0
E02264,38.0,4540.0,9.7,456.0,2,nao,veiculo,24,10000.0,0
E02265,46.0,4290.0,1.6,588.0,1,sim,negocio,12,25100.0,0
E02266,49.0,4910.0,2.6,780.0,0,nao,reforma,24,27700.0,0
E02267,47.0,9370.0,4.7,567.0,3,nao,reforma,24,36900.0,0
E02268,37.0,2070.0,4.3,691.0,0,sim,negocio,36,1300.0,0
E02269,18.0,3420.0,7.5,703.0,1,sim,pessoal,36,8700.0,0
E02270,35.0,6270.0,4.3,667.0,0,nao,reforma,24,10000.0,0
E02271,45.0,5600.0,15.5,499.0,2,nao,veiculo,60,20800.0,0
E02272,27.0,5530.0,1.7,678.0,1,nao,veiculo,48,14900.0,0
E02273,48.0,21920.0,1.3,594.0,1,sim,educacao,48,61200.0,0
E02274,51.0,6070.0,2.5,827.0,3,nao,negocio,24,33800.0,1
E02275,42.0,,3.5,765.0,2,nao,veiculo,24,45300.0,0
E02276,18.0,3490.0,10.4,598.0,0,nao,educacao,12,7000.0,0
E02277,25.0,2310.0,5.9,834.0,2,sim,pessoal,24,9100.0,0
E02278,63.0,3480.0,0.2,678.0,2,sim,reforma,60,18300.0,0
E02279,33.0,6440.0,3.8,456.0,1,nao,negocio,24,37200.0,1
E02280,18.0,5360.0,2.9,631.0,1,nao,reforma,24,24600.0,1
E02281,55.0,5350.0,3.9,820.0,2,nao,reforma,36,5600.0,0
E02282,40.0,3690.0,3.5,550.0,0,sim,educacao,36,15600.0,0
E02283,53.0,3360.0,13.9,632.0,1,nao,pessoal,60,10800.0,0
E02284,43.0,3770.0,9.2,490.0,1,sim,reforma,12,7900.0,1
E02285,46.0,6490.0,2.6,508.0,1,nao,reforma,48,35100.0,1
E02286,44.0,6960.0,4.3,548.0,4,nao,veiculo,24,27900.0,0
E02287,48.0,2300.0,3.3,505.0,1,nao,negocio,24,12700.0,0
E02288,67.0,6640.0,0.3,572.0,0,sim,veiculo,36,5800.0,0
E02289,52.0,2840.0,2.7,831.0,0,sim,pessoal,36,13700.0,1
E02290,21.0,5560.0,2.8,636.0,0,nao,educacao,12,20700.0,0
E02291,45.0,3740.0,2.2,726.0,3,nao,pessoal,12,8100.0,0
E02292,54.0,10750.0,2.6,760.0,3,nao,reforma,36,57200.0,0
E02293,54.0,3270.0,3.3,518.0,1,nao,negocio,48,16000.0,0
E02294,35.0,4680.0,6.3,549.0,0,sim,educacao,36,17000.0,0
E02295,54.0,6040.0,2.4,724.0,0,nao,reforma,24,35300.0,0
E02296,51.0,2490.0,11.6,570.0,0,sim,negocio,36,12200.0,0
E02297,71.0,4020.0,,717.0,3,sim,veiculo,60,12300.0,0
E02298,31.0,3580.0,10.1,825.0,1,nao,pessoal,60,2900.0,1
E02299,34.0,3090.0,5.5,480.0,1,nao,reforma,24,11900.0,0
E02300,36.0,3230.0,1.2,601.0,4,nao,reforma,12,9300.0,0
E02301,34.0,8180.0,3.2,618.0,1,nao,negocio,36,30200.0,1
E02302,29.0,2930.0,14.3,582.0,1,nao,veiculo,24,2200.0,0
E02303,18.0,5900.0,14.6,573.0,4,nao,pessoal,48,29700.0,0
E02304,35.0,5070.0,6.4,586.0,0,nao,pessoal,24,25000.0,0
E02305,44.0,1820.0,5.6,638.0,1,sim,pessoal,24,8500.0,0
E02306,34.0,5730.0,6.1,658.0,2,nao,educacao,48,27400.0,0
E02307,63.0,1800.0,3.2,745.0,0,sim,veiculo,24,2700.0,0
E02308,40.0,6120.0,1.8,637.0,0,nao,pessoal,12,20300.0,0
E02309,55.0,3100.0,4.4,763.0,1,sim,pessoal,48,14500.0,0
E02310,43.0,4220.0,5.7,575.0,1,nao,pessoal,12,16600.0,0
E02311,50.0,1930.0,6.7,508.0,2,nao,veiculo,24,6500.0,0
E02312,43.0,4520.0,6.5,606.0,1,nao,educacao,24,11100.0,1
E02313,56.0,7320.0,7.9,691.0,0,nao,negocio,12,30300.0,0
E02314,41.0,2590.0,18.8,735.0,1,sim,veiculo,12,1900.0,0
E02315,46.0,2920.0,,801.0,3,sim,veiculo,12,1900.0,0
E02316,44.0,5520.0,11.1,672.0,2,sim,pessoal,24,16000.0,0
E02317,37.0,5600.0,6.9,723.0,4,nao,veiculo,60,19700.0,0
E02318,45.0,1300.0,20.3,791.0,3,nao,reforma,48,3000.0,0
E02319,67.0,14070.0,4.7,554.0,1,sim,pessoal,48,59800.0,0
E02320,37.0,5770.0,4.3,617.0,0,sim,pessoal,36,32400.0,0
E02321,45.0,6380.0,10.6,945.0,3,nao,educacao,48,7700.0,0
E02322,55.0,3850.0,10.6,734.0,1,nao,reforma,36,12000.0,0
E02323,54.0,1380.0,3.4,696.0,1,nao,veiculo,60,7800.0,0
E02324,40.0,6300.0,6.7,738.0,3,sim,veiculo,36,36200.0,0
E02325,18.0,2990.0,7.9,493.0,1,nao,veiculo,36,9600.0,0
E02326,46.0,5820.0,7.6,569.0,2,nao,pessoal,12,27600.0,1
E02327,18.0,3680.0,6.1,529.0,0,nao,negocio,48,5700.0,1
E02328,58.0,4840.0,0.6,686.0,2,nao,pessoal,24,23800.0,0
E02329,42.0,2640.0,7.7,599.0,3,sim,pessoal,48,15500.0,0
E02330,52.0,7050.0,8.0,650.0,1,nao,veiculo,48,16400.0,0
E02331,29.0,2060.0,6.4,606.0,2,sim,veiculo,12,3700.0,0
E02332,21.0,16160.0,3.1,461.0,1,nao,veiculo,24,18500.0,1
E02333,43.0,,13.2,737.0,1,sim,negocio,60,47600.0,0
E02334,40.0,11190.0,1.7,446.0,1,sim,pessoal,12,25700.0,1
E02335,34.0,9030.0,10.7,560.0,1,sim,pessoal,48,29300.0,0
E02336,41.0,3990.0,1.7,495.0,1,sim,pessoal,24,13400.0,0
E02337,73.0,8460.0,9.8,543.0,0,nao,pessoal,36,44400.0,0
E02338,50.0,3960.0,1.8,662.0,0,nao,educacao,60,21200.0,1
E02339,53.0,1650.0,9.3,776.0,0,nao,veiculo,36,4800.0,0
E02340,50.0,10350.0,15.5,468.0,0,sim,pessoal,24,48400.0,0
E02341,58.0,8270.0,15.5,579.0,1,nao,reforma,36,29500.0,0
E02342,38.0,4120.0,13.1,448.0,0,nao,educacao,24,18500.0,0
E02343,18.0,,4.7,573.0,1,nao,negocio,12,8700.0,1
E02344,38.0,2950.0,2.6,648.0,2,nao,veiculo,36,14900.0,1
E02345,50.0,1410.0,4.1,724.0,0,nao,reforma,60,2000.0,0
E02346,28.0,7400.0,10.1,407.0,1,nao,pessoal,36,36100.0,1
E02347,38.0,1600.0,7.6,701.0,1,sim,negocio,36,2800.0,0
E02348,32.0,4990.0,,533.0,2,sim,negocio,12,21400.0,0
E02349,58.0,2530.0,2.9,506.0,2,sim,reforma,12,14600.0,1
E02350,49.0,1780.0,16.2,647.0,0,nao,reforma,24,6600.0,0
E02351,48.0,4850.0,4.3,709.0,1,nao,reforma,60,26000.0,0
E02352,47.0,3440.0,1.7,629.0,1,sim,veiculo,36,17100.0,1
E02353,40.0,6940.0,6.0,520.0,0,nao,veiculo,48,30200.0,1
E02354,42.0,1960.0,7.4,629.0,1,nao,reforma,12,1800.0,0
E02355,26.0,2670.0,12.2,560.0,0,nao,negocio,36,1700.0,0
E02356,18.0,1300.0,2.8,706.0,0,sim,reforma,24,7100.0,0
E02357,42.0,1300.0,6.0,758.0,0,sim,pessoal,60,5600.0,0
E02358,44.0,12350.0,4.8,751.0,0,nao,veiculo,24,43400.0,0
E02359,55.0,14660.0,3.4,638.0,0,sim,veiculo,12,7600.0,0
E02360,59.0,4440.0,15.0,763.0,2,nao,pessoal,24,5300.0,0
E02361,59.0,2560.0,7.5,528.0,0,nao,veiculo,12,11000.0,0
E02362,28.0,3510.0,0.3,836.0,0,nao,pessoal,24,6300.0,0
E02363,36.0,7090.0,6.1,527.0,1,nao,veiculo,60,17400.0,0
E02364,46.0,3080.0,0.8,417.0,1,sim,pessoal,60,15600.0,0
E02365,70.0,4840.0,5.6,790.0,1,sim,veiculo,36,11100.0,0
E02366,58.0,4170.0,1.0,562.0,0,nao,negocio,48,14000.0,1
E02367,53.0,,7.5,653.0,2,nao,pessoal,24,2700.0,0
E02368,35.0,3060.0,0.8,527.0,1,sim,pessoal,60,9900.0,0
E02369,29.0,5010.0,1.8,900.0,0,nao,veiculo,24,22200.0,0
E02370,49.0,2340.0,8.9,840.0,2,nao,veiculo,24,4100.0,0
E02371,27.0,5510.0,4.7,810.0,1,nao,negocio,12,20300.0,0
E02372,37.0,3160.0,1.1,650.0,2,nao,reforma,60,11800.0,0
E02373,39.0,4530.0,14.4,748.0,2,sim,negocio,24,22600.0,0
E02374,59.0,9640.0,3.2,634.0,1,nao,pessoal,24,24000.0,0
E02375,36.0,3800.0,3.7,763.0,2,sim,pessoal,24,20600.0,0
E02376,18.0,7290.0,4.1,595.0,1,nao,negocio,36,22500.0,0
E02377,46.0,1430.0,,814.0,5,sim,pessoal,36,1000.0,0
E02378,32.0,,3.5,589.0,1,nao,veiculo,36,2900.0,0
E02379,41.0,4270.0,4.2,602.0,2,nao,veiculo,48,23500.0,1
E02380,39.0,13320.0,11.3,589.0,0,nao,negocio,48,12300.0,1
E02381,37.0,1300.0,10.3,661.0,0,sim,veiculo,36,6300.0,0
E02382,49.0,3960.0,4.0,597.0,0,sim,negocio,36,23500.0,0
E02383,22.0,10070.0,4.1,694.0,1,nao,veiculo,60,51400.0,0
E02384,34.0,2620.0,,587.0,0,sim,pessoal,24,7200.0,0
E02385,48.0,3700.0,5.5,727.0,1,nao,pessoal,24,6600.0,0
E02386,33.0,5120.0,9.2,807.0,1,nao,veiculo,36,7100.0,0
E02387,21.0,4690.0,3.3,649.0,1,nao,pessoal,36,11800.0,0
E02388,48.0,10750.0,12.8,884.0,3,sim,pessoal,60,34400.0,0
E02389,53.0,5500.0,0.6,764.0,0,nao,veiculo,24,17100.0,0
E02390,39.0,9320.0,1.9,875.0,3,sim,veiculo,36,36400.0,0
E02391,18.0,3380.0,12.1,633.0,4,nao,veiculo,36,16400.0,1
E02392,48.0,2690.0,8.9,457.0,0,sim,negocio,48,3800.0,0
E02393,20.0,,0.6,562.0,2,nao,pessoal,12,8500.0,1
E02394,44.0,2100.0,0.8,574.0,0,nao,negocio,60,9600.0,0
E02395,29.0,5610.0,7.6,535.0,1,nao,reforma,24,30300.0,0
E02396,26.0,3330.0,6.4,398.0,2,nao,educacao,24,17000.0,1
E02397,35.0,2810.0,3.7,753.0,1,nao,reforma,36,16400.0,0
E02398,38.0,5660.0,12.5,435.0,2,sim,pessoal,24,27700.0,1
E02399,32.0,2110.0,2.5,742.0,0,nao,educacao,12,12300.0,0
E02400,47.0,6670.0,0.3,880.0,1,nao,educacao,60,37700.0,0
E02401,35.0,3150.0,8.0,554.0,1,nao,educacao,36,12900.0,0
E02402,52.0,8420.0,9.5,683.0,0,sim,negocio,60,36900.0,0
E02403,43.0,3320.0,2.6,596.0,0,nao,pessoal,12,7300.0,0
E02404,32.0,6140.0,1.4,731.0,2,nao,negocio,12,33400.0,0
E02405,30.0,4680.0,0.3,509.0,1,nao,negocio,24,20300.0,1
E02406,20.0,6560.0,4.6,626.0,3,nao,negocio,12,35600.0,1
E02407,43.0,4490.0,6.2,763.0,2,nao,reforma,24,7500.0,0
E02408,36.0,1550.0,10.0,635.0,1,sim,educacao,60,3900.0,0
E02409,18.0,7690.0,6.5,461.0,0,sim,reforma,24,7400.0,0
E02410,34.0,3980.0,,777.0,2,nao,veiculo,48,22400.0,0
E02411,29.0,6740.0,5.5,497.0,1,nao,negocio,36,33400.0,1
E02412,59.0,6350.0,10.4,649.0,1,sim,pessoal,12,29800.0,0
E02413,20.0,2640.0,6.1,704.0,2,nao,negocio,24,7700.0,0
E02414,23.0,2430.0,9.3,653.0,1,nao,veiculo,36,1400.0,0
E02415,53.0,6220.0,1.5,919.0,1,nao,pessoal,12,36300.0,0
E02416,56.0,3500.0,7.8,721.0,1,nao,veiculo,36,9100.0,0
E02417,31.0,7370.0,6.5,618.0,1,nao,reforma,36,13700.0,0
E02418,32.0,3770.0,3.4,706.0,0,sim,pessoal,24,19600.0,0
E02419,47.0,7760.0,10.6,663.0,1,nao,educacao,24,12700.0,0
E02420,18.0,5410.0,18.6,645.0,0,nao,veiculo,48,7800.0,0
E02421,18.0,4990.0,0.6,667.0,0,nao,reforma,24,15400.0,0
E02422,37.0,3360.0,3.6,592.0,4,sim,pessoal,36,10200.0,1
E02423,59.0,4830.0,4.3,663.0,1,sim,pessoal,24,25900.0,0
E02424,35.0,8590.0,4.6,584.0,2,nao,pessoal,48,51400.0,0
E02425,41.0,4070.0,2.5,431.0,1,nao,pessoal,36,7800.0,1
E02426,54.0,5780.0,0.7,765.0,1,nao,educacao,60,9300.0,0
E02427,65.0,4320.0,3.8,578.0,1,nao,veiculo,48,13300.0,0
E02428,33.0,4530.0,4.4,656.0,1,sim,educacao,36,13300.0,0
E02429,40.0,11810.0,3.5,556.0,2,nao,reforma,36,59400.0,0
E02430,62.0,8640.0,4.4,560.0,2,sim,pessoal,24,8900.0,0
E02431,22.0,4400.0,5.6,526.0,0,sim,negocio,24,6100.0,0
E02432,52.0,4780.0,3.9,744.0,1,sim,educacao,36,7800.0,0
E02433,28.0,2760.0,2.5,771.0,0,sim,pessoal,36,2600.0,0
E02434,41.0,3790.0,4.5,643.0,2,sim,veiculo,60,3200.0,0
E02435,37.0,5060.0,6.0,581.0,1,sim,veiculo,36,16900.0,0
E02436,29.0,7000.0,4.8,454.0,2,nao,veiculo,12,37800.0,1
E02437,28.0,6580.0,19.5,727.0,0,nao,veiculo,12,33100.0,0
E02438,43.0,2160.0,6.3,566.0,1,sim,veiculo,12,3400.0,0
E02439,52.0,7550.0,4.6,517.0,1,sim,veiculo,60,9800.0,0
E02440,38.0,3980.0,2.1,643.0,2,sim,veiculo,24,15400.0,0
E02441,41.0,2320.0,2.2,603.0,2,nao,veiculo,48,5400.0,1
E02442,47.0,9360.0,3.5,473.0,0,sim,reforma,24,30700.0,1
E02443,28.0,,3.6,488.0,2,nao,pessoal,60,44900.0,0
E02444,49.0,4920.0,3.4,677.0,0,sim,pessoal,36,26800.0,0
E02445,50.0,6430.0,6.5,568.0,1,nao,veiculo,60,9800.0,0
E02446,71.0,6660.0,10.3,696.0,2,nao,veiculo,36,5900.0,0
E02447,35.0,9700.0,8.1,656.0,2,sim,veiculo,24,17000.0,0
E02448,35.0,6500.0,7.3,755.0,1,nao,reforma,36,23100.0,0
E02449,49.0,1890.0,1.9,548.0,2,nao,pessoal,24,1900.0,0
E02450,50.0,14030.0,11.5,666.0,0,sim,reforma,24,32300.0,0
E02451,34.0,7960.0,2.1,710.0,1,nao,veiculo,24,17300.0,1
E02452,35.0,3090.0,5.8,571.0,1,nao,veiculo,24,3400.0,0
E02453,46.0,2260.0,7.0,764.0,2,nao,veiculo,36,13300.0,0
E02454,30.0,5690.0,11.7,457.0,2,sim,reforma,36,29600.0,1
E02455,35.0,3550.0,17.0,548.0,1,nao,reforma,60,13300.0,0
E02456,41.0,,3.3,453.0,1,nao,educacao,36,27500.0,1
E02457,52.0,6560.0,5.4,559.0,4,nao,veiculo,48,13600.0,0
E02458,33.0,2990.0,10.9,623.0,3,sim,negocio,36,15400.0,0
E02459,18.0,2150.0,18.1,731.0,0,sim,negocio,24,9100.0,0
E02460,18.0,5290.0,,623.0,4,nao,pessoal,24,9400.0,0
E02461,25.0,3050.0,,575.0,1,nao,negocio,60,12800.0,0
E02462,24.0,4580.0,1.1,470.0,0,nao,veiculo,12,15200.0,1
E02463,38.0,1880.0,2.4,506.0,0,nao,negocio,24,6100.0,0
E02464,26.0,3610.0,9.4,674.0,0,nao,negocio,48,20300.0,0
E02465,32.0,6450.0,9.8,737.0,1,nao,veiculo,24,17000.0,0
E02466,31.0,,6.3,594.0,3,nao,pessoal,12,33500.0,0
E02467,35.0,2620.0,3.5,773.0,3,sim,reforma,24,13200.0,0
E02468,56.0,2080.0,6.6,536.0,1,nao,veiculo,12,5900.0,0
E02469,48.0,4240.0,4.9,597.0,0,sim,reforma,24,20200.0,0
E02470,40.0,5880.0,3.7,606.0,0,nao,veiculo,24,6700.0,0
E02471,34.0,5360.0,6.1,808.0,1,sim,veiculo,60,17500.0,0
E02472,35.0,3090.0,3.4,655.0,1,nao,veiculo,48,2600.0,0
E02473,44.0,5020.0,6.1,442.0,0,nao,educacao,12,7900.0,0
E02474,47.0,10340.0,6.9,745.0,1,nao,reforma,12,25500.0,0
E02475,29.0,,8.2,843.0,3,nao,reforma,60,4800.0,0
E02476,40.0,1580.0,0.8,613.0,0,nao,educacao,36,8500.0,0
E02477,18.0,4740.0,11.6,541.0,2,sim,educacao,36,25200.0,1
E02478,43.0,14320.0,4.3,735.0,0,sim,veiculo,36,7500.0,0
E02479,49.0,1940.0,17.2,856.0,2,nao,pessoal,12,2000.0,0
E02480,37.0,4280.0,9.4,733.0,3,sim,veiculo,24,24300.0,0
E02481,62.0,3670.0,2.1,461.0,1,sim,veiculo,24,1900.0,1
E02482,29.0,4450.0,7.4,723.0,1,nao,pessoal,24,25600.0,0
E02483,43.0,4720.0,11.0,684.0,0,nao,educacao,60,17200.0,0
E02484,40.0,8320.0,3.9,535.0,0,sim,pessoal,12,29500.0,1
E02485,39.0,4420.0,1.9,782.0,1,nao,pessoal,12,3100.0,0
E02486,39.0,9040.0,1.6,688.0,0,nao,reforma,60,22600.0,1
E02487,41.0,3910.0,1.0,785.0,1,sim,reforma,60,19900.0,0
E02488,50.0,3400.0,0.3,523.0,0,nao,veiculo,24,7700.0,1
E02489,57.0,2810.0,4.4,684.0,3,nao,educacao,24,15400.0,0
E02490,40.0,1410.0,1.7,542.0,1,nao,negocio,36,4700.0,1
E02491,50.0,4960.0,2.6,667.0,2,sim,pessoal,24,25400.0,0
E02492,32.0,14400.0,17.5,802.0,1,sim,negocio,60,69200.0,0
E02493,49.0,5530.0,6.9,483.0,2,nao,veiculo,24,16900.0,0
E02494,31.0,6340.0,2.0,489.0,1,nao,veiculo,12,32300.0,0
E02495,53.0,3280.0,23.4,745.0,1,sim,educacao,36,17200.0,0
E02496,67.0,3630.0,6.0,638.0,0,sim,educacao,48,21000.0,1
E02497,39.0,7580.0,22.0,769.0,1,nao,reforma,60,6900.0,0
E02498,18.0,14020.0,14.5,551.0,1,nao,veiculo,36,69400.0,0
E02499,33.0,10260.0,6.2,646.0,1,sim,pessoal,12,42700.0,1
E02500,55.0,6810.0,4.4,716.0,0,nao,veiculo,36,29600.0,0
E02501,47.0,4290.0,9.3,663.0,1,sim,veiculo,12,24000.0,0
E02502,43.0,4760.0,5.8,443.0,1,nao,veiculo,24,3400.0,0
E02503,52.0,2670.0,3.1,950.0,1,sim,negocio,24,12400.0,0
E02504,46.0,1760.0,3.0,663.0,0,sim,veiculo,12,4500.0,0
E02505,55.0,2140.0,10.4,493.0,1,sim,reforma,24,8200.0,1
E02506,51.0,4330.0,2.0,675.0,3,nao,reforma,48,7800.0,0
E02507,58.0,3530.0,10.3,687.0,2,nao,reforma,12,7400.0,1
E02508,44.0,1740.0,5.0,749.0,1,sim,negocio,36,6800.0,0
E02509,51.0,4110.0,0.8,742.0,1,nao,educacao,24,10400.0,0
E02510,36.0,3470.0,10.9,616.0,4,nao,pessoal,36,7400.0,0
E02511,33.0,2080.0,2.1,451.0,1,nao,educacao,36,1500.0,0
E02512,60.0,3360.0,,691.0,1,nao,negocio,24,4500.0,0
E02513,43.0,3460.0,4.0,459.0,2,nao,pessoal,60,13300.0,1
E02514,50.0,2900.0,4.6,774.0,1,sim,veiculo,36,7900.0,0
E02515,41.0,7320.0,6.2,559.0,1,nao,veiculo,60,4800.0,1
E02516,33.0,1340.0,10.5,710.0,3,nao,veiculo,60,3300.0,0
E02517,40.0,1300.0,10.2,568.0,0,nao,negocio,24,3300.0,0
E02518,57.0,4210.0,,586.0,1,nao,educacao,60,7400.0,0
E02519,47.0,4450.0,3.0,552.0,0,nao,pessoal,48,6300.0,0
E02520,19.0,5350.0,,719.0,1,nao,pessoal,24,3000.0,0
E02521,37.0,3040.0,1.7,572.0,1,nao,pessoal,48,12000.0,1
E02522,61.0,2420.0,5.0,725.0,2,nao,negocio,24,11400.0,0
E02523,37.0,4180.0,13.8,575.0,3,nao,pessoal,36,7400.0,0
E02524,18.0,3220.0,3.3,615.0,2,nao,reforma,24,7400.0,0
E02525,63.0,10650.0,1.0,644.0,2,sim,reforma,48,58000.0,0
E02526,48.0,3460.0,2.1,657.0,0,nao,pessoal,60,20100.0,1
E02527,39.0,4070.0,2.2,538.0,0,nao,pessoal,24,14700.0,0
E02528,36.0,18550.0,1.9,717.0,1,sim,educacao,36,50000.0,0
E02529,53.0,3740.0,3.8,610.0,1,nao,veiculo,12,22200.0,1
E02530,33.0,5860.0,21.7,700.0,0,sim,veiculo,60,4800.0,0
E02531,54.0,6190.0,7.3,638.0,2,sim,veiculo,24,13200.0,0
E02532,47.0,6510.0,4.2,705.0,0,nao,pessoal,12,22100.0,0
E02533,43.0,5000.0,4.5,595.0,0,sim,veiculo,48,9300.0,1
E02534,42.0,4720.0,2.5,553.0,1,nao,pessoal,36,26300.0,1
E02535,38.0,4460.0,4.5,687.0,2,nao,pessoal,24,15100.0,0
E02536,53.0,2970.0,13.3,586.0,1,sim,pessoal,36,16000.0,0
E02537,30.0,5110.0,5.1,800.0,0,sim,reforma,48,11800.0,0
E02538,21.0,14190.0,10.2,647.0,1,sim,pessoal,24,20000.0,0
E02539,47.0,8680.0,9.2,489.0,1,nao,pessoal,24,48100.0,1
E02540,48.0,5040.0,21.0,576.0,1,nao,educacao,36,15800.0,0
E02541,46.0,7020.0,9.1,530.0,3,nao,veiculo,36,34100.0,0
E02542,45.0,2490.0,19.9,758.0,2,sim,negocio,36,5600.0,0
E02543,36.0,3590.0,10.8,725.0,2,nao,educacao,36,4000.0,0
E02544,49.0,7420.0,6.2,633.0,2,nao,veiculo,36,29600.0,0
E02545,39.0,10250.0,2.3,672.0,1,nao,veiculo,12,20000.0,0
E02546,34.0,2640.0,10.2,630.0,0,nao,negocio,24,14600.0,0
E02547,36.0,3140.0,10.8,735.0,2,sim,veiculo,36,6600.0,0
E02548,64.0,,11.0,697.0,0,sim,pessoal,24,32300.0,0
E02549,19.0,,3.2,717.0,2,nao,pessoal,60,20700.0,1
E02550,46.0,12540.0,7.2,619.0,1,sim,negocio,60,32300.0,1
E02551,20.0,4760.0,3.4,571.0,1,nao,pessoal,24,6100.0,0
E02552,39.0,4870.0,2.9,713.0,1,sim,negocio,24,8800.0,0
E02553,35.0,3500.0,2.5,811.0,2,nao,veiculo,24,14500.0,1
E02554,18.0,7390.0,0.8,762.0,1,nao,veiculo,24,8700.0,0
E02555,45.0,9490.0,6.9,814.0,1,nao,veiculo,60,41100.0,0
E02556,35.0,2260.0,2.7,658.0,2,nao,veiculo,24,12900.0,0
E02557,18.0,3400.0,3.3,533.0,0,nao,pessoal,24,4300.0,0
E02558,50.0,7270.0,4.2,543.0,2,nao,reforma,36,14800.0,0
E02559,57.0,3890.0,7.8,792.0,1,nao,reforma,36,9200.0,1
E02560,58.0,3120.0,6.1,435.0,0,sim,veiculo,36,11600.0,1
E02561,44.0,7700.0,5.9,806.0,2,sim,veiculo,48,31300.0,1
E02562,41.0,8140.0,0.3,553.0,5,sim,reforma,48,47200.0,1
E02563,56.0,3210.0,10.4,852.0,1,nao,veiculo,36,19000.0,0
E02564,60.0,4770.0,16.4,632.0,0,nao,educacao,12,10800.0,0
E02565,54.0,2030.0,5.7,719.0,0,sim,pessoal,36,3300.0,0
E02566,29.0,2450.0,1.6,902.0,0,nao,negocio,36,4600.0,0
E02567,42.0,4520.0,3.0,604.0,2,nao,veiculo,24,17400.0,0
E02568,45.0,,1.7,602.0,2,nao,veiculo,60,8500.0,0
E02569,18.0,2350.0,15.0,564.0,1,sim,veiculo,48,11700.0,0
E02570,46.0,,3.3,530.0,0,nao,veiculo,24,8300.0,0
E02571,67.0,2220.0,5.9,604.0,2,nao,pessoal,60,1200.0,0
E02572,48.0,5520.0,4.0,579.0,1,nao,veiculo,36,26600.0,0
E02573,58.0,1300.0,7.5,502.0,2,nao,veiculo,60,3700.0,1
E02574,42.0,2290.0,2.1,617.0,2,sim,pessoal,48,13700.0,0
E02575,39.0,1370.0,5.8,689.0,1,nao,pessoal,48,6400.0,0
E02576,45.0,5400.0,3.3,541.0,1,nao,negocio,24,19300.0,0
E02577,30.0,1420.0,11.4,622.0,0,sim,negocio,24,1700.0,1
E02578,28.0,4280.0,0.3,795.0,3,nao,veiculo,36,14400.0,0
E02579,55.0,11230.0,3.7,484.0,1,sim,pessoal,48,43500.0,1
E02580,56.0,11460.0,10.6,852.0,1,nao,veiculo,60,59600.0,0
E02581,28.0,1420.0,9.7,566.0,1,nao,negocio,12,7000.0,1
E02582,52.0,5020.0,0.9,662.0,1,sim,educacao,48,28400.0,0
E02583,39.0,2320.0,8.9,781.0,2,nao,educacao,24,10200.0,0
E02584,44.0,2050.0,1.9,814.0,1,nao,reforma,48,6400.0,0
E02585,46.0,3920.0,2.6,692.0,2,sim,reforma,24,10800.0,0
E02586,52.0,8780.0,10.2,564.0,1,nao,pessoal,36,27400.0,0
E02587,41.0,6020.0,3.6,554.0,2,sim,pessoal,36,13000.0,0
E02588,57.0,,0.8,577.0,0,nao,educacao,60,3500.0,1
E02589,44.0,,1.5,848.0,0,sim,pessoal,36,12200.0,0
E02590,47.0,1300.0,5.0,598.0,2,nao,pessoal,24,5600.0,0
E02591,30.0,2670.0,3.5,676.0,0,nao,educacao,36,2500.0,0
E02592,66.0,2560.0,3.4,525.0,2,nao,educacao,36,6800.0,0
E02593,46.0,4400.0,7.4,513.0,4,nao,pessoal,24,6500.0,1
E02594,49.0,3720.0,6.4,643.0,0,nao,veiculo,24,15900.0,0
E02595,21.0,3860.0,3.7,604.0,1,nao,pessoal,60,9000.0,0
E02596,30.0,3780.0,9.8,612.0,0,sim,pessoal,24,12800.0,0
E02597,55.0,4260.0,7.5,477.0,1,nao,pessoal,12,21700.0,1
E02598,43.0,5810.0,6.1,632.0,1,sim,reforma,36,19800.0,0
E02599,18.0,4590.0,3.0,810.0,2,nao,pessoal,24,9800.0,0
E02600,52.0,3540.0,11.0,546.0,1,nao,educacao,36,13400.0,0
E02601,33.0,5340.0,3.4,739.0,3,nao,pessoal,24,31300.0,1
E02602,57.0,6890.0,3.7,300.0,0,sim,pessoal,24,25000.0,1
E02603,39.0,3010.0,15.3,552.0,0,nao,pessoal,24,7200.0,0
E02604,42.0,4050.0,2.0,430.0,1,nao,reforma,36,19200.0,1
E02605,54.0,8430.0,2.0,776.0,0,nao,negocio,12,32900.0,0
E02606,29.0,2170.0,,737.0,2,sim,pessoal,24,12600.0,1
E02607,28.0,12400.0,1.6,526.0,1,nao,veiculo,36,16900.0,0
E02608,38.0,1880.0,1.7,672.0,1,nao,pessoal,48,11200.0,0
E02609,50.0,3410.0,15.0,772.0,1,nao,pessoal,24,14800.0,0
E02610,24.0,2370.0,3.8,789.0,1,nao,pessoal,36,9200.0,0
E02611,20.0,15610.0,6.2,595.0,0,sim,pessoal,24,73100.0,1
E02612,50.0,3110.0,1.0,397.0,4,nao,negocio,12,4100.0,1
E02613,33.0,3110.0,1.9,541.0,2,sim,reforma,24,5900.0,0
E02614,35.0,3360.0,,724.0,0,nao,negocio,36,3900.0,0
E02615,18.0,4450.0,1.6,871.0,1,sim,educacao,60,14300.0,1
E02616,32.0,3450.0,6.4,634.0,0,nao,educacao,12,11500.0,0
E02617,40.0,3880.0,,573.0,1,nao,veiculo,24,21200.0,1
E02618,51.0,1300.0,0.9,904.0,0,sim,pessoal,60,3800.0,0
E02619,31.0,4350.0,3.7,685.0,1,nao,pessoal,36,19400.0,0
E02620,60.0,4250.0,9.6,505.0,2,sim,pessoal,60,11600.0,0
E02621,32.0,7830.0,4.8,627.0,1,sim,pessoal,36,38300.0,0
E02622,32.0,9210.0,4.0,750.0,0,nao,pessoal,60,10500.0,0
E02623,58.0,3750.0,8.0,632.0,2,sim,reforma,48,4000.0,0
E02624,43.0,6850.0,5.7,727.0,2,sim,veiculo,12,15600.0,0
E02625,33.0,2170.0,4.5,463.0,0,nao,veiculo,48,13000.0,1
E02626,38.0,6660.0,3.0,482.0,1,sim,veiculo,12,22900.0,0
E02627,56.0,2980.0,3.9,559.0,2,nao,pessoal,48,12200.0,0
E02628,58.0,2060.0,3.0,609.0,0,nao,pessoal,24,2100.0,1
E02629,30.0,3760.0,4.6,677.0,0,nao,veiculo,36,9900.0,0
E02630,39.0,9730.0,6.6,710.0,2,nao,negocio,12,54700.0,1
E02631,41.0,4680.0,1.2,911.0,1,nao,reforma,12,17000.0,0
E02632,28.0,10310.0,2.4,559.0,3,sim,negocio,12,8400.0,1
E02633,39.0,2680.0,7.8,605.0,2,nao,veiculo,24,13900.0,0
E02634,40.0,7880.0,8.5,562.0,1,nao,educacao,24,8600.0,0
E02635,54.0,2840.0,13.4,759.0,0,nao,reforma,12,11100.0,0
E02636,54.0,4810.0,4.9,765.0,1,nao,negocio,60,6400.0,0
E02637,36.0,4780.0,,591.0,1,nao,pessoal,48,25300.0,0
E02638,37.0,6250.0,2.4,867.0,0,sim,educacao,36,36600.0,0
E02639,48.0,4880.0,4.8,562.0,1,nao,veiculo,48,9400.0,0
E02640,33.0,2700.0,1.9,753.0,1,sim,veiculo,24,13900.0,0
E02641,47.0,7120.0,12.7,800.0,2,nao,veiculo,48,39000.0,0
E02642,39.0,11870.0,2.9,490.0,0,nao,veiculo,36,55500.0,1
E02643,28.0,2960.0,11.4,704.0,1,nao,negocio,12,14100.0,0
E02644,29.0,1400.0,1.6,340.0,0,sim,negocio,36,6100.0,1
E02645,57.0,5670.0,3.9,731.0,1,sim,reforma,60,5000.0,0
E02646,38.0,3440.0,3.4,519.0,1,sim,pessoal,24,8400.0,0
E02647,60.0,3880.0,1.0,702.0,2,nao,veiculo,12,8500.0,1
E02648,34.0,5860.0,3.6,723.0,1,nao,veiculo,48,9700.0,0
E02649,43.0,3190.0,5.7,763.0,0,sim,reforma,24,9700.0,0
E02650,69.0,3570.0,0.3,738.0,4,nao,pessoal,24,6900.0,0
E02651,27.0,3960.0,7.1,646.0,2,nao,reforma,12,13400.0,0
E02652,18.0,10140.0,6.1,598.0,1,nao,veiculo,12,31900.0,1
E02653,55.0,4280.0,4.5,632.0,1,sim,pessoal,48,2300.0,0
E02654,30.0,2000.0,8.2,517.0,1,sim,pessoal,60,2400.0,1
E02655,40.0,2050.0,8.7,617.0,4,sim,pessoal,36,7600.0,0
E02656,33.0,4570.0,27.1,608.0,3,sim,negocio,48,26900.0,0
E02657,43.0,2130.0,0.9,553.0,2,sim,veiculo,24,7800.0,1
E02658,29.0,1640.0,14.2,448.0,0,nao,veiculo,12,9200.0,0
E02659,38.0,6150.0,9.9,500.0,2,nao,pessoal,24,36600.0,1
E02660,45.0,6330.0,6.1,300.0,3,sim,educacao,24,27000.0,1
E02661,28.0,3370.0,1.6,606.0,0,nao,pessoal,36,12600.0,0
E02662,32.0,5010.0,3.2,680.0,1,nao,veiculo,60,18500.0,1
E02663,36.0,,2.7,345.0,2,sim,reforma,24,7600.0,0
E02664,23.0,,4.1,666.0,2,sim,pessoal,60,8500.0,0
E02665,35.0,6040.0,8.0,627.0,0,sim,educacao,36,12900.0,0
E02666,41.0,1300.0,12.2,511.0,2,nao,educacao,12,3000.0,1
E02667,35.0,3640.0,17.2,593.0,0,nao,veiculo,36,7400.0,0
E02668,37.0,5730.0,3.2,756.0,1,sim,veiculo,36,8900.0,0
E02669,40.0,3280.0,5.3,533.0,0,sim,pessoal,48,15200.0,1
E02670,32.0,4290.0,2.0,649.0,1,sim,reforma,48,10900.0,0
E02671,48.0,6590.0,10.3,678.0,2,sim,pessoal,36,24400.0,0
E02672,57.0,4410.0,6.4,550.0,1,nao,educacao,36,11900.0,0
E02673,34.0,10380.0,3.8,751.0,0,nao,reforma,36,30300.0,0
E02674,46.0,8260.0,0.9,684.0,1,nao,veiculo,24,23500.0,0
E02675,37.0,3910.0,5.4,612.0,2,nao,pessoal,60,14300.0,1
E02676,44.0,3730.0,5.8,900.0,2,sim,veiculo,24,6600.0,0
E02677,59.0,1300.0,0.6,751.0,1,sim,pessoal,36,7700.0,0
E02678,46.0,3450.0,1.2,455.0,4,nao,negocio,48,13100.0,1
E02679,19.0,1860.0,5.3,597.0,1,nao,reforma,12,8000.0,1
E02680,45.0,4800.0,16.1,911.0,1,nao,reforma,36,11500.0,0
E02681,55.0,4600.0,11.1,532.0,0,nao,pessoal,12,24100.0,1
E02682,37.0,6380.0,3.9,647.0,1,nao,veiculo,24,16100.0,0
E02683,52.0,9710.0,3.4,775.0,1,nao,veiculo,36,49400.0,0
E02684,32.0,4130.0,2.3,712.0,2,nao,negocio,60,7200.0,0
E02685,22.0,,2.1,728.0,2,nao,reforma,24,84100.0,1
E02686,42.0,4830.0,3.6,721.0,0,sim,pessoal,48,27700.0,0
E02687,19.0,1910.0,19.7,643.0,0,sim,negocio,36,3100.0,0
E02688,37.0,3000.0,3.3,553.0,0,nao,pessoal,48,2100.0,0
E02689,55.0,3360.0,4.6,688.0,0,nao,reforma,48,16900.0,0
E02690,18.0,5990.0,1.3,596.0,1,sim,negocio,36,22200.0,1
E02691,25.0,2380.0,7.3,587.0,2,nao,reforma,24,4400.0,0
E02692,28.0,3510.0,4.5,803.0,1,nao,negocio,36,12100.0,0
E02693,39.0,3810.0,3.2,598.0,1,nao,educacao,36,22500.0,0
E02694,36.0,3210.0,1.7,828.0,2,sim,pessoal,60,18200.0,0
E02695,57.0,6830.0,2.2,668.0,1,nao,reforma,36,15000.0,0
E02696,51.0,6170.0,3.0,622.0,1,nao,reforma,60,26500.0,0
E02697,46.0,8460.0,3.1,440.0,2,sim,veiculo,24,28000.0,1
E02698,42.0,,1.7,873.0,2,sim,negocio,48,7100.0,0
E02699,45.0,8640.0,4.2,639.0,0,nao,educacao,36,11100.0,0
E02700,30.0,1850.0,5.5,390.0,1,nao,veiculo,12,2200.0,1
E02701,50.0,1830.0,8.3,749.0,0,sim,pessoal,36,1200.0,0
E02702,27.0,2030.0,15.5,634.0,1,sim,pessoal,48,8100.0,0
E02703,50.0,4220.0,0.5,538.0,0,sim,pessoal,36,8400.0,0
E02704,54.0,8640.0,6.2,742.0,1,sim,veiculo,36,32100.0,0
E02705,43.0,2930.0,3.5,360.0,0,nao,reforma,48,13700.0,0
E02706,38.0,3160.0,0.3,561.0,0,sim,pessoal,60,1700.0,0
E02707,45.0,3690.0,2.5,607.0,2,sim,veiculo,12,10800.0,0
E02708,18.0,5920.0,7.7,734.0,1,nao,pessoal,24,11800.0,0
E02709,44.0,3150.0,6.9,886.0,0,sim,negocio,60,12200.0,0
E02710,39.0,3050.0,5.0,613.0,0,nao,negocio,24,3900.0,0
E02711,39.0,1870.0,2.3,691.0,2,nao,pessoal,48,6800.0,0
E02712,48.0,2980.0,12.6,942.0,0,nao,pessoal,36,11100.0,0
E02713,39.0,8510.0,1.5,641.0,2,sim,negocio,24,34200.0,1
E02714,26.0,4440.0,3.2,692.0,3,sim,pessoal,48,4700.0,0
E02715,38.0,2690.0,3.8,504.0,0,nao,educacao,48,15800.0,1
E02716,41.0,8820.0,4.2,856.0,1,nao,pessoal,24,25600.0,0
E02717,41.0,2960.0,22.4,562.0,1,sim,veiculo,12,9000.0,0
E02718,42.0,9850.0,14.5,670.0,3,nao,reforma,48,43800.0,0
E02719,52.0,9750.0,6.7,666.0,1,sim,veiculo,36,54400.0,0
E02720,27.0,4340.0,4.6,649.0,0,sim,educacao,12,18500.0,0
E02721,42.0,1710.0,4.5,592.0,1,nao,negocio,12,7100.0,0
E02722,55.0,16590.0,8.1,667.0,1,nao,veiculo,36,71700.0,0
E02723,19.0,5300.0,10.8,833.0,0,sim,veiculo,36,22400.0,0
E02724,42.0,,,891.0,2,nao,reforma,48,12000.0,0
E02725,33.0,7450.0,15.6,621.0,0,nao,educacao,60,24800.0,0
E02726,36.0,6400.0,6.5,591.0,1,nao,pessoal,36,20000.0,0
E02727,29.0,9220.0,2.7,551.0,2,nao,veiculo,36,43300.0,0
E02728,38.0,2820.0,4.0,935.0,1,nao,veiculo,36,8700.0,0
E02729,62.0,5080.0,6.7,654.0,2,nao,pessoal,36,6400.0,0
E02730,25.0,2060.0,7.0,763.0,2,nao,educacao,60,6600.0,0
E02731,26.0,6260.0,1.7,717.0,0,nao,negocio,12,25100.0,0
E02732,24.0,4140.0,4.4,883.0,1,nao,educacao,36,14900.0,0
E02733,61.0,4970.0,5.5,613.0,0,nao,reforma,24,19400.0,0
E02734,34.0,3850.0,10.9,518.0,0,sim,educacao,48,10000.0,0
E02735,40.0,3610.0,11.8,845.0,2,nao,pessoal,48,5300.0,1
E02736,35.0,2490.0,1.2,739.0,0,nao,pessoal,24,11100.0,0
E02737,29.0,6750.0,4.8,690.0,1,nao,veiculo,48,4800.0,0
E02738,37.0,10270.0,2.6,809.0,1,nao,veiculo,36,19500.0,0
E02739,69.0,3010.0,6.6,696.0,1,nao,negocio,60,16900.0,0
E02740,57.0,5850.0,21.6,813.0,1,nao,educacao,48,14800.0,1
E02741,30.0,5440.0,10.0,667.0,2,nao,veiculo,48,12700.0,0
E02742,48.0,4220.0,7.1,739.0,0,nao,pessoal,12,5000.0,0
E02743,30.0,1680.0,8.7,698.0,1,sim,pessoal,60,3200.0,0
E02744,19.0,1920.0,13.8,604.0,2,sim,veiculo,48,4500.0,1
E02745,52.0,2630.0,9.3,617.0,1,sim,reforma,48,5400.0,0
E02746,54.0,1300.0,1.5,597.0,1,nao,negocio,48,2400.0,0
E02747,53.0,9780.0,16.4,669.0,0,nao,pessoal,60,54900.0,0
E02748,34.0,5240.0,5.2,590.0,0,sim,educacao,36,18800.0,0
E02749,38.0,4130.0,,688.0,1,sim,reforma,12,3200.0,0
E02750,49.0,1300.0,11.8,684.0,1,nao,veiculo,36,7300.0,0
E02751,45.0,1410.0,20.8,663.0,1,sim,pessoal,24,7000.0,0
E02752,35.0,4190.0,3.2,664.0,0,nao,pessoal,24,4400.0,0
E02753,21.0,13700.0,11.4,578.0,0,sim,reforma,24,24600.0,0
E02754,41.0,2760.0,3.0,609.0,1,nao,educacao,36,4300.0,0
E02755,53.0,7050.0,6.0,456.0,1,sim,reforma,48,30300.0,1
E02756,26.0,3150.0,1.0,627.0,2,nao,educacao,60,12000.0,0
E02757,48.0,4340.0,3.0,532.0,1,nao,veiculo,60,20500.0,0
E02758,44.0,8700.0,5.7,651.0,1,nao,pessoal,12,28600.0,1
E02759,49.0,3410.0,,561.0,1,nao,pessoal,48,7400.0,0
E02760,50.0,2780.0,7.1,414.0,0,nao,educacao,60,5100.0,0
E02761,32.0,9830.0,10.3,888.0,0,sim,veiculo,48,40800.0,0
E02762,21.0,4320.0,3.5,615.0,0,nao,negocio,12,11000.0,0
E02763,34.0,8080.0,4.4,799.0,1,sim,veiculo,60,21800.0,1
E02764,51.0,2780.0,4.6,582.0,0,nao,pessoal,36,4600.0,0
E02765,33.0,9770.0,3.7,827.0,1,nao,reforma,36,47200.0,0
E02766,32.0,4950.0,2.1,513.0,0,nao,reforma,24,19100.0,1
E02767,18.0,5450.0,5.2,659.0,0,sim,reforma,48,9400.0,0
E02768,61.0,4550.0,9.0,520.0,2,sim,pessoal,60,12700.0,0
E02769,50.0,3100.0,6.3,926.0,0,nao,pessoal,48,13600.0,0
E02770,49.0,4200.0,3.3,613.0,1,nao,veiculo,24,18100.0,1
E02771,52.0,3220.0,5.3,731.0,2,nao,veiculo,12,9600.0,0
E02772,47.0,7470.0,3.1,690.0,2,nao,pessoal,60,30600.0,0
E02773,37.0,3720.0,7.6,637.0,0,sim,veiculo,60,14600.0,0
E02774,38.0,1710.0,9.3,697.0,1,nao,reforma,60,1700.0,0
E02775,35.0,1530.0,9.4,790.0,0,sim,veiculo,48,5700.0,0
E02776,72.0,1490.0,4.0,714.0,1,nao,pessoal,12,1100.0,1
E02777,47.0,6090.0,3.2,658.0,0,nao,negocio,36,29800.0,0
E02778,34.0,2100.0,10.3,697.0,0,nao,pessoal,12,10600.0,0
E02779,46.0,5030.0,3.8,851.0,3,nao,pessoal,24,4000.0,0
E02780,28.0,4560.0,5.2,594.0,0,sim,pessoal,24,10600.0,0
E02781,58.0,4040.0,6.3,436.0,2,sim,pessoal,36,19400.0,1
E02782,32.0,5460.0,4.9,519.0,1,sim,reforma,36,22600.0,0
E02783,46.0,4620.0,8.4,528.0,4,nao,pessoal,48,12100.0,1
E02784,53.0,1300.0,1.1,543.0,2,sim,pessoal,12,2500.0,0
E02785,45.0,3460.0,7.0,547.0,0,nao,pessoal,60,7300.0,0
E02786,41.0,5420.0,2.3,637.0,4,nao,pessoal,24,6300.0,0
E02787,40.0,11240.0,3.4,667.0,1,nao,veiculo,60,67300.0,0
E02788,39.0,11550.0,5.6,666.0,0,sim,pessoal,36,48800.0,0
E02789,33.0,1850.0,0.8,560.0,0,nao,pessoal,12,6500.0,1
E02790,35.0,3410.0,4.2,749.0,4,nao,educacao,48,20200.0,1
E02791,58.0,1640.0,3.6,699.0,1,sim,veiculo,12,4200.0,0
E02792,39.0,10450.0,4.4,814.0,2,nao,pessoal,36,55300.0,0
E02793,31.0,7710.0,3.4,733.0,0,nao,veiculo,48,41600.0,0
E02794,34.0,5180.0,5.2,602.0,0,sim,pessoal,36,6000.0,0
E02795,53.0,4640.0,3.0,784.0,2,nao,pessoal,36,27600.0,0
E02796,48.0,9620.0,4.7,670.0,2,sim,pessoal,36,44500.0,0
E02797,47.0,8690.0,5.6,728.0,1,nao,pessoal,12,20800.0,0
E02798,37.0,8410.0,10.6,719.0,1,nao,pessoal,36,22900.0,0
E02799,47.0,5520.0,12.3,626.0,1,nao,pessoal,60,4900.0,0
E02800,32.0,3410.0,,651.0,0,nao,veiculo,24,16400.0,0
E02801,37.0,6650.0,11.2,626.0,3,nao,pessoal,12,14500.0,0
E02802,52.0,6850.0,2.0,546.0,0,nao,pessoal,24,16300.0,0
E02803,50.0,3750.0,,404.0,1,nao,negocio,36,12500.0,1
E02804,28.0,3400.0,0.9,564.0,2,nao,reforma,60,11200.0,0
E02805,30.0,8290.0,0.4,662.0,1,nao,reforma,48,13600.0,0
E02806,41.0,11400.0,20.7,759.0,2,nao,veiculo,48,6400.0,0
E02807,61.0,2680.0,4.8,728.0,0,sim,veiculo,24,11900.0,0
E02808,18.0,3590.0,4.0,609.0,0,sim,reforma,36,10400.0,0
E02809,43.0,5180.0,6.2,565.0,1,nao,veiculo,24,23100.0,1
E02810,23.0,5620.0,4.1,620.0,3,nao,educacao,12,14800.0,1
E02811,32.0,3070.0,9.2,533.0,2,sim,educacao,36,7800.0,0
E02812,36.0,13000.0,5.9,407.0,2,sim,pessoal,36,71300.0,1
E02813,35.0,5410.0,8.1,470.0,0,nao,pessoal,48,10700.0,0
E02814,34.0,5780.0,2.4,791.0,3,nao,pessoal,48,15100.0,0
E02815,40.0,12070.0,1.1,844.0,1,nao,veiculo,36,29500.0,0
E02816,34.0,3210.0,10.0,723.0,2,nao,educacao,36,5000.0,0
E02817,22.0,3980.0,6.4,634.0,1,nao,veiculo,48,6400.0,0
E02818,49.0,1980.0,1.5,487.0,2,nao,veiculo,24,11300.0,1
E02819,49.0,3790.0,1.5,622.0,1,sim,veiculo,24,3900.0,0
E02820,50.0,1720.0,5.3,707.0,0,nao,reforma,60,7600.0,0
E02821,22.0,6580.0,7.6,731.0,2,nao,veiculo,48,7400.0,0
E02822,44.0,5400.0,2.0,716.0,0,nao,veiculo,60,7400.0,0
E02823,48.0,3560.0,8.4,773.0,0,nao,reforma,60,16100.0,0
E02824,28.0,3950.0,10.5,854.0,2,sim,reforma,48,15700.0,0
E02825,40.0,,5.2,595.0,2,sim,reforma,24,16200.0,0
E02826,39.0,2120.0,4.9,949.0,0,nao,reforma,36,3900.0,0
E02827,62.0,4750.0,1.4,418.0,5,sim,reforma,24,13300.0,1
E02828,63.0,6390.0,2.4,554.0,2,sim,negocio,24,33900.0,0
E02829,20.0,1440.0,4.4,662.0,1,nao,reforma,48,6500.0,0
E02830,70.0,6330.0,6.5,700.0,1,sim,veiculo,24,34400.0,0
E02831,29.0,1540.0,5.6,620.0,1,nao,negocio,12,3200.0,0
E02832,52.0,3910.0,0.6,585.0,1,sim,negocio,24,12000.0,0
E02833,52.0,2090.0,1.9,882.0,0,nao,veiculo,48,8700.0,0
E02834,28.0,9910.0,5.9,580.0,3,sim,educacao,36,52400.0,1
E02835,46.0,2100.0,6.6,528.0,2,sim,negocio,12,8100.0,0
E02836,39.0,1560.0,3.4,826.0,0,nao,pessoal,36,1200.0,0
E02837,47.0,4550.0,7.8,733.0,0,sim,veiculo,24,13400.0,0
E02838,43.0,3280.0,7.8,760.0,0,sim,veiculo,12,17200.0,0
E02839,54.0,1700.0,19.7,662.0,1,sim,reforma,24,8200.0,0
E02840,41.0,5760.0,4.9,489.0,1,sim,negocio,48,33200.0,0
E02841,38.0,1300.0,3.3,649.0,2,nao,pessoal,12,6000.0,0
E02842,53.0,2260.0,2.0,473.0,0,nao,educacao,24,3100.0,1
E02843,47.0,2970.0,1.2,667.0,0,nao,educacao,24,4800.0,0
E02844,49.0,6800.0,7.5,712.0,1,nao,reforma,48,16300.0,0
E02845,32.0,9140.0,6.9,758.0,1,nao,veiculo,24,10400.0,0
E02846,27.0,8140.0,1.4,630.0,0,sim,veiculo,36,35100.0,0
E02847,33.0,3830.0,7.5,722.0,0,nao,pessoal,12,9500.0,0
E02848,33.0,1300.0,5.5,541.0,2,nao,pessoal,48,2100.0,1
E02849,49.0,5310.0,3.7,746.0,0,sim,pessoal,24,9500.0,0
E02850,52.0,10150.0,6.8,714.0,1,sim,pessoal,36,57600.0,0
E02851,38.0,8810.0,15.7,552.0,1,sim,reforma,24,41700.0,0
E02852,57.0,5540.0,,698.0,2,nao,negocio,36,12600.0,0
E02853,56.0,2060.0,,760.0,0,nao,pessoal,24,9900.0,0
E02854,43.0,3060.0,7.3,649.0,0,sim,reforma,12,17000.0,0
E02855,30.0,13400.0,0.2,550.0,3,sim,pessoal,36,63400.0,0
E02856,59.0,1800.0,2.0,660.0,0,sim,veiculo,60,4800.0,0
E02857,39.0,2110.0,1.0,701.0,1,nao,pessoal,48,3100.0,0
E02858,42.0,7390.0,15.6,549.0,0,nao,pessoal,60,35700.0,0
E02859,36.0,3240.0,0.2,529.0,1,sim,negocio,24,2600.0,1
E02860,29.0,2070.0,3.7,697.0,4,sim,veiculo,36,4300.0,0
E02861,22.0,10510.0,6.0,731.0,5,sim,pessoal,48,9700.0,1
E02862,48.0,5540.0,,876.0,1,nao,pessoal,24,10300.0,0
E02863,31.0,3340.0,0.3,713.0,2,nao,educacao,12,7500.0,1
E02864,77.0,2110.0,3.8,507.0,1,sim,veiculo,24,5300.0,0
E02865,27.0,14350.0,2.2,864.0,1,nao,negocio,60,18400.0,0
E02866,25.0,,6.5,756.0,1,nao,veiculo,48,16000.0,0
E02867,46.0,9710.0,8.5,419.0,2,sim,veiculo,24,56300.0,1
E02868,58.0,,1.4,527.0,2,sim,veiculo,48,8100.0,0
E02869,41.0,3070.0,2.5,586.0,0,nao,educacao,48,13500.0,0
E02870,47.0,,2.6,732.0,0,sim,educacao,36,4600.0,0
E02871,18.0,10000.0,8.4,378.0,3,sim,pessoal,12,40400.0,1
E02872,32.0,10100.0,5.0,627.0,1,nao,veiculo,48,14200.0,0
E02873,27.0,1360.0,1.4,726.0,1,nao,pessoal,24,7300.0,0
E02874,18.0,5840.0,10.5,328.0,0,sim,negocio,24,3700.0,1
E02875,41.0,3910.0,2.3,722.0,2,sim,reforma,36,6600.0,0
E02876,18.0,2260.0,2.9,735.0,2,nao,pessoal,24,9300.0,0
E02877,24.0,4910.0,1.8,547.0,0,nao,veiculo,48,20700.0,0
E02878,34.0,1870.0,5.3,513.0,1,sim,veiculo,24,5600.0,0
E02879,30.0,3170.0,3.4,545.0,2,sim,negocio,48,5900.0,0
E02880,45.0,2600.0,12.9,346.0,0,nao,veiculo,24,10200.0,1
E02881,44.0,3110.0,5.0,604.0,1,sim,pessoal,36,18500.0,0
E02882,51.0,4020.0,1.9,664.0,0,nao,reforma,12,16200.0,1
E02883,49.0,2280.0,4.6,506.0,1,sim,pessoal,12,3400.0,0
E02884,54.0,10790.0,14.2,747.0,1,nao,reforma,24,59800.0,0
E02885,40.0,5650.0,1.3,651.0,0,sim,veiculo,24,25000.0,0
E02886,44.0,12330.0,6.8,669.0,1,sim,educacao,24,46800.0,0
E02887,46.0,3820.0,12.2,596.0,1,sim,veiculo,36,5600.0,0
E02888,42.0,,3.0,722.0,3,sim,pessoal,36,6400.0,0
E02889,35.0,12060.0,1.9,782.0,0,nao,negocio,48,37700.0,0
E02890,36.0,2970.0,13.6,595.0,2,nao,negocio,36,11200.0,0
E02891,30.0,3770.0,4.3,724.0,0,nao,veiculo,24,9200.0,0
E02892,45.0,6470.0,4.5,725.0,1,nao,reforma,60,26300.0,0
E02893,39.0,2000.0,3.0,686.0,1,nao,veiculo,24,2800.0,1
E02894,32.0,6440.0,3.2,824.0,0,nao,veiculo,24,32300.0,0
E02895,32.0,5960.0,0.4,560.0,2,sim,pessoal,12,8600.0,0
E02896,25.0,9000.0,6.7,594.0,0,nao,veiculo,24,51800.0,0
E02897,52.0,7160.0,1.0,555.0,2,nao,pessoal,36,32100.0,0
E02898,41.0,9160.0,9.4,720.0,0,sim,educacao,24,43400.0,0
E02899,30.0,3930.0,1.5,610.0,1,nao,educacao,24,9100.0,0
E02900,50.0,2500.0,4.8,563.0,1,nao,pessoal,12,5500.0,1
E02901,33.0,14900.0,2.6,823.0,1,sim,reforma,24,74200.0,0
E02902,23.0,1680.0,3.0,839.0,1,nao,pessoal,36,8500.0,0
E02903,52.0,,3.6,604.0,0,nao,pessoal,24,6600.0,0
E02904,34.0,5900.0,5.9,490.0,1,sim,pessoal,12,15400.0,0
E02905,35.0,11130.0,13.3,845.0,0,sim,veiculo,48,39800.0,0
E02906,40.0,4710.0,3.0,692.0,3,sim,educacao,48,20600.0,0
E02907,54.0,7650.0,0.3,686.0,3,sim,pessoal,60,37000.0,0
E02908,40.0,1300.0,11.2,652.0,1,nao,negocio,12,3900.0,0
E02909,26.0,3110.0,7.6,552.0,1,sim,veiculo,36,15100.0,0
E02910,47.0,1360.0,1.5,595.0,1,nao,pessoal,24,5500.0,0
E02911,34.0,6710.0,1.2,715.0,3,sim,veiculo,36,34500.0,0
E02912,63.0,1660.0,6.1,591.0,1,sim,reforma,48,8200.0,0
E02913,40.0,1950.0,5.3,688.0,0,nao,veiculo,24,5400.0,1
E02914,18.0,5720.0,15.8,641.0,1,nao,veiculo,36,27100.0,1
E02915,44.0,7940.0,6.8,524.0,0,nao,pessoal,24,30400.0,0
E02916,63.0,3820.0,2.4,818.0,0,nao,reforma,24,15800.0,0
E02917,59.0,5910.0,1.9,705.0,0,nao,veiculo,48,10400.0,0
E02918,62.0,5800.0,4.7,676.0,2,sim,negocio,24,27600.0,0
E02919,28.0,3690.0,0.5,701.0,2,sim,veiculo,36,4200.0,0
E02920,51.0,2180.0,0.8,443.0,1,sim,pessoal,36,3400.0,0
E02921,31.0,5890.0,1.3,586.0,2,nao,negocio,24,14300.0,1
E02922,43.0,6070.0,2.4,472.0,3,sim,pessoal,12,28400.0,1
E02923,25.0,7180.0,4.3,654.0,1,nao,pessoal,12,20000.0,0
E02924,32.0,5060.0,7.2,676.0,1,sim,reforma,24,19700.0,0
E02925,32.0,2080.0,11.8,656.0,4,nao,pessoal,60,11500.0,1
E02926,51.0,6360.0,10.1,770.0,2,sim,veiculo,60,28100.0,0
E02927,50.0,4200.0,8.9,475.0,2,nao,veiculo,24,21300.0,0
E02928,43.0,3140.0,2.9,552.0,1,nao,educacao,24,3900.0,0
E02929,24.0,3520.0,2.0,686.0,0,nao,veiculo,36,2900.0,0
E02930,36.0,2780.0,6.0,669.0,0,nao,reforma,48,5100.0,0
E02931,31.0,7160.0,6.4,495.0,1,nao,negocio,36,38900.0,0
E02932,50.0,1790.0,1.4,772.0,1,sim,reforma,48,8100.0,0
E02933,54.0,2310.0,3.6,810.0,0,nao,pessoal,12,6000.0,0
E02934,53.0,3450.0,1.8,687.0,1,nao,educacao,60,19000.0,0
E02935,31.0,11060.0,0.7,474.0,2,nao,educacao,36,45400.0,0
E02936,18.0,7910.0,5.7,658.0,2,sim,veiculo,36,38800.0,0
E02937,19.0,1570.0,8.8,677.0,1,nao,reforma,24,1500.0,0
E02938,57.0,9450.0,14.7,610.0,1,nao,veiculo,12,48000.0,1
E02939,35.0,9440.0,3.8,788.0,2,nao,pessoal,24,30100.0,0
E02940,31.0,2080.0,0.5,627.0,1,sim,reforma,60,2000.0,0
E02941,60.0,1300.0,16.7,871.0,2,sim,veiculo,36,1000.0,0
E02942,55.0,4020.0,17.7,726.0,1,sim,pessoal,24,14500.0,0
E02943,40.0,8240.0,29.8,670.0,2,nao,veiculo,12,30700.0,0
E02944,36.0,10910.0,21.7,741.0,2,nao,veiculo,12,16300.0,0
E02945,38.0,,5.4,808.0,0,sim,educacao,36,5400.0,0
E02946,43.0,12020.0,4.4,739.0,0,nao,negocio,60,32100.0,0
E02947,59.0,1300.0,8.1,632.0,0,nao,reforma,24,1000.0,0
E02948,45.0,3370.0,0.9,567.0,0,nao,negocio,24,19700.0,0
E02949,49.0,3270.0,2.2,517.0,1,nao,pessoal,24,16600.0,1
E02950,54.0,8390.0,3.9,372.0,0,nao,pessoal,36,15700.0,0
E02951,26.0,9150.0,10.4,659.0,2,nao,educacao,48,47100.0,1
E02952,49.0,7450.0,10.8,597.0,5,nao,reforma,36,28700.0,0
E02953,36.0,1870.0,4.1,603.0,1,sim,negocio,60,2800.0,0
E02954,18.0,7050.0,1.0,753.0,0,sim,reforma,36,34100.0,0
E02955,18.0,5700.0,8.7,628.0,2,nao,pessoal,12,5900.0,1
E02956,28.0,1540.0,1.0,848.0,0,nao,reforma,12,4400.0,0
E02957,46.0,1300.0,2.6,577.0,3,nao,pessoal,36,6000.0,1
E02958,41.0,7830.0,5.4,533.0,0,nao,veiculo,48,42600.0,0
E02959,42.0,3770.0,0.8,502.0,0,nao,reforma,36,7800.0,0
E02960,63.0,1940.0,2.1,720.0,2,sim,reforma,48,7400.0,0
E02961,25.0,3710.0,9.7,767.0,1,sim,veiculo,12,19000.0,0
E02962,40.0,5230.0,8.1,575.0,0,nao,reforma,24,27500.0,0
E02963,44.0,4000.0,1.2,523.0,0,nao,negocio,12,2100.0,0
E02964,31.0,1660.0,5.9,808.0,3,nao,pessoal,24,1700.0,0
E02965,40.0,13020.0,7.4,480.0,1,nao,pessoal,36,20100.0,1
E02966,21.0,7670.0,2.3,751.0,1,sim,pessoal,60,4400.0,0
E02967,57.0,3430.0,3.7,577.0,0,sim,veiculo,36,18600.0,1
E02968,32.0,3520.0,4.8,684.0,0,sim,pessoal,24,3000.0,0
E02969,64.0,5210.0,1.3,758.0,0,sim,veiculo,36,28800.0,0
E02970,40.0,2130.0,2.1,692.0,2,nao,pessoal,48,4600.0,0
E02971,52.0,5100.0,15.1,608.0,3,sim,pessoal,24,4600.0,0
E02972,39.0,1890.0,3.4,794.0,2,nao,pessoal,48,4900.0,1
E02973,40.0,4030.0,5.1,672.0,1,nao,negocio,36,18200.0,0
E02974,33.0,2080.0,5.1,1000.0,0,nao,pessoal,36,2600.0,0
E02975,41.0,2150.0,12.0,452.0,2,sim,pessoal,60,12400.0,0
E02976,44.0,11270.0,8.5,451.0,0,sim,pessoal,48,16600.0,0
E02977,31.0,4350.0,1.4,749.0,0,nao,negocio,48,23700.0,1
E02978,38.0,4760.0,13.1,637.0,1,nao,veiculo,48,2800.0,0
E02979,33.0,1300.0,16.8,727.0,0,nao,educacao,36,5900.0,0
E02980,68.0,2940.0,1.4,519.0,1,nao,pessoal,12,9300.0,0
E02981,39.0,5540.0,3.2,646.0,0,sim,pessoal,24,26200.0,0
E02982,59.0,4720.0,4.0,690.0,0,nao,veiculo,48,19400.0,0
E02983,38.0,1300.0,3.3,580.0,0,nao,reforma,24,2000.0,0
E02984,43.0,4760.0,7.5,666.0,1,nao,educacao,60,3700.0,0
E02985,24.0,,3.7,490.0,2,sim,pessoal,12,14200.0,0
E02986,35.0,9070.0,2.7,683.0,0,nao,negocio,36,33400.0,0
E02987,43.0,2830.0,7.7,799.0,0,nao,veiculo,12,14600.0,0
E02988,59.0,1300.0,,504.0,5,nao,veiculo,48,2300.0,1
E02989,43.0,2310.0,5.4,497.0,0,sim,negocio,36,5000.0,1
E02990,57.0,2170.0,6.8,771.0,3,nao,veiculo,24,5100.0,0
E02991,48.0,6530.0,12.5,495.0,3,nao,educacao,12,29300.0,0
E02992,60.0,,4.7,732.0,1,sim,veiculo,36,1500.0,0
E02993,39.0,3210.0,0.6,646.0,3,sim,pessoal,24,10800.0,0
E02994,69.0,9880.0,5.0,594.0,1,sim,pessoal,24,37000.0,0
E02995,34.0,4220.0,0.5,801.0,3,sim,negocio,24,14200.0,0
E02996,31.0,7190.0,6.2,742.0,1,nao,negocio,48,25100.0,0
E02997,25.0,1570.0,10.9,671.0,1,sim,negocio,24,4500.0,0
E02998,68.0,1610.0,4.2,403.0,0,sim,reforma,12,9500.0,1
E02999,50.0,9950.0,3.7,718.0,1,nao,reforma,24,29600.0,0
E03000,36.0,4460.0,8.4,522.0,1,nao,pessoal,36,22800.0,1
E03001,55.0,4470.0,6.0,616.0,0,nao,reforma,24,15900.0,0
E03002,48.0,2150.0,7.9,641.0,0,nao,veiculo,12,8300.0,0
E03003,64.0,4460.0,21.4,849.0,0,sim,veiculo,12,22200.0,0
E03004,21.0,2110.0,2.9,612.0,0,nao,reforma,12,12400.0,1
E03005,37.0,8560.0,6.5,483.0,2,nao,pessoal,48,10900.0,0
E03006,34.0,21580.0,13.3,802.0,3,sim,veiculo,60,79800.0,0
E03007,18.0,5620.0,13.5,720.0,1,sim,educacao,48,8400.0,0
E03008,53.0,2870.0,7.1,724.0,0,sim,educacao,36,2200.0,0
E03009,37.0,1300.0,3.5,804.0,0,sim,veiculo,24,7100.0,0
E03010,49.0,1530.0,7.8,830.0,1,sim,veiculo,24,9100.0,0
E03011,68.0,10680.0,7.9,542.0,1,sim,veiculo,48,45900.0,0
E03012,36.0,2260.0,9.0,487.0,1,nao,pessoal,48,6200.0,1
E03013,35.0,3360.0,1.5,733.0,2,sim,pessoal,60,15700.0,0
E03014,41.0,6220.0,16.5,611.0,1,nao,educacao,60,36900.0,0
E03015,52.0,10220.0,13.4,621.0,3,sim,pessoal,48,56500.0,1
E03016,33.0,3730.0,4.3,517.0,3,nao,veiculo,24,19600.0,0
E03017,32.0,3290.0,12.4,704.0,2,nao,veiculo,60,11000.0,0
E03018,53.0,4380.0,4.1,684.0,1,nao,negocio,12,7400.0,0
E03019,45.0,2880.0,14.6,623.0,0,sim,reforma,24,3600.0,0
E03020,18.0,2980.0,5.0,487.0,1,sim,educacao,48,2700.0,1
E03021,25.0,5380.0,1.9,773.0,0,sim,reforma,36,12800.0,0
E03022,58.0,4690.0,19.4,668.0,2,sim,pessoal,24,3400.0,0
E03023,45.0,15090.0,8.7,763.0,0,nao,veiculo,36,63600.0,0
E03024,31.0,5470.0,3.8,409.0,0,nao,pessoal,48,27600.0,0
E03025,38.0,8380.0,15.5,646.0,0,sim,veiculo,24,40900.0,0
E03026,40.0,2210.0,7.9,561.0,2,nao,pessoal,36,2100.0,0
E03027,49.0,5760.0,3.4,644.0,2,nao,negocio,24,9200.0,0
E03028,24.0,2720.0,15.7,744.0,3,sim,pessoal,24,15800.0,1
E03029,30.0,5320.0,9.0,681.0,1,nao,pessoal,24,31800.0,1
E03030,43.0,6350.0,6.1,642.0,2,sim,veiculo,48,37100.0,0
E03031,39.0,4330.0,4.7,641.0,1,nao,pessoal,24,24200.0,0
E03032,47.0,17810.0,1.8,468.0,2,nao,pessoal,36,23100.0,1
E03033,25.0,9890.0,0.1,540.0,2,sim,negocio,48,47900.0,1
E03034,44.0,8510.0,8.3,763.0,0,sim,pessoal,12,14200.0,0
E03035,53.0,6640.0,1.4,584.0,2,nao,reforma,36,12700.0,0
E03036,46.0,12100.0,1.8,765.0,0,sim,reforma,24,38700.0,0
E03037,42.0,1770.0,4.0,731.0,1,nao,pessoal,36,8700.0,0
E03038,39.0,9560.0,4.1,737.0,3,nao,pessoal,48,28100.0,0
E03039,30.0,2320.0,2.1,677.0,0,nao,veiculo,60,4000.0,0
E03040,39.0,2990.0,8.3,592.0,1,sim,negocio,60,16500.0,0
E03041,55.0,5880.0,0.7,623.0,0,nao,reforma,60,12200.0,0
E03042,39.0,8800.0,8.1,710.0,1,nao,pessoal,12,41800.0,0
E03043,29.0,2100.0,3.6,406.0,0,nao,pessoal,24,9900.0,1
E03044,34.0,3090.0,2.0,777.0,0,sim,reforma,48,3100.0,0
E03045,42.0,,0.7,585.0,0,nao,veiculo,48,13100.0,0
E03046,36.0,3760.0,5.4,631.0,1,sim,pessoal,24,4600.0,0
E03047,46.0,7010.0,1.3,631.0,4,nao,reforma,24,31400.0,1
E03048,46.0,33000.0,1.1,636.0,0,nao,negocio,36,151300.0,0
E03049,51.0,5400.0,13.2,495.0,0,nao,negocio,48,11700.0,0
E03050,57.0,2700.0,0.9,657.0,2,nao,reforma,36,11500.0,0
E03051,52.0,1930.0,0.6,705.0,3,nao,negocio,24,5400.0,0
E03052,29.0,3460.0,7.6,415.0,1,nao,veiculo,12,12400.0,0
E03053,29.0,2390.0,5.8,497.0,1,sim,pessoal,60,10200.0,0
E03054,39.0,5560.0,2.7,739.0,0,nao,veiculo,24,28400.0,0
E03055,35.0,5510.0,1.7,718.0,2,nao,reforma,48,17700.0,0
E03056,26.0,3180.0,2.2,673.0,0,nao,educacao,60,13900.0,0
E03057,35.0,13820.0,2.7,565.0,3,nao,negocio,60,28000.0,0
E03058,34.0,2700.0,6.9,719.0,0,sim,veiculo,24,8300.0,0
E03059,32.0,3910.0,5.5,508.0,3,sim,veiculo,36,3800.0,1
E03060,36.0,6160.0,3.2,625.0,1,nao,pessoal,36,19400.0,0
E03061,54.0,7170.0,3.2,496.0,1,sim,reforma,24,18300.0,0
E03062,42.0,9040.0,7.9,622.0,2,sim,reforma,24,50300.0,0
E03063,70.0,5430.0,1.9,527.0,1,nao,reforma,24,10500.0,1
E03064,42.0,7890.0,0.7,723.0,3,nao,pessoal,24,47100.0,1
E03065,37.0,2820.0,12.1,688.0,0,sim,veiculo,24,4700.0,0
E03066,40.0,7290.0,3.2,577.0,2,sim,pessoal,24,27700.0,0
E03067,43.0,7230.0,18.0,760.0,0,sim,veiculo,48,16600.0,0
E03068,45.0,10410.0,2.8,535.0,0,sim,pessoal,60,56700.0,0
E03069,65.0,,,636.0,2,sim,negocio,48,4900.0,0
E03070,30.0,,1.8,572.0,0,sim,educacao,48,4800.0,0
E03071,50.0,6880.0,5.6,722.0,1,nao,reforma,12,9800.0,0
E03072,42.0,1300.0,3.3,711.0,0,sim,pessoal,36,6000.0,0
E03073,21.0,5640.0,3.6,783.0,1,sim,veiculo,24,30500.0,0
E03074,49.0,7930.0,4.9,649.0,0,nao,pessoal,24,37400.0,0
E03075,55.0,2970.0,2.9,314.0,0,sim,pessoal,48,10000.0,1
E03076,30.0,3240.0,5.4,593.0,0,nao,veiculo,60,18000.0,1
E03077,40.0,2200.0,2.2,812.0,0,sim,pessoal,24,7300.0,0
E03078,19.0,3070.0,5.2,604.0,0,sim,negocio,36,5300.0,0
E03079,25.0,3130.0,0.5,429.0,0,sim,negocio,12,5600.0,0
E03080,53.0,2790.0,0.9,689.0,2,sim,negocio,36,11200.0,0
E03081,34.0,2700.0,1.7,698.0,1,sim,pessoal,24,13400.0,0
E03082,27.0,3570.0,1.2,560.0,1,nao,veiculo,36,15500.0,0
E03083,43.0,3540.0,1.3,613.0,0,nao,pessoal,24,4200.0,1
E03084,34.0,12930.0,6.6,547.0,1,nao,reforma,12,39300.0,0
E03085,34.0,3320.0,3.3,697.0,0,nao,veiculo,48,2800.0,0
E03086,49.0,5160.0,2.9,646.0,1,sim,veiculo,36,28700.0,0
E03087,26.0,2970.0,5.5,512.0,0,nao,pessoal,48,3200.0,0
E03088,29.0,2950.0,5.8,639.0,0,nao,pessoal,60,16300.0,0
E03089,42.0,1510.0,2.6,559.0,1,nao,pessoal,24,3700.0,0
E03090,52.0,1640.0,9.9,801.0,0,nao,pessoal,48,6100.0,0
E03091,55.0,,3.5,738.0,1,nao,pessoal,24,8900.0,0
E03092,32.0,4690.0,7.1,627.0,1,nao,negocio,24,23900.0,0
E03093,51.0,8010.0,2.2,649.0,0,nao,pessoal,48,35400.0,0
E03094,31.0,1440.0,5.3,752.0,3,nao,pessoal,60,4700.0,0
E03095,62.0,3020.0,7.7,621.0,2,nao,negocio,24,5900.0,0
E03096,26.0,1850.0,7.0,723.0,3,nao,negocio,48,3000.0,0
E03097,56.0,3580.0,6.5,803.0,5,nao,veiculo,48,15200.0,0
E03098,32.0,8010.0,2.1,586.0,3,sim,educacao,24,21600.0,1
E03099,64.0,3210.0,1.1,821.0,2,nao,pessoal,36,14400.0,0
E03100,47.0,4080.0,1.0,789.0,3,nao,reforma,36,19500.0,1
E03101,28.0,10060.0,2.7,667.0,1,sim,negocio,12,18900.0,0
E03102,34.0,5530.0,2.5,591.0,2,nao,veiculo,36,3500.0,1
E03103,49.0,2660.0,5.9,666.0,1,nao,pessoal,60,8600.0,0
E03104,53.0,4620.0,4.3,613.0,3,sim,veiculo,48,10600.0,0
E03105,39.0,2560.0,1.0,553.0,2,nao,reforma,24,2700.0,1
E03106,41.0,5410.0,8.8,699.0,3,nao,negocio,24,15500.0,1
E03107,49.0,,5.1,527.0,1,sim,veiculo,24,15100.0,1
E03108,42.0,1850.0,2.0,603.0,1,nao,pessoal,12,3200.0,0
E03109,24.0,4670.0,2.4,604.0,0,sim,reforma,12,10800.0,0
E03110,30.0,3910.0,12.1,490.0,1,nao,pessoal,48,2900.0,1
E03111,43.0,5820.0,1.2,712.0,0,nao,pessoal,36,33700.0,0
E03112,55.0,6920.0,12.6,615.0,1,nao,pessoal,36,30800.0,0
E03113,59.0,5590.0,3.3,783.0,0,sim,veiculo,48,8400.0,0
E03114,49.0,3500.0,3.5,613.0,0,nao,veiculo,12,12600.0,0
E03115,43.0,7350.0,5.5,595.0,0,nao,reforma,60,30300.0,0
E03116,49.0,2490.0,0.7,540.0,0,sim,pessoal,60,8500.0,0
E03117,32.0,1900.0,5.0,644.0,1,sim,veiculo,12,7300.0,0
E03118,38.0,1300.0,7.5,645.0,1,nao,reforma,12,6900.0,0
E03119,30.0,4030.0,2.7,722.0,3,sim,veiculo,48,21800.0,0
E03120,25.0,2570.0,4.0,647.0,1,nao,educacao,36,1700.0,0
E03121,44.0,5330.0,18.2,870.0,1,nao,negocio,60,17800.0,0
E03122,42.0,1300.0,8.2,690.0,1,nao,pessoal,24,3900.0,0
E03123,48.0,2850.0,1.6,531.0,2,nao,negocio,48,2100.0,1
E03124,47.0,5570.0,2.5,522.0,2,sim,negocio,36,30600.0,1
E03125,43.0,2260.0,3.2,699.0,0,sim,veiculo,36,13500.0,0
E03126,47.0,5370.0,8.6,528.0,1,nao,educacao,24,23600.0,0
E03127,39.0,3010.0,1.6,705.0,1,nao,veiculo,36,6000.0,0
E03128,45.0,4120.0,7.0,739.0,2,nao,educacao,24,3600.0,0
E03129,31.0,6000.0,7.0,741.0,3,nao,reforma,24,12300.0,0
E03130,44.0,7440.0,4.2,544.0,1,sim,negocio,48,28500.0,0
E03131,48.0,4440.0,8.9,741.0,1,sim,pessoal,24,9200.0,0
E03132,32.0,2580.0,1.8,675.0,0,nao,reforma,24,11800.0,0
E03133,41.0,3190.0,10.3,573.0,2,sim,pessoal,12,18800.0,0
E03134,33.0,6150.0,0.5,622.0,1,sim,negocio,36,10300.0,0
E03135,34.0,2280.0,1.6,692.0,1,nao,pessoal,24,13600.0,0
E03136,27.0,3770.0,0.5,566.0,2,nao,veiculo,60,12200.0,0
E03137,55.0,3330.0,1.9,673.0,2,sim,educacao,48,9300.0,0
E03138,53.0,3950.0,7.1,799.0,2,sim,veiculo,60,6300.0,0
E03139,46.0,2290.0,5.7,746.0,2,nao,reforma,24,2100.0,0
E03140,64.0,1380.0,5.0,649.0,1,nao,veiculo,36,6300.0,0
E03141,38.0,5740.0,1.9,666.0,0,sim,veiculo,60,24100.0,0
E03142,76.0,7490.0,4.0,581.0,1,nao,educacao,60,35300.0,0
E03143,37.0,1430.0,10.3,584.0,2,nao,negocio,36,2400.0,0
E03144,43.0,5240.0,1.9,471.0,0,sim,veiculo,60,24200.0,0
E03145,35.0,8040.0,2.0,668.0,1,sim,reforma,12,31800.0,0
E03146,44.0,6010.0,2.1,715.0,0,nao,veiculo,12,16100.0,0
E03147,50.0,3270.0,4.8,632.0,1,sim,negocio,36,4700.0,0
E03148,39.0,2380.0,6.6,543.0,0,sim,reforma,24,9900.0,0
E03149,61.0,4410.0,7.9,647.0,1,nao,veiculo,60,24300.0,0
E03150,43.0,4870.0,3.2,788.0,2,nao,veiculo,12,23900.0,0
E03151,43.0,4450.0,2.9,739.0,4,nao,pessoal,24,26300.0,0
E03152,29.0,,2.4,637.0,2,nao,negocio,24,5000.0,0
E03153,45.0,2190.0,6.3,865.0,2,nao,pessoal,48,8900.0,0
E03154,38.0,5410.0,0.7,937.0,1,nao,pessoal,12,13300.0,0
E03155,33.0,5570.0,3.6,587.0,0,nao,veiculo,48,13300.0,0
E03156,31.0,4740.0,3.6,613.0,0,nao,reforma,60,11100.0,0
E03157,72.0,4490.0,7.1,716.0,2,nao,reforma,36,18600.0,0
E03158,37.0,11500.0,1.0,540.0,1,nao,pessoal,12,55400.0,0
E03159,23.0,2890.0,7.5,733.0,0,nao,pessoal,12,10200.0,0
E03160,32.0,9060.0,6.0,651.0,0,nao,pessoal,24,39400.0,0
E03161,39.0,2700.0,15.3,681.0,1,sim,reforma,12,6600.0,0
E03162,47.0,8170.0,13.2,577.0,0,nao,negocio,36,26500.0,0
E03163,47.0,8800.0,9.8,553.0,0,nao,negocio,24,12200.0,0
E03164,48.0,3520.0,0.3,422.0,1,sim,veiculo,24,2800.0,0
E03165,32.0,11380.0,1.2,803.0,1,sim,veiculo,48,34200.0,0
E03166,44.0,5570.0,8.9,744.0,0,sim,veiculo,36,32700.0,0
E03167,29.0,2480.0,3.5,714.0,0,sim,educacao,36,13800.0,0
E03168,33.0,3360.0,13.2,678.0,2,nao,reforma,36,18300.0,0
E03169,29.0,8290.0,,387.0,3,nao,pessoal,60,20800.0,1
E03170,26.0,7310.0,6.9,557.0,2,nao,pessoal,36,33800.0,1
E03171,53.0,2230.0,,612.0,1,nao,veiculo,12,12600.0,0
E03172,48.0,3860.0,4.2,521.0,1,nao,veiculo,24,3200.0,0
E03173,52.0,4750.0,9.0,454.0,1,nao,negocio,36,14000.0,1
E03174,40.0,3100.0,7.3,532.0,1,nao,pessoal,24,7900.0,0
E03175,49.0,17280.0,1.3,645.0,2,nao,educacao,60,88700.0,1
E03176,19.0,4830.0,19.1,645.0,0,nao,negocio,24,17800.0,0
E03177,50.0,4050.0,1.2,740.0,1,sim,veiculo,48,24300.0,0
E03178,42.0,8580.0,2.0,867.0,0,nao,pessoal,60,7000.0,0
E03179,48.0,,6.8,715.0,0,nao,pessoal,24,7500.0,0
E03180,45.0,7690.0,5.8,621.0,0,sim,reforma,36,27200.0,0
E03181,28.0,1540.0,7.8,838.0,0,sim,pessoal,24,2600.0,0
E03182,22.0,3200.0,3.4,466.0,1,nao,negocio,48,18600.0,1
E03183,31.0,7880.0,6.2,411.0,1,nao,educacao,48,34000.0,0
E03184,47.0,10770.0,2.2,542.0,2,nao,educacao,60,41300.0,1
E03185,48.0,2640.0,4.3,729.0,1,nao,reforma,12,3300.0,0
E03186,24.0,2460.0,12.1,659.0,0,sim,pessoal,48,11900.0,0
E03187,28.0,5900.0,1.1,516.0,1,nao,reforma,36,34500.0,0
E03188,31.0,2890.0,9.4,560.0,1,nao,veiculo,24,14200.0,1
E03189,36.0,3570.0,3.6,503.0,3,nao,pessoal,60,12900.0,1
E03190,24.0,7110.0,1.7,503.0,2,nao,pessoal,60,30300.0,0
E03191,23.0,3030.0,1.9,811.0,1,sim,veiculo,36,10400.0,0
E03192,30.0,1300.0,,624.0,1,nao,veiculo,24,1000.0,0
E03193,41.0,1920.0,9.8,835.0,0,nao,pessoal,24,10200.0,0
E03194,26.0,4230.0,6.1,542.0,0,sim,veiculo,24,7600.0,0
E03195,39.0,1370.0,1.0,694.0,1,sim,negocio,24,3000.0,0
E03196,53.0,3510.0,9.1,665.0,1,nao,veiculo,48,19400.0,1
E03197,24.0,1820.0,7.9,737.0,3,nao,pessoal,24,8400.0,1
E03198,38.0,11240.0,0.5,668.0,1,sim,veiculo,24,39600.0,0
E03199,52.0,15400.0,1.6,748.0,2,nao,veiculo,24,29200.0,0
E03200,35.0,2230.0,10.5,701.0,1,nao,negocio,12,11200.0,0
E03201,33.0,4900.0,4.3,520.0,3,nao,veiculo,24,16900.0,0
E03202,54.0,2360.0,9.0,721.0,1,sim,pessoal,12,8300.0,1
E03203,36.0,3490.0,0.2,629.0,1,sim,pessoal,36,5400.0,0
E03204,53.0,12390.0,0.1,555.0,0,sim,pessoal,24,36100.0,0
E03205,45.0,3170.0,7.2,716.0,1,nao,reforma,24,7800.0,0
E03206,36.0,,2.4,741.0,1,sim,pessoal,36,7500.0,0
E03207,46.0,2390.0,7.5,587.0,0,sim,educacao,24,7400.0,0
E03208,44.0,8350.0,9.1,601.0,2,sim,veiculo,24,42800.0,0
E03209,52.0,1300.0,2.5,487.0,0,sim,reforma,60,2900.0,0
E03210,33.0,3220.0,3.9,441.0,0,nao,pessoal,12,6000.0,0
E03211,40.0,4090.0,3.2,613.0,3,nao,pessoal,60,21900.0,1
E03212,39.0,2820.0,2.4,727.0,0,sim,veiculo,60,13400.0,0
E03213,48.0,7050.0,5.1,577.0,0,sim,veiculo,60,25500.0,0
E03214,28.0,8640.0,8.4,797.0,0,nao,veiculo,60,36600.0,0
E03215,52.0,1800.0,2.1,617.0,2,nao,reforma,48,1700.0,0
E03216,46.0,14750.0,2.0,618.0,2,nao,negocio,24,67300.0,1
E03217,24.0,1790.0,2.5,608.0,2,nao,veiculo,24,9700.0,0
E03218,54.0,9100.0,6.8,748.0,1,sim,pessoal,36,28200.0,0
E03219,67.0,4600.0,9.1,535.0,0,nao,pessoal,36,23600.0,0
E03220,52.0,3100.0,3.1,626.0,3,nao,negocio,48,11300.0,0
E03221,57.0,3290.0,0.3,580.0,0,sim,pessoal,12,2300.0,0
E03222,41.0,4120.0,1.4,578.0,1,nao,pessoal,24,2400.0,0
E03223,20.0,4760.0,2.9,644.0,0,nao,negocio,36,5700.0,1
E03224,18.0,2420.0,1.8,628.0,0,nao,pessoal,36,14000.0,0
E03225,43.0,3650.0,1.0,756.0,1,sim,reforma,24,21000.0,0
E03226,33.0,2650.0,4.4,639.0,2,sim,pessoal,12,1900.0,0
E03227,29.0,2030.0,22.6,701.0,2,nao,reforma,60,5100.0,0
E03228,39.0,2570.0,1.5,659.0,0,sim,pessoal,48,14700.0,0
E03229,47.0,2110.0,5.2,794.0,0,sim,negocio,12,7500.0,0
E03230,23.0,3260.0,6.6,607.0,1,nao,pessoal,48,15800.0,0
E03231,35.0,5440.0,7.0,607.0,1,sim,pessoal,12,8800.0,0
E03232,58.0,,4.0,722.0,4,sim,educacao,36,4800.0,0
E03233,27.0,13730.0,1.1,605.0,0,sim,veiculo,36,31800.0,0
E03234,50.0,1300.0,8.4,695.0,2,sim,veiculo,24,5600.0,0
E03235,34.0,5570.0,3.7,897.0,2,sim,veiculo,24,31300.0,0
E03236,47.0,4220.0,3.3,532.0,2,nao,veiculo,36,20200.0,0
E03237,53.0,,1.2,808.0,1,nao,negocio,48,18800.0,0
E03238,49.0,,2.5,586.0,2,sim,reforma,24,16500.0,1
E03239,51.0,3800.0,6.8,787.0,3,nao,veiculo,36,20100.0,0
E03240,26.0,4660.0,3.7,715.0,0,sim,pessoal,24,15600.0,0
E03241,53.0,2690.0,0.8,706.0,1,sim,veiculo,60,8100.0,0
E03242,30.0,6070.0,7.6,623.0,0,nao,negocio,36,12600.0,0
E03243,43.0,1360.0,15.0,612.0,0,nao,pessoal,60,5800.0,0
E03244,43.0,6690.0,1.0,561.0,1,sim,pessoal,24,8900.0,0
E03245,46.0,4140.0,3.9,641.0,0,nao,pessoal,24,10900.0,0
E03246,44.0,3140.0,4.1,620.0,1,sim,reforma,12,14600.0,1
E03247,30.0,3650.0,,661.0,0,nao,educacao,48,15400.0,0
E03248,24.0,3820.0,10.8,485.0,0,nao,reforma,36,4700.0,0
E03249,50.0,9150.0,4.1,642.0,0,nao,educacao,48,22600.0,0
E03250,42.0,29230.0,8.6,779.0,0,nao,educacao,36,78000.0,0
E03251,54.0,8730.0,5.5,744.0,0,nao,negocio,12,15600.0,0
E03252,39.0,2990.0,10.5,643.0,1,nao,veiculo,24,4800.0,0
E03253,23.0,6130.0,5.4,922.0,0,sim,pessoal,24,20200.0,0
E03254,52.0,6290.0,2.7,576.0,2,nao,veiculo,24,14700.0,0
E03255,36.0,2410.0,6.4,630.0,3,nao,educacao,36,9300.0,0
E03256,44.0,1970.0,1.8,480.0,0,nao,veiculo,36,7900.0,1
E03257,32.0,4040.0,6.9,596.0,1,nao,veiculo,36,23200.0,1
E03258,60.0,6820.0,1.5,837.0,2,nao,reforma,24,25600.0,1
E03259,29.0,1600.0,3.8,600.0,4,nao,pessoal,36,8000.0,0
E03260,36.0,2730.0,3.2,472.0,2,sim,reforma,24,15000.0,0
E03261,41.0,5920.0,5.1,736.0,3,sim,reforma,36,16800.0,1
E03262,27.0,4310.0,11.8,683.0,1,sim,negocio,24,6300.0,0
E03263,44.0,,2.4,731.0,2,sim,reforma,24,20000.0,0
E03264,59.0,1800.0,8.2,607.0,2,sim,pessoal,60,7700.0,0
E03265,34.0,17230.0,10.8,529.0,1,nao,veiculo,24,39100.0,0
E03266,45.0,1670.0,8.0,620.0,2,sim,veiculo,36,2000.0,0
E03267,18.0,1300.0,5.0,701.0,1,sim,veiculo,36,1600.0,0
E03268,40.0,4050.0,4.8,632.0,0,sim,educacao,36,9500.0,0
E03269,36.0,2130.0,2.2,683.0,2,sim,veiculo,48,2800.0,1
E03270,30.0,4100.0,0.6,581.0,1,nao,reforma,36,22700.0,0
E03271,53.0,,4.3,687.0,1,nao,reforma,48,2200.0,1
E03272,36.0,3730.0,11.5,640.0,0,nao,reforma,12,6600.0,0
E03273,38.0,2530.0,12.7,562.0,0,nao,educacao,12,14200.0,0
E03274,35.0,5440.0,0.8,655.0,1,nao,pessoal,36,26900.0,1
E03275,18.0,3470.0,12.4,597.0,1,sim,pessoal,24,19400.0,0
E03276,26.0,8140.0,6.6,708.0,1,nao,pessoal,24,43300.0,0
E03277,52.0,3770.0,6.0,736.0,1,nao,educacao,24,10600.0,0
E03278,18.0,2350.0,11.4,695.0,2,nao,negocio,36,2400.0,0
E03279,31.0,1530.0,9.1,460.0,1,nao,negocio,60,7800.0,1
E03280,35.0,3790.0,1.5,534.0,0,nao,pessoal,24,9700.0,1
E03281,61.0,1960.0,2.0,570.0,2,nao,negocio,24,2200.0,1
E03282,49.0,1870.0,0.5,552.0,1,nao,negocio,12,8900.0,1
E03283,33.0,5760.0,5.8,580.0,1,nao,pessoal,60,3700.0,0
E03284,56.0,1450.0,1.7,742.0,0,sim,veiculo,12,2500.0,0
E03285,31.0,9800.0,2.7,717.0,1,nao,negocio,24,40300.0,0
E03286,52.0,4620.0,10.4,593.0,1,nao,veiculo,24,8400.0,0
E03287,24.0,4090.0,,705.0,2,nao,negocio,24,3500.0,0
E03288,53.0,2260.0,6.6,676.0,2,nao,veiculo,36,9600.0,1
E03289,35.0,6640.0,18.9,636.0,0,nao,pessoal,12,14400.0,1
E03290,28.0,4190.0,0.0,766.0,1,nao,pessoal,36,23200.0,0
E03291,37.0,2780.0,1.8,567.0,0,nao,pessoal,24,2400.0,0
E03292,43.0,4730.0,3.1,646.0,2,nao,reforma,36,11500.0,0
E03293,34.0,1530.0,1.9,524.0,1,nao,pessoal,12,8300.0,1
E03294,47.0,1570.0,8.5,530.0,3,sim,veiculo,24,1500.0,0
E03295,33.0,2140.0,3.5,490.0,0,nao,negocio,48,11400.0,1
E03296,47.0,5180.0,1.3,532.0,1,sim,pessoal,60,26400.0,1
E03297,45.0,4190.0,5.4,649.0,0,nao,veiculo,24,5100.0,0
E03298,39.0,7880.0,6.2,607.0,0,nao,negocio,36,28200.0,0
E03299,35.0,2420.0,1.4,610.0,3,sim,negocio,36,2800.0,0
E03300,42.0,5930.0,,607.0,2,nao,educacao,48,33200.0,1
E03301,47.0,3920.0,6.3,835.0,2,sim,veiculo,36,23200.0,0
E03302,65.0,2390.0,10.9,515.0,2,sim,pessoal,36,5800.0,1
E03303,51.0,5290.0,2.2,503.0,3,sim,educacao,48,30600.0,0
E03304,52.0,4040.0,6.9,547.0,3,sim,educacao,36,8100.0,0
E03305,77.0,2880.0,2.5,632.0,3,nao,reforma,36,11000.0,0
E03306,46.0,4310.0,4.6,697.0,1,nao,pessoal,24,7900.0,1
E03307,46.0,3890.0,1.6,708.0,1,nao,reforma,48,2400.0,0
E03308,48.0,3830.0,6.7,744.0,5,nao,reforma,24,9300.0,0
E03309,28.0,3280.0,9.5,628.0,0,nao,negocio,36,9600.0,0
E03310,35.0,1920.0,3.8,596.0,1,nao,pessoal,36,3000.0,1
E03311,34.0,4390.0,3.4,820.0,1,nao,pessoal,36,14700.0,0
E03312,48.0,2590.0,3.1,334.0,1,sim,veiculo,24,14600.0,1
E03313,38.0,2280.0,1.1,647.0,2,nao,educacao,36,11400.0,0
E03314,42.0,3640.0,7.8,687.0,0,nao,negocio,12,10100.0,0
E03315,53.0,,10.7,846.0,1,nao,pessoal,48,18300.0,0
E03316,50.0,4690.0,2.0,457.0,3,nao,veiculo,12,24700.0,1
E03317,38.0,3050.0,5.1,594.0,2,sim,reforma,60,11100.0,0
E03318,32.0,2980.0,6.6,491.0,1,nao,pessoal,60,8300.0,1
E03319,54.0,6150.0,2.5,442.0,1,sim,educacao,60,12400.0,0
E03320,49.0,1300.0,12.7,618.0,0,nao,veiculo,12,7400.0,0
E03321,21.0,6780.0,5.2,732.0,0,nao,negocio,12,21600.0,0
E03322,36.0,1360.0,0.8,773.0,2,nao,veiculo,36,3100.0,0
E03323,42.0,1800.0,9.9,581.0,0,nao,educacao,24,9800.0,0
E03324,49.0,3080.0,4.0,713.0,1,sim,pessoal,60,13100.0,0
E03325,51.0,15440.0,2.9,618.0,2,sim,veiculo,36,82900.0,1
E03326,43.0,11490.0,7.3,701.0,2,nao,veiculo,60,24700.0,0
E03327,47.0,6420.0,2.5,767.0,1,nao,pessoal,60,37700.0,0
E03328,41.0,5200.0,12.1,619.0,1,sim,veiculo,60,27500.0,0
E03329,32.0,1370.0,10.2,758.0,3,nao,educacao,12,5500.0,1
E03330,37.0,4610.0,13.3,507.0,3,nao,veiculo,60,27000.0,1
E03331,40.0,3020.0,18.1,712.0,1,sim,educacao,12,8800.0,0
E03332,40.0,2570.0,6.5,754.0,1,sim,pessoal,48,8400.0,0
E03333,18.0,4610.0,4.3,742.0,0,nao,pessoal,48,17400.0,0
E03334,35.0,3170.0,2.4,510.0,0,nao,pessoal,24,15200.0,1
E03335,41.0,7080.0,7.0,617.0,1,nao,educacao,24,30900.0,0
E03336,37.0,1310.0,17.8,673.0,0,nao,pessoal,36,7300.0,0
E03337,37.0,4390.0,,689.0,2,sim,pessoal,36,13500.0,0
E03338,46.0,,5.6,653.0,2,sim,pessoal,48,9000.0,0
E03339,27.0,3280.0,0.8,797.0,0,nao,veiculo,12,9100.0,0
E03340,20.0,5040.0,,497.0,1,sim,veiculo,24,24400.0,0
E03341,36.0,2150.0,10.9,614.0,2,sim,veiculo,48,9600.0,0
E03342,49.0,4630.0,9.6,454.0,3,nao,educacao,12,26600.0,1
E03343,60.0,3700.0,2.3,708.0,0,nao,veiculo,36,21500.0,0
E03344,49.0,2830.0,1.4,701.0,1,sim,pessoal,36,10100.0,0
E03345,22.0,3170.0,13.7,1000.0,2,nao,reforma,60,2300.0,0
E03346,37.0,3830.0,1.5,753.0,0,nao,pessoal,60,14300.0,0
E03347,43.0,2650.0,1.0,676.0,0,nao,pessoal,36,10800.0,0
E03348,42.0,4220.0,1.6,668.0,1,nao,educacao,36,3700.0,0
E03349,46.0,3550.0,6.1,605.0,2,sim,pessoal,36,5300.0,0
E03350,29.0,2910.0,19.9,654.0,1,nao,educacao,24,15300.0,0
E03351,41.0,10900.0,2.5,670.0,1,nao,reforma,48,31300.0,0
E03352,45.0,5390.0,10.8,424.0,0,nao,negocio,24,30100.0,0
E03353,50.0,3340.0,4.8,662.0,0,nao,veiculo,24,7600.0,0
E03354,30.0,4580.0,0.4,651.0,3,nao,reforma,24,27000.0,1
E03355,36.0,2270.0,2.6,833.0,2,sim,veiculo,24,9500.0,0
E03356,18.0,3230.0,9.7,626.0,1,nao,educacao,48,14900.0,0
E03357,33.0,3470.0,9.3,556.0,2,nao,pessoal,24,13200.0,1
E03358,34.0,1990.0,2.2,670.0,1,sim,veiculo,24,6900.0,0
E03359,28.0,,7.8,648.0,2,nao,veiculo,24,23800.0,0
E03360,42.0,3100.0,3.9,626.0,0,sim,pessoal,36,5000.0,0
E03361,39.0,3390.0,5.9,499.0,2,nao,pessoal,24,10800.0,1
E03362,18.0,2990.0,11.3,623.0,1,nao,negocio,36,17100.0,0
E03363,43.0,24790.0,2.3,576.0,0,nao,reforma,48,134400.0,0
E03364,29.0,2820.0,3.0,616.0,3,nao,reforma,48,15900.0,1
E03365,46.0,1300.0,11.4,721.0,1,sim,reforma,24,6400.0,0
E03366,25.0,,18.5,566.0,0,nao,pessoal,36,7800.0,0
E03367,40.0,6620.0,8.8,616.0,0,sim,pessoal,24,37000.0,0
E03368,37.0,9360.0,5.6,700.0,1,sim,reforma,36,44100.0,0
E03369,44.0,2790.0,8.7,610.0,0,sim,reforma,60,2800.0,0
E03370,41.0,9050.0,2.5,927.0,2,sim,reforma,48,33200.0,0
E03371,37.0,6550.0,4.6,667.0,1,nao,veiculo,60,4700.0,0
E03372,22.0,3750.0,0.8,503.0,1,sim,veiculo,24,5500.0,1
E03373,22.0,3590.0,2.6,548.0,2,sim,reforma,48,15200.0,1
E03374,33.0,,6.2,537.0,1,nao,veiculo,24,26100.0,1
E03375,40.0,7110.0,5.1,549.0,2,nao,veiculo,12,4100.0,0
E03376,33.0,5330.0,0.2,699.0,2,nao,pessoal,36,24800.0,0
E03377,48.0,2800.0,3.5,518.0,0,nao,pessoal,36,8400.0,0
E03378,37.0,3780.0,5.0,604.0,0,nao,educacao,48,19000.0,0
E03379,28.0,13790.0,5.2,766.0,2,nao,veiculo,48,54900.0,0
E03380,37.0,4880.0,1.0,583.0,0,nao,educacao,60,18200.0,0
E03381,43.0,7080.0,7.9,714.0,0,nao,reforma,48,20100.0,0
E03382,44.0,5810.0,16.6,455.0,1,nao,veiculo,36,14000.0,0
E03383,63.0,4950.0,8.7,599.0,0,sim,educacao,12,16200.0,0
E03384,32.0,4480.0,4.6,543.0,0,sim,pessoal,12,18800.0,0
E03385,39.0,7200.0,13.9,673.0,2,nao,pessoal,12,18600.0,0
E03386,45.0,6460.0,2.5,526.0,1,sim,veiculo,24,20600.0,1
E03387,40.0,4920.0,7.1,868.0,2,sim,reforma,60,18600.0,0
E03388,34.0,,4.1,460.0,1,nao,pessoal,48,1400.0,1
E03389,21.0,5290.0,14.1,765.0,0,nao,pessoal,36,8900.0,0
E03390,34.0,4030.0,1.7,737.0,2,nao,negocio,12,6100.0,0
E03391,27.0,3490.0,1.7,674.0,0,nao,negocio,36,18500.0,0
E03392,19.0,,11.6,646.0,0,sim,negocio,48,114100.0,0
E03393,30.0,1670.0,6.7,844.0,0,nao,pessoal,24,2500.0,0
E03394,27.0,7460.0,12.4,912.0,0,sim,educacao,24,32400.0,0
E03395,47.0,2500.0,1.8,617.0,0,sim,educacao,36,7000.0,0
E03396,47.0,4540.0,2.2,657.0,3,nao,pessoal,12,16000.0,0
E03397,29.0,19610.0,5.8,579.0,0,nao,pessoal,36,54100.0,1
E03398,37.0,2360.0,0.8,511.0,1,sim,pessoal,60,7300.0,1
E03399,18.0,2720.0,5.4,691.0,1,sim,educacao,12,11700.0,0
E03400,34.0,4160.0,3.0,667.0,2,nao,reforma,24,8700.0,0
E03401,45.0,2530.0,4.1,463.0,1,sim,pessoal,36,1600.0,0
E03402,50.0,7140.0,7.9,690.0,0,sim,pessoal,12,23300.0,0
E03403,31.0,3050.0,8.2,671.0,2,sim,educacao,48,3200.0,0
E03404,53.0,6220.0,16.0,574.0,0,nao,reforma,12,35900.0,0
E03405,22.0,1890.0,10.3,567.0,0,sim,negocio,24,4500.0,0
E03406,25.0,1420.0,0.4,687.0,4,nao,pessoal,36,1000.0,0
E03407,49.0,3660.0,1.8,817.0,3,sim,negocio,48,11500.0,0
E03408,60.0,1640.0,2.0,684.0,1,nao,pessoal,24,3700.0,0
E03409,46.0,10440.0,9.5,726.0,0,sim,pessoal,12,44600.0,0
E03410,40.0,1680.0,14.4,548.0,0,sim,negocio,24,7400.0,0
E03411,18.0,2250.0,1.2,594.0,0,sim,pessoal,12,9800.0,1
E03412,18.0,5380.0,9.7,707.0,1,nao,veiculo,24,14300.0,0
E03413,42.0,2950.0,4.6,491.0,0,nao,pessoal,36,15400.0,0
E03414,36.0,1690.0,4.0,663.0,1,sim,reforma,60,1300.0,0
E03415,27.0,14280.0,2.5,694.0,0,nao,pessoal,60,44100.0,0
E03416,41.0,2300.0,3.5,636.0,0,sim,veiculo,48,13100.0,0
E03417,41.0,3730.0,5.5,675.0,2,nao,pessoal,48,10400.0,0
E03418,51.0,3700.0,2.8,646.0,0,nao,negocio,36,21800.0,0
E03419,42.0,,6.4,572.0,2,sim,negocio,60,28400.0,0
E03420,55.0,5540.0,4.0,510.0,1,sim,educacao,48,15200.0,0
E03421,40.0,2560.0,3.6,630.0,0,sim,negocio,36,10900.0,0
E03422,39.0,3450.0,,783.0,1,nao,reforma,24,19700.0,0
E03423,53.0,3670.0,5.9,753.0,1,nao,pessoal,48,19000.0,0
E03424,28.0,6580.0,0.2,602.0,0,sim,pessoal,60,10400.0,0
E03425,74.0,2080.0,6.6,600.0,2,sim,educacao,36,10400.0,0
E03426,45.0,14100.0,5.6,592.0,3,sim,veiculo,24,24700.0,0
E03427,45.0,2660.0,10.8,592.0,3,nao,pessoal,24,2800.0,0
E03428,46.0,4180.0,5.8,672.0,0,nao,pessoal,48,11400.0,0
E03429,63.0,2090.0,,756.0,3,sim,negocio,60,7900.0,0
E03430,50.0,1930.0,2.4,889.0,1,sim,pessoal,24,4300.0,0
E03431,21.0,2490.0,0.6,549.0,3,nao,veiculo,12,12800.0,1
E03432,57.0,2350.0,4.5,712.0,1,nao,reforma,12,5400.0,1
E03433,36.0,3280.0,2.0,700.0,2,sim,reforma,48,3800.0,0
E03434,41.0,2330.0,12.1,604.0,1,nao,pessoal,24,7600.0,0
E03435,25.0,,4.7,527.0,2,nao,reforma,48,25400.0,0
E03436,46.0,2630.0,1.5,670.0,2,sim,pessoal,12,5300.0,1
E03437,32.0,2460.0,0.4,873.0,0,sim,pessoal,12,13300.0,0
E03438,41.0,3320.0,0.7,670.0,0,sim,reforma,24,2800.0,0
E03439,37.0,7620.0,6.2,553.0,1,sim,negocio,24,28800.0,0
E03440,63.0,4780.0,13.1,623.0,1,sim,educacao,60,24500.0,0
E03441,64.0,3960.0,7.3,515.0,6,nao,pessoal,24,19600.0,1
E03442,41.0,1780.0,4.1,642.0,2,nao,pessoal,48,7300.0,0
E03443,41.0,2120.0,18.7,715.0,1,nao,veiculo,60,1500.0,0
E03444,36.0,1950.0,8.6,564.0,0,nao,pessoal,48,1800.0,0
E03445,53.0,9200.0,5.9,300.0,2,nao,pessoal,60,29000.0,0
E03446,36.0,5770.0,3.2,670.0,0,nao,pessoal,24,32900.0,0
E03447,35.0,2500.0,13.6,585.0,1,nao,pessoal,36,2300.0,0
E03448,52.0,2990.0,3.5,557.0,2,nao,veiculo,36,15500.0,0
E03449,34.0,2560.0,2.0,556.0,0,sim,pessoal,60,12700.0,0
E03450,40.0,2470.0,4.3,684.0,0,nao,pessoal,48,14200.0,0
E03451,21.0,5540.0,5.0,595.0,1,nao,pessoal,48,7400.0,0
E03452,48.0,3530.0,9.2,742.0,3,sim,veiculo,24,3800.0,0
E03453,63.0,14640.0,2.0,745.0,1,nao,veiculo,36,37900.0,0
E03454,49.0,8890.0,2.4,610.0,1,sim,pessoal,60,29800.0,0
E03455,58.0,9210.0,2.5,583.0,2,sim,veiculo,24,48100.0,0
E03456,30.0,6280.0,4.1,654.0,1,nao,pessoal,12,34900.0,0
E03457,43.0,3260.0,1.5,624.0,1,sim,educacao,24,7400.0,0
E03458,29.0,6010.0,12.0,447.0,1,nao,veiculo,60,30200.0,0
E03459,37.0,3410.0,0.7,851.0,3,nao,reforma,36,17400.0,0
E03460,49.0,11170.0,13.9,719.0,2,sim,reforma,24,30900.0,0
E03461,41.0,5350.0,8.5,589.0,1,nao,veiculo,60,16100.0,0
E03462,23.0,4920.0,1.8,429.0,2,nao,veiculo,12,26300.0,1
E03463,24.0,4530.0,3.8,620.0,0,sim,veiculo,48,24100.0,0
E03464,23.0,11930.0,2.2,575.0,3,nao,veiculo,48,69000.0,1
E03465,46.0,1780.0,8.6,633.0,0,sim,pessoal,36,6900.0,0
E03466,65.0,12660.0,12.9,402.0,1,sim,pessoal,24,40200.0,1
E03467,56.0,3760.0,31.4,588.0,1,nao,pessoal,24,19000.0,0
E03468,18.0,1810.0,6.9,595.0,1,sim,veiculo,24,1700.0,0
E03469,57.0,2670.0,0.7,619.0,0,nao,pessoal,12,14100.0,1
E03470,51.0,1560.0,1.7,614.0,1,sim,negocio,36,2600.0,0
E03471,21.0,6220.0,6.6,646.0,0,nao,pessoal,24,19200.0,0
E03472,36.0,2250.0,3.9,807.0,1,sim,pessoal,60,9600.0,0
E03473,53.0,4650.0,8.4,583.0,1,nao,reforma,36,3000.0,0
E03474,47.0,8290.0,,540.0,1,nao,educacao,12,22000.0,1
E03475,24.0,2810.0,1.9,450.0,3,sim,veiculo,36,5900.0,1
E03476,47.0,3580.0,3.4,584.0,2,sim,veiculo,24,3100.0,0
E03477,18.0,1920.0,8.7,486.0,0,nao,pessoal,24,2700.0,1
E03478,37.0,3330.0,6.2,746.0,1,nao,negocio,24,4600.0,0
E03479,54.0,,,629.0,1,nao,reforma,24,91200.0,0
E03480,40.0,6700.0,1.1,743.0,0,nao,pessoal,36,18300.0,0
E03481,34.0,3580.0,2.0,801.0,3,nao,reforma,24,2700.0,0
E03482,51.0,2910.0,11.3,545.0,1,sim,pessoal,12,5000.0,0
E03483,52.0,4090.0,1.1,602.0,2,nao,veiculo,48,18300.0,1
E03484,56.0,4540.0,8.1,786.0,3,sim,veiculo,24,7800.0,0
E03485,50.0,3270.0,1.0,661.0,2,nao,reforma,24,9500.0,1
E03486,53.0,,5.0,697.0,2,nao,negocio,24,23800.0,0
E03487,49.0,2370.0,2.9,754.0,0,sim,veiculo,48,13700.0,0
E03488,43.0,2360.0,1.8,739.0,3,sim,reforma,36,2000.0,0
E03489,41.0,5240.0,5.3,685.0,1,nao,reforma,12,9000.0,0
E03490,37.0,2080.0,10.9,794.0,0,nao,pessoal,36,3600.0,0
E03491,25.0,6500.0,2.3,632.0,1,nao,reforma,48,34800.0,0
E03492,29.0,4160.0,0.3,697.0,3,nao,negocio,12,14700.0,1
E03493,37.0,1400.0,4.0,621.0,1,sim,veiculo,12,6500.0,1
E03494,43.0,4490.0,1.8,752.0,1,nao,veiculo,48,13600.0,0
E03495,57.0,1530.0,8.9,563.0,2,sim,reforma,36,4700.0,0
E03496,39.0,6370.0,2.9,455.0,1,nao,educacao,24,37300.0,1
E03497,52.0,3620.0,2.4,712.0,1,sim,pessoal,36,5100.0,0
E03498,53.0,12750.0,3.2,528.0,2,sim,pessoal,12,34200.0,1
E03499,37.0,7990.0,10.9,517.0,3,nao,reforma,24,47400.0,0
E03500,47.0,2220.0,6.5,779.0,0,nao,pessoal,48,4300.0,0
E03501,37.0,1300.0,1.5,746.0,0,nao,educacao,24,1400.0,0
E03502,56.0,2670.0,1.1,602.0,0,nao,pessoal,36,5700.0,1
E03503,48.0,2020.0,13.8,305.0,1,nao,pessoal,24,10300.0,1
E03504,26.0,12560.0,2.3,699.0,2,nao,educacao,60,75100.0,0
E03505,42.0,4170.0,11.2,713.0,0,nao,pessoal,36,16400.0,0
E03506,60.0,7350.0,3.9,697.0,1,nao,veiculo,24,43700.0,0
E03507,38.0,3540.0,2.0,692.0,1,sim,veiculo,36,5200.0,0
E03508,45.0,3770.0,2.2,620.0,0,sim,educacao,36,14900.0,0
E03509,47.0,4120.0,4.0,595.0,1,nao,pessoal,60,15500.0,0
E03510,28.0,8160.0,0.3,518.0,0,sim,reforma,48,10000.0,0
E03511,46.0,,2.1,563.0,0,sim,negocio,48,19700.0,0
E03512,23.0,2230.0,17.6,675.0,1,sim,veiculo,60,7700.0,0
E03513,32.0,11120.0,21.5,677.0,0,sim,pessoal,24,51800.0,0
E03514,53.0,3520.0,2.3,727.0,0,sim,pessoal,36,17800.0,0
E03515,44.0,3200.0,7.7,485.0,1,sim,veiculo,60,5500.0,0
E03516,36.0,1300.0,6.4,457.0,0,sim,pessoal,60,1400.0,0
E03517,45.0,6150.0,1.3,598.0,0,nao,veiculo,24,34300.0,0
E03518,39.0,4460.0,7.8,528.0,2,nao,veiculo,24,20400.0,1
E03519,40.0,4460.0,3.2,660.0,1,nao,reforma,24,11100.0,0
E03520,48.0,3300.0,4.8,496.0,4,nao,reforma,48,11400.0,1
E03521,31.0,2970.0,9.1,770.0,1,sim,reforma,36,14900.0,0
E03522,40.0,3360.0,3.4,550.0,0,nao,pessoal,36,4700.0,0
E03523,36.0,5550.0,3.3,815.0,0,nao,veiculo,60,2800.0,0
E03524,21.0,6160.0,7.2,698.0,0,nao,educacao,12,21600.0,0
E03525,29.0,3660.0,11.4,524.0,0,nao,educacao,60,3700.0,0
E03526,59.0,7420.0,6.8,870.0,1,nao,pessoal,36,43000.0,0
E03527,45.0,4010.0,3.5,669.0,1,sim,pessoal,12,6500.0,0
E03528,24.0,3100.0,10.5,658.0,1,sim,reforma,60,14100.0,0
E03529,22.0,4730.0,6.1,633.0,0,nao,veiculo,60,20900.0,0
E03530,39.0,1860.0,13.3,691.0,1,nao,veiculo,60,2600.0,0
E03531,59.0,4830.0,,698.0,1,sim,pessoal,48,3100.0,0
E03532,38.0,1660.0,6.7,545.0,2,sim,veiculo,24,2900.0,0
E03533,56.0,2270.0,12.6,617.0,1,sim,pessoal,24,7900.0,0
E03534,44.0,1300.0,12.9,653.0,1,nao,pessoal,24,1600.0,0
E03535,46.0,3780.0,4.3,704.0,2,nao,veiculo,24,21400.0,1
E03536,24.0,11030.0,,706.0,0,sim,educacao,60,53000.0,0
E03537,51.0,3920.0,5.0,658.0,3,nao,negocio,36,6800.0,0
E03538,36.0,6180.0,8.5,579.0,2,nao,pessoal,24,6900.0,0
E03539,50.0,17230.0,4.6,574.0,1,sim,pessoal,48,15000.0,0
E03540,30.0,5350.0,0.9,509.0,1,sim,pessoal,36,26800.0,1
E03541,42.0,2650.0,19.5,705.0,1,nao,negocio,24,14200.0,0
E03542,44.0,2880.0,8.2,572.0,0,nao,pessoal,60,9800.0,0
E03543,38.0,4200.0,8.8,619.0,0,nao,negocio,36,15100.0,1
E03544,45.0,2870.0,5.4,666.0,0,nao,reforma,36,8100.0,0
E03545,37.0,,,640.0,1,nao,educacao,12,14700.0,0
E03546,32.0,7590.0,4.2,639.0,0,sim,pessoal,36,40300.0,0
E03547,59.0,7770.0,2.1,540.0,1,sim,reforma,24,17300.0,0
E03548,53.0,1560.0,2.7,670.0,1,sim,pessoal,48,8500.0,0
E03549,31.0,2570.0,4.6,606.0,2,nao,reforma,12,4700.0,0
E03550,47.0,3180.0,2.8,630.0,1,sim,reforma,24,5400.0,0
E03551,31.0,6020.0,4.7,767.0,1,nao,educacao,12,31200.0,0
E03552,26.0,8340.0,1.3,696.0,1,sim,reforma,60,28000.0,0
E03553,52.0,21250.0,10.4,577.0,0,nao,negocio,24,16700.0,0
E03554,20.0,3180.0,7.2,624.0,1,nao,veiculo,12,3400.0,1
E03555,51.0,3270.0,17.8,816.0,1,nao,veiculo,48,6800.0,0
E03556,37.0,5980.0,2.2,606.0,1,sim,pessoal,60,8900.0,0
E03557,37.0,2790.0,8.2,644.0,2,sim,pessoal,48,16700.0,0
E03558,45.0,3860.0,1.2,713.0,3,sim,pessoal,60,17200.0,1
E03559,47.0,3270.0,4.7,664.0,0,nao,pessoal,48,9500.0,0
E03560,30.0,1300.0,5.5,599.0,1,sim,pessoal,60,6400.0,0
E03561,49.0,4520.0,,558.0,1,nao,pessoal,24,9600.0,0
E03562,41.0,3760.0,11.7,639.0,1,nao,pessoal,24,2500.0,0
E03563,25.0,9010.0,9.3,712.0,2,sim,reforma,12,22600.0,0
E03564,38.0,4210.0,7.2,785.0,1,sim,veiculo,60,10400.0,0
E03565,57.0,1980.0,1.3,479.0,2,sim,negocio,60,2500.0,1
E03566,60.0,3600.0,2.4,834.0,0,nao,pessoal,24,14300.0,0
E03567,49.0,1300.0,10.2,608.0,1,sim,pessoal,36,3400.0,0
E03568,26.0,2030.0,4.6,742.0,4,nao,educacao,24,4300.0,0
E03569,46.0,6150.0,3.9,559.0,0,nao,educacao,60,23500.0,0
E03570,50.0,,12.6,463.0,0,nao,veiculo,12,16200.0,0
E03571,49.0,7310.0,5.3,496.0,0,nao,pessoal,36,43500.0,0
E03572,49.0,1300.0,1.5,604.0,0,sim,negocio,36,7000.0,0
E03573,44.0,3630.0,10.1,698.0,2,nao,negocio,24,2100.0,0
E03574,39.0,3160.0,1.3,643.0,1,sim,negocio,60,4200.0,0
E03575,33.0,7450.0,4.7,612.0,1,nao,veiculo,36,26100.0,0
E03576,18.0,6290.0,6.0,763.0,2,nao,pessoal,36,19200.0,0
E03577,44.0,6170.0,8.5,640.0,2,sim,veiculo,12,32700.0,0
E03578,42.0,10590.0,0.9,671.0,0,nao,veiculo,24,52700.0,0
E03579,47.0,3370.0,0.2,982.0,0,nao,pessoal,24,11500.0,0
E03580,24.0,9360.0,0.2,639.0,3,sim,pessoal,36,53500.0,1
E03581,48.0,2240.0,13.8,563.0,0,nao,negocio,36,5500.0,0
E03582,65.0,2200.0,0.7,693.0,1,sim,pessoal,24,9000.0,0
E03583,41.0,6600.0,16.5,721.0,1,nao,pessoal,60,28600.0,0
E03584,39.0,1700.0,10.9,673.0,0,nao,veiculo,24,5600.0,0
E03585,44.0,5920.0,1.8,657.0,1,nao,negocio,36,10000.0,1
E03586,64.0,4460.0,0.4,803.0,2,nao,negocio,60,6000.0,0
E03587,28.0,7990.0,5.0,789.0,3,nao,pessoal,48,11100.0,0
E03588,42.0,4050.0,2.9,627.0,1,sim,reforma,48,10700.0,0
E03589,30.0,4340.0,12.8,569.0,1,sim,negocio,12,18200.0,1
E03590,33.0,5700.0,6.0,687.0,1,sim,reforma,36,12600.0,0
E03591,39.0,2820.0,4.7,569.0,2,nao,pessoal,48,14800.0,1
E03592,56.0,2750.0,3.9,737.0,2,sim,reforma,36,10400.0,0
E03593,62.0,5580.0,8.4,687.0,1,sim,veiculo,36,16700.0,0
E03594,45.0,4130.0,4.3,934.0,4,sim,veiculo,60,9400.0,0
E03595,35.0,3290.0,19.0,802.0,1,sim,veiculo,36,3700.0,0
E03596,70.0,4000.0,0.7,521.0,0,nao,pessoal,48,14100.0,0
E03597,35.0,10930.0,3.5,583.0,1,nao,educacao,60,28200.0,1
E03598,33.0,3220.0,7.5,429.0,2,sim,pessoal,48,18700.0,1
E03599,19.0,3160.0,6.7,405.0,3,sim,pessoal,12,14500.0,1
E03600,57.0,1510.0,19.0,653.0,1,nao,veiculo,48,1900.0,0
E03601,52.0,4090.0,2.3,509.0,2,nao,reforma,48,14600.0,1
E03602,69.0,6230.0,0.1,821.0,0,nao,veiculo,36,33100.0,0
E03603,23.0,6940.0,10.3,767.0,2,sim,educacao,24,39300.0,0
E03604,57.0,4480.0,5.7,610.0,0,nao,educacao,24,25200.0,0
E03605,41.0,7450.0,10.4,604.0,2,sim,reforma,36,37200.0,0
E03606,50.0,6510.0,6.4,803.0,1,nao,veiculo,48,13200.0,0
E03607,20.0,8190.0,0.1,829.0,1,nao,veiculo,60,32600.0,0
E03608,58.0,7580.0,6.8,537.0,1,sim,veiculo,24,33400.0,0
E03609,49.0,10770.0,2.2,523.0,1,sim,veiculo,24,54800.0,0
E03610,40.0,3790.0,3.5,607.0,1,nao,veiculo,48,20400.0,1
E03611,48.0,1890.0,4.2,687.0,0,nao,educacao,60,6500.0,0
E03612,31.0,6250.0,1.3,583.0,0,nao,reforma,24,14200.0,0
E03613,33.0,6710.0,2.2,690.0,0,nao,pessoal,24,22800.0,1
E03614,34.0,10770.0,8.9,855.0,2,nao,negocio,60,60000.0,0
E03615,18.0,9060.0,8.9,485.0,1,nao,negocio,24,30700.0,1
E03616,50.0,13500.0,0.6,591.0,1,nao,pessoal,24,17200.0,0
E03617,54.0,6090.0,5.8,487.0,0,nao,negocio,60,17600.0,0
E03618,32.0,4820.0,9.7,548.0,1,nao,veiculo,48,22600.0,0
E03619,44.0,1830.0,5.3,608.0,1,sim,pessoal,24,10700.0,0
E03620,37.0,5050.0,6.1,560.0,2,nao,reforma,60,14300.0,1
E03621,44.0,3010.0,0.7,697.0,1,sim,pessoal,48,14700.0,0
E03622,32.0,4770.0,12.4,657.0,1,nao,reforma,60,9500.0,0
E03623,29.0,4340.0,1.4,673.0,0,nao,educacao,24,10900.0,0
E03624,53.0,5570.0,3.3,606.0,1,nao,veiculo,36,11900.0,0
E03625,39.0,3960.0,9.8,616.0,2,nao,pessoal,24,16800.0,0
E03626,64.0,7360.0,15.8,601.0,1,sim,pessoal,24,40800.0,0
E03627,41.0,1300.0,3.6,613.0,2,nao,veiculo,36,6500.0,0
E03628,29.0,4710.0,22.5,686.0,0,sim,veiculo,24,17700.0,0
E03629,55.0,8640.0,5.4,428.0,3,sim,educacao,24,29700.0,1
E03630,48.0,12900.0,4.9,672.0,0,sim,negocio,36,66800.0,0
E03631,49.0,6520.0,1.7,544.0,2,nao,veiculo,12,36900.0,1
E03632,54.0,11540.0,3.4,603.0,2,sim,veiculo,60,55200.0,0
E03633,32.0,4650.0,5.9,468.0,2,nao,veiculo,48,19100.0,1
E03634,38.0,,7.6,601.0,0,sim,veiculo,36,20600.0,0
E03635,38.0,5770.0,7.3,671.0,1,sim,pessoal,48,18300.0,0
E03636,25.0,4190.0,3.1,690.0,0,sim,veiculo,60,11900.0,0
E03637,37.0,2630.0,13.7,510.0,1,sim,veiculo,36,15300.0,0
E03638,56.0,3080.0,5.1,685.0,2,nao,reforma,48,10900.0,0
E03639,43.0,2160.0,4.8,765.0,1,nao,pessoal,12,7900.0,0
E03640,24.0,5770.0,1.5,586.0,0,sim,veiculo,60,6600.0,0
E03641,21.0,4230.0,8.2,640.0,0,sim,educacao,24,14100.0,0
E03642,60.0,3380.0,4.5,412.0,1,sim,educacao,48,8700.0,1
E03643,39.0,2990.0,3.6,541.0,0,nao,veiculo,36,6100.0,0
E03644,32.0,5690.0,1.0,670.0,1,sim,negocio,36,33000.0,0
E03645,37.0,6710.0,1.1,745.0,1,sim,educacao,36,37700.0,0
E03646,22.0,2130.0,6.4,574.0,4,nao,educacao,24,12500.0,0
E03647,57.0,1940.0,15.3,934.0,0,nao,educacao,60,4700.0,0
E03648,35.0,7450.0,3.9,675.0,0,sim,reforma,24,30400.0,0
E03649,56.0,1840.0,3.9,500.0,3,nao,negocio,24,4000.0,1
E03650,41.0,5830.0,8.3,782.0,1,nao,pessoal,60,17200.0,0
E03651,57.0,11080.0,12.0,502.0,1,sim,veiculo,24,21800.0,0
E03652,43.0,11100.0,2.8,676.0,0,nao,educacao,12,41200.0,0
E03653,50.0,6540.0,1.6,538.0,0,sim,pessoal,24,13700.0,0
E03654,49.0,6430.0,4.4,491.0,0,nao,pessoal,24,13600.0,0
E03655,47.0,,7.2,746.0,4,sim,veiculo,60,45700.0,1
E03656,44.0,1300.0,0.2,611.0,0,nao,veiculo,36,1000.0,0
E03657,37.0,3180.0,3.2,830.0,0,nao,reforma,12,17300.0,0
E03658,63.0,6990.0,4.0,528.0,0,nao,veiculo,36,12000.0,0
E03659,29.0,3430.0,3.5,468.0,1,sim,pessoal,36,13600.0,1
E03660,40.0,8840.0,0.9,587.0,2,nao,educacao,48,7700.0,0
E03661,40.0,4100.0,,958.0,3,nao,pessoal,36,10700.0,0
E03662,45.0,4550.0,4.1,732.0,1,nao,negocio,24,3400.0,0
E03663,35.0,3560.0,1.9,701.0,1,nao,veiculo,60,21300.0,0
E03664,44.0,3070.0,5.9,705.0,1,nao,pessoal,24,16200.0,0
E03665,38.0,3020.0,9.3,587.0,1,nao,veiculo,60,15700.0,1
E03666,21.0,4940.0,9.6,940.0,1,nao,reforma,24,8100.0,0
E03667,40.0,,2.4,690.0,2,nao,negocio,36,9600.0,0
E03668,27.0,7440.0,7.1,680.0,0,nao,veiculo,12,39200.0,0
E03669,19.0,6220.0,6.6,748.0,3,nao,negocio,60,16100.0,0
E03670,42.0,8120.0,17.8,500.0,0,nao,veiculo,36,5600.0,0
E03671,46.0,2130.0,7.1,543.0,1,sim,pessoal,60,6000.0,0
E03672,46.0,1510.0,7.5,613.0,0,nao,veiculo,48,8200.0,0
E03673,47.0,4190.0,10.8,749.0,0,sim,reforma,24,4700.0,0
E03674,18.0,23910.0,1.2,497.0,4,nao,pessoal,12,23500.0,1
E03675,24.0,8980.0,4.9,633.0,0,nao,pessoal,60,34000.0,0
E03676,64.0,3010.0,16.0,617.0,2,sim,reforma,36,5300.0,0
E03677,27.0,5420.0,16.2,467.0,0,nao,veiculo,60,14300.0,0
E03678,47.0,6500.0,3.2,584.0,1,sim,educacao,36,17500.0,0
E03679,32.0,1850.0,15.7,700.0,0,nao,pessoal,48,8000.0,0
E03680,41.0,9550.0,3.7,477.0,0,sim,veiculo,36,6300.0,1
E03681,32.0,3800.0,6.1,795.0,1,sim,veiculo,48,15700.0,0
E03682,47.0,3980.0,0.7,691.0,2,nao,negocio,60,12700.0,0
E03683,42.0,4260.0,13.2,678.0,4,nao,pessoal,48,14100.0,0
E03684,35.0,8350.0,3.5,641.0,2,nao,pessoal,60,36600.0,1
E03685,27.0,2670.0,0.9,520.0,3,nao,pessoal,24,10800.0,1
E03686,43.0,1510.0,4.2,569.0,0,nao,negocio,48,6400.0,0
E03687,25.0,5100.0,0.1,680.0,1,sim,pessoal,36,10900.0,1
E03688,45.0,1300.0,8.0,568.0,1,sim,educacao,12,6700.0,0
E03689,72.0,3510.0,11.4,661.0,1,sim,veiculo,36,13600.0,1
E03690,56.0,8560.0,1.6,541.0,2,sim,educacao,36,26000.0,1
E03691,49.0,5940.0,1.6,690.0,0,nao,pessoal,60,19400.0,0
E03692,39.0,7850.0,7.6,698.0,2,sim,veiculo,36,14500.0,0
E03693,18.0,6090.0,8.3,461.0,1,sim,negocio,12,29500.0,1
E03694,24.0,17840.0,2.5,647.0,1,nao,pessoal,60,36200.0,0
E03695,55.0,2950.0,1.9,473.0,1,nao,reforma,24,10900.0,0
E03696,31.0,5330.0,9.9,435.0,1,nao,negocio,36,30000.0,0
E03697,32.0,3230.0,0.8,575.0,4,nao,pessoal,36,11400.0,1
E03698,38.0,7460.0,3.0,948.0,0,sim,educacao,24,5300.0,0
E03699,27.0,4050.0,1.8,725.0,0,sim,pessoal,24,23600.0,0
E03700,25.0,11780.0,7.5,793.0,3,sim,pessoal,36,42500.0,0
E03701,39.0,3050.0,2.0,707.0,0,nao,pessoal,60,4600.0,0
E03702,29.0,9770.0,11.0,663.0,3,nao,reforma,60,31600.0,0
E03703,31.0,6000.0,2.9,738.0,2,nao,pessoal,60,15200.0,1
E03704,31.0,4120.0,6.4,570.0,1,sim,veiculo,12,11600.0,0
E03705,46.0,,2.0,692.0,0,sim,reforma,24,18400.0,0
E03706,37.0,4910.0,5.4,769.0,2,sim,pessoal,24,24800.0,0
E03707,38.0,5200.0,2.3,717.0,1,nao,pessoal,60,9500.0,0
E03708,47.0,3710.0,1.5,777.0,0,nao,pessoal,12,15300.0,0
E03709,38.0,2760.0,8.3,660.0,1,sim,pessoal,36,12300.0,1
E03710,37.0,3440.0,2.0,826.0,0,nao,veiculo,60,20300.0,0
E03711,46.0,1530.0,2.0,617.0,0,sim,veiculo,36,3400.0,1
E03712,48.0,6960.0,5.0,873.0,2,nao,negocio,12,11200.0,0
E03713,38.0,2000.0,5.8,703.0,1,sim,reforma,12,11300.0,1
E03714,41.0,3690.0,1.4,598.0,1,sim,negocio,48,21100.0,1
E03715,31.0,6200.0,7.0,510.0,3,nao,educacao,24,29600.0,1
E03716,30.0,6950.0,2.2,551.0,3,sim,negocio,36,18300.0,0
E03717,49.0,1450.0,1.0,534.0,0,sim,pessoal,12,8500.0,1
E03718,45.0,3970.0,3.4,630.0,1,sim,pessoal,60,14700.0,0
E03719,45.0,5530.0,3.4,500.0,1,sim,veiculo,60,9400.0,1
E03720,43.0,4330.0,6.5,782.0,1,nao,veiculo,36,21800.0,0
E03721,41.0,9410.0,18.3,652.0,1,sim,educacao,36,29600.0,0
E03722,48.0,2570.0,4.9,648.0,1,nao,veiculo,24,2100.0,0
E03723,51.0,1300.0,7.3,512.0,1,nao,negocio,24,6200.0,0
E03724,51.0,6830.0,0.7,555.0,0,sim,pessoal,60,34100.0,1
E03725,39.0,3040.0,11.4,396.0,1,sim,veiculo,36,15800.0,1
E03726,57.0,1460.0,4.0,818.0,1,nao,reforma,12,2000.0,0
E03727,43.0,3820.0,1.1,484.0,3,nao,pessoal,48,9000.0,1
E03728,48.0,8790.0,11.0,492.0,1,nao,educacao,60,42700.0,0
E03729,43.0,1970.0,4.1,795.0,2,nao,reforma,24,9200.0,1
E03730,43.0,17060.0,9.7,683.0,0,nao,pessoal,36,91600.0,0
E03731,31.0,2540.0,19.8,653.0,2,nao,veiculo,60,8900.0,0
E03732,48.0,4430.0,0.8,677.0,1,nao,reforma,12,9800.0,0
E03733,74.0,2020.0,2.1,745.0,1,nao,reforma,48,5600.0,0
E03734,36.0,4310.0,8.4,651.0,2,nao,veiculo,36,9100.0,0
E03735,41.0,3880.0,4.4,470.0,1,nao,reforma,36,15600.0,1
E03736,35.0,1720.0,0.1,721.0,2,sim,pessoal,24,5500.0,0
E03737,34.0,22890.0,3.1,686.0,1,nao,pessoal,24,82900.0,1
E03738,59.0,,3.6,769.0,2,sim,pessoal,36,13100.0,0
E03739,32.0,3120.0,4.1,503.0,3,nao,veiculo,24,5700.0,1
E03740,34.0,7510.0,2.0,560.0,0,sim,pessoal,36,40700.0,1
E03741,21.0,,13.6,683.0,4,nao,reforma,12,9400.0,0
E03742,31.0,8260.0,0.7,536.0,0,sim,negocio,48,15200.0,0
E03743,19.0,2040.0,6.1,381.0,1,nao,negocio,24,2400.0,1
E03744,48.0,4780.0,2.5,662.0,1,nao,veiculo,48,13200.0,0
E03745,74.0,1360.0,2.4,738.0,2,nao,reforma,24,7700.0,1
E03746,36.0,7210.0,12.3,626.0,1,sim,negocio,48,36400.0,0
E03747,20.0,1570.0,3.4,700.0,0,nao,veiculo,12,5000.0,1
E03748,51.0,2590.0,6.2,684.0,1,sim,pessoal,24,7000.0,1
E03749,31.0,4190.0,8.8,641.0,0,nao,pessoal,24,3000.0,0
E03750,56.0,5490.0,4.6,655.0,0,sim,pessoal,48,17600.0,0
E03751,37.0,3590.0,12.4,788.0,0,nao,negocio,12,6800.0,0
E03752,32.0,10450.0,1.0,534.0,0,sim,pessoal,48,5300.0,0
E03753,38.0,6480.0,6.5,725.0,2,nao,pessoal,24,33400.0,1
E03754,49.0,6180.0,18.5,510.0,0,nao,reforma,60,27600.0,0
E03755,37.0,2010.0,6.0,553.0,0,nao,educacao,24,11400.0,0
E03756,34.0,11640.0,0.5,772.0,0,sim,pessoal,12,35800.0,0
E03757,38.0,2590.0,6.7,507.0,1,nao,reforma,36,8400.0,1
E03758,25.0,11910.0,14.0,613.0,4,sim,veiculo,24,42700.0,0
E03759,45.0,14130.0,3.1,900.0,0,nao,pessoal,36,75600.0,0
E03760,19.0,5710.0,3.1,753.0,1,sim,veiculo,48,9300.0,0
E03761,35.0,7800.0,8.1,559.0,1,nao,educacao,48,6800.0,1
E03762,49.0,1300.0,7.0,578.0,4,nao,pessoal,24,5400.0,0
E03763,44.0,,4.7,621.0,0,sim,pessoal,24,12300.0,0
E03764,47.0,8140.0,2.1,784.0,0,nao,negocio,24,30600.0,0
E03765,39.0,7310.0,2.8,530.0,1,nao,negocio,24,39300.0,0
E03766,54.0,2020.0,1.5,523.0,1,nao,veiculo,48,11100.0,1
E03767,51.0,3520.0,0.4,718.0,0,nao,pessoal,36,9100.0,0
E03768,45.0,1300.0,11.4,455.0,3,sim,pessoal,60,5600.0,0
E03769,51.0,5380.0,8.5,540.0,0,nao,pessoal,36,17300.0,0
E03770,49.0,1360.0,7.8,631.0,0,nao,pessoal,36,4800.0,0
E03771,35.0,8280.0,7.7,636.0,0,sim,reforma,36,41200.0,0
E03772,24.0,8540.0,3.7,490.0,1,nao,pessoal,24,17400.0,0
E03773,45.0,3160.0,3.2,679.0,2,nao,pessoal,24,3200.0,0
E03774,47.0,5740.0,1.1,701.0,1,sim,reforma,24,24400.0,1
E03775,53.0,,9.0,567.0,1,sim,pessoal,24,8000.0,0
E03776,29.0,4860.0,26.7,823.0,1,nao,pessoal,60,10400.0,0
E03777,29.0,2110.0,6.4,677.0,2,nao,veiculo,48,2500.0,0
E03778,46.0,6100.0,10.1,529.0,2,nao,pessoal,12,35000.0,1
E03779,39.0,1570.0,10.1,818.0,0,nao,reforma,24,8000.0,0
E03780,18.0,1400.0,14.7,582.0,2,nao,pessoal,48,6300.0,0
E03781,45.0,3900.0,1.9,660.0,3,sim,pessoal,36,13600.0,0
E03782,18.0,3700.0,0.7,586.0,0,sim,veiculo,12,2400.0,0
E03783,29.0,4950.0,5.4,709.0,3,nao,reforma,48,28900.0,0
E03784,56.0,2840.0,4.0,587.0,1,nao,pessoal,48,4500.0,0
E03785,62.0,13020.0,25.1,594.0,0,sim,negocio,24,57700.0,0
E03786,25.0,4620.0,1.5,622.0,0,nao,negocio,48,16200.0,0
E03787,36.0,4830.0,18.3,585.0,0,sim,veiculo,60,9900.0,0
E03788,41.0,4730.0,4.1,758.0,1,nao,pessoal,36,14200.0,0
E03789,61.0,7670.0,1.3,502.0,3,nao,pessoal,48,28200.0,0
E03790,34.0,5930.0,15.8,636.0,1,sim,negocio,12,25900.0,0
E03791,34.0,5480.0,1.9,650.0,1,nao,pessoal,36,25200.0,0
E03792,59.0,6530.0,10.1,626.0,1,nao,pessoal,48,4500.0,0
E03793,36.0,1410.0,5.5,747.0,6,sim,pessoal,36,7500.0,0
E03794,49.0,1440.0,18.2,475.0,1,sim,pessoal,24,6400.0,0
E03795,22.0,4010.0,11.9,702.0,1,nao,pessoal,36,19300.0,0
E03796,38.0,3730.0,4.0,503.0,1,nao,pessoal,36,9000.0,0
E03797,20.0,5950.0,15.9,584.0,2,sim,reforma,48,25700.0,0
E03798,27.0,4250.0,7.1,492.0,0,sim,pessoal,48,16400.0,0
E03799,50.0,5950.0,4.9,603.0,2,sim,educacao,48,14000.0,1
E03800,39.0,,5.4,576.0,1,nao,veiculo,60,2800.0,0
E03801,36.0,4170.0,10.5,820.0,0,nao,pessoal,36,15500.0,0
E03802,31.0,1880.0,3.8,667.0,2,nao,educacao,24,8900.0,0
E03803,37.0,,2.8,688.0,1,sim,reforma,24,12700.0,0
E03804,44.0,1360.0,2.2,518.0,1,nao,reforma,12,7200.0,1
E03805,52.0,5180.0,6.4,721.0,3,sim,pessoal,24,27300.0,0
E03806,18.0,1740.0,2.4,820.0,1,sim,reforma,24,8200.0,0
E03807,30.0,3340.0,10.6,736.0,4,nao,educacao,36,4000.0,0
E03808,42.0,7190.0,3.7,496.0,2,sim,negocio,60,23900.0,0
E03809,39.0,4810.0,7.6,589.0,0,nao,reforma,48,28400.0,0
E03810,45.0,1560.0,12.4,652.0,1,nao,veiculo,60,3000.0,0
E03811,43.0,2810.0,15.1,577.0,1,sim,educacao,24,2000.0,0
E03812,36.0,1710.0,5.8,919.0,1,nao,pessoal,12,5700.0,0
E03813,34.0,1520.0,0.3,587.0,3,nao,veiculo,12,3000.0,1
E03814,37.0,4510.0,0.4,635.0,1,sim,reforma,36,20600.0,0
E03815,54.0,5880.0,10.4,574.0,1,nao,veiculo,12,33400.0,0
E03816,31.0,5470.0,1.7,665.0,0,sim,pessoal,24,15700.0,0
E03817,39.0,6030.0,3.5,792.0,1,nao,pessoal,24,29500.0,0
E03818,42.0,4170.0,11.6,653.0,1,sim,pessoal,48,18500.0,1
E03819,59.0,3560.0,2.9,616.0,1,nao,educacao,60,14900.0,0
E03820,36.0,2210.0,1.1,522.0,0,nao,reforma,12,1500.0,0
E03821,52.0,3230.0,3.6,773.0,3,sim,educacao,12,14500.0,0
E03822,55.0,1900.0,8.8,624.0,2,sim,negocio,24,9100.0,0
E03823,39.0,2530.0,2.8,619.0,0,nao,pessoal,36,2300.0,0
E03824,37.0,4430.0,7.9,383.0,0,nao,reforma,24,24300.0,1
E03825,36.0,3910.0,1.2,626.0,0,sim,veiculo,24,11900.0,0
E03826,37.0,26410.0,2.1,596.0,3,nao,educacao,12,125300.0,0
E03827,50.0,1870.0,3.7,439.0,1,sim,reforma,36,8100.0,1
E03828,43.0,3900.0,12.8,749.0,2,nao,negocio,12,19100.0,0
E03829,43.0,1790.0,3.2,581.0,0,nao,educacao,36,1100.0,0
E03830,26.0,3330.0,2.7,849.0,0,nao,pessoal,48,13400.0,0
E03831,28.0,3410.0,2.7,796.0,1,nao,reforma,60,7700.0,0
E03832,66.0,6970.0,7.9,561.0,0,sim,pessoal,24,17900.0,0
E03833,38.0,3210.0,9.5,791.0,1,sim,veiculo,48,4000.0,0
E03834,31.0,3740.0,12.4,817.0,2,sim,pessoal,36,13600.0,0
E03835,57.0,3240.0,20.4,579.0,2,nao,veiculo,24,14500.0,1
E03836,43.0,1810.0,6.4,526.0,2,sim,educacao,12,3300.0,0
E03837,47.0,2840.0,2.4,403.0,0,sim,pessoal,24,3900.0,0
E03838,38.0,,4.2,682.0,0,sim,pessoal,60,19100.0,0
E03839,36.0,4390.0,1.8,533.0,1,sim,pessoal,60,8000.0,0
E03840,38.0,5870.0,5.4,685.0,0,nao,pessoal,36,13500.0,0
E03841,23.0,3650.0,2.2,578.0,3,nao,pessoal,48,19500.0,1
E03842,39.0,3610.0,12.3,554.0,2,sim,reforma,24,10100.0,0
E03843,44.0,1500.0,6.0,578.0,0,sim,reforma,48,3500.0,1
E03844,62.0,5810.0,15.4,497.0,2,sim,veiculo,12,5100.0,0
E03845,41.0,2770.0,9.3,578.0,3,nao,pessoal,24,13400.0,0
E03846,18.0,6580.0,8.6,559.0,1,nao,veiculo,48,29900.0,0
E03847,39.0,9250.0,1.1,638.0,1,sim,negocio,24,18500.0,0
E03848,73.0,3750.0,7.9,651.0,2,sim,veiculo,12,14400.0,0
E03849,50.0,2270.0,20.0,522.0,1,nao,veiculo,60,1900.0,0
E03850,30.0,4160.0,3.3,761.0,1,nao,veiculo,24,7400.0,0
E03851,47.0,5180.0,10.9,622.0,0,nao,pessoal,12,25700.0,0
E03852,31.0,3480.0,0.8,805.0,0,sim,pessoal,24,19900.0,0
E03853,24.0,2990.0,1.6,667.0,3,nao,reforma,36,14200.0,1
E03854,36.0,5890.0,4.5,648.0,0,nao,pessoal,24,26300.0,0
E03855,41.0,5660.0,2.8,586.0,1,sim,reforma,60,23600.0,0
E03856,18.0,3410.0,2.2,708.0,1,sim,veiculo,24,3100.0,1
E03857,26.0,1560.0,2.8,644.0,0,sim,pessoal,36,5500.0,0
E03858,40.0,5520.0,7.2,734.0,3,nao,veiculo,12,23200.0,0
E03859,35.0,2650.0,11.0,817.0,1,sim,pessoal,12,12400.0,0
E03860,45.0,4780.0,7.7,560.0,0,sim,pessoal,24,21100.0,0
E03861,25.0,4600.0,8.0,707.0,2,nao,veiculo,24,10600.0,0
E03862,49.0,1350.0,4.6,704.0,1,nao,reforma,36,5000.0,0
E03863,26.0,4410.0,1.5,690.0,0,nao,educacao,48,21800.0,0
E03864,60.0,5720.0,4.3,592.0,2,nao,educacao,60,18400.0,1
E03865,19.0,6160.0,5.6,595.0,0,sim,veiculo,36,17000.0,0
E03866,27.0,4510.0,11.4,576.0,2,sim,pessoal,24,4500.0,0
E03867,45.0,1300.0,17.2,574.0,1,sim,pessoal,24,4600.0,1
E03868,60.0,9040.0,6.7,548.0,0,nao,pessoal,24,39700.0,0
E03869,44.0,5370.0,10.5,629.0,1,nao,pessoal,36,13100.0,0
E03870,47.0,2040.0,0.2,557.0,0,nao,pessoal,36,9500.0,0
E03871,40.0,2620.0,3.6,688.0,1,sim,reforma,36,15600.0,0
E03872,28.0,4830.0,,646.0,1,sim,veiculo,48,7900.0,0
E03873,34.0,6320.0,7.5,659.0,2,nao,pessoal,12,24800.0,0
E03874,25.0,3130.0,17.5,610.0,1,sim,reforma,12,7300.0,0
E03875,25.0,6890.0,6.4,648.0,2,nao,educacao,60,12600.0,0
E03876,45.0,1430.0,0.6,613.0,0,nao,pessoal,24,5100.0,0
E03877,27.0,2250.0,8.1,726.0,2,nao,pessoal,60,5900.0,0
E03878,44.0,1300.0,3.4,591.0,1,nao,veiculo,24,5100.0,1
E03879,24.0,2450.0,7.5,681.0,1,nao,pessoal,12,10200.0,1
E03880,44.0,10380.0,8.7,496.0,1,sim,pessoal,36,28700.0,0
E03881,34.0,14440.0,0.6,718.0,3,nao,veiculo,24,8300.0,0
E03882,57.0,4830.0,4.4,578.0,2,nao,veiculo,60,26700.0,1
E03883,44.0,2860.0,4.5,540.0,1,nao,educacao,24,16600.0,0
E03884,55.0,3680.0,6.3,515.0,1,sim,pessoal,24,7400.0,0
E03885,31.0,5580.0,2.3,506.0,0,nao,negocio,24,29200.0,1
E03886,41.0,1640.0,1.7,587.0,2,nao,pessoal,12,9100.0,0
E03887,28.0,2980.0,17.3,805.0,3,sim,pessoal,36,5100.0,0
E03888,35.0,9930.0,5.8,569.0,0,nao,pessoal,24,31400.0,0
E03889,37.0,2240.0,,397.0,1,sim,pessoal,36,2100.0,1
E03890,31.0,2680.0,2.9,680.0,1,sim,educacao,24,7900.0,0
E03891,25.0,4230.0,17.9,517.0,3,nao,pessoal,60,9200.0,0
E03892,23.0,4980.0,13.1,730.0,1,sim,pessoal,36,7000.0,0
E03893,18.0,2890.0,2.6,594.0,2,nao,reforma,60,10300.0,0
E03894,27.0,4400.0,1.5,610.0,0,sim,pessoal,12,5300.0,1
E03895,48.0,6050.0,1.7,772.0,1,nao,reforma,48,14800.0,0
E03896,21.0,13630.0,12.0,708.0,1,sim,negocio,36,71500.0,0
E03897,24.0,3890.0,3.2,503.0,1,nao,pessoal,24,16500.0,0
E03898,61.0,4100.0,0.9,519.0,2,nao,pessoal,12,20200.0,1
E03899,32.0,10500.0,2.9,444.0,0,nao,veiculo,48,18700.0,1
E03900,44.0,3020.0,,926.0,0,nao,educacao,24,10800.0,0
E03901,48.0,1900.0,4.3,545.0,0,sim,negocio,12,4000.0,0
E03902,48.0,4880.0,,769.0,1,nao,educacao,36,14600.0,0
E03903,22.0,8010.0,6.3,581.0,1,sim,reforma,24,30800.0,0
E03904,37.0,5220.0,7.0,521.0,1,sim,veiculo,24,13500.0,0
E03905,21.0,3960.0,10.0,642.0,4,nao,educacao,12,13500.0,1
E03906,69.0,1760.0,9.6,604.0,0,nao,educacao,24,6600.0,0
E03907,21.0,4060.0,2.9,728.0,2,nao,pessoal,60,4900.0,0
E03908,27.0,8800.0,1.6,730.0,0,nao,reforma,60,5400.0,0
E03909,28.0,,5.9,575.0,0,sim,educacao,24,2000.0,1
E03910,22.0,3630.0,5.2,482.0,2,sim,negocio,24,19400.0,1
E03911,56.0,3330.0,6.3,508.0,2,nao,reforma,60,19700.0,1
E03912,69.0,2760.0,6.8,389.0,1,nao,reforma,48,3600.0,0
E03913,34.0,4870.0,16.3,610.0,0,sim,negocio,24,11900.0,0
E03914,24.0,5480.0,3.8,639.0,1,sim,pessoal,60,12800.0,0
E03915,18.0,5450.0,7.0,514.0,1,nao,veiculo,60,20500.0,0
E03916,37.0,2340.0,1.6,501.0,3,sim,negocio,24,5100.0,1
E03917,36.0,1560.0,2.2,638.0,1,sim,reforma,60,9000.0,0
E03918,32.0,4920.0,4.9,570.0,1,sim,negocio,36,7400.0,1
E03919,43.0,3100.0,1.8,617.0,2,sim,pessoal,60,9700.0,1
E03920,45.0,12660.0,8.2,600.0,0,sim,pessoal,24,21700.0,0
E03921,44.0,13010.0,7.3,667.0,0,sim,pessoal,24,35200.0,0
E03922,36.0,13870.0,2.6,578.0,0,sim,pessoal,36,22300.0,1
E03923,27.0,2390.0,4.0,586.0,2,sim,reforma,24,2400.0,0
E03924,48.0,5910.0,12.1,433.0,0,nao,veiculo,36,32300.0,0
E03925,40.0,7080.0,5.8,634.0,1,sim,pessoal,36,26200.0,0
E03926,51.0,6620.0,23.6,650.0,0,nao,reforma,24,27800.0,1
E03927,49.0,3400.0,4.0,620.0,2,sim,reforma,60,9300.0,0
E03928,23.0,9050.0,4.5,850.0,0,sim,pessoal,12,12400.0,0
E03929,23.0,4200.0,4.9,658.0,1,nao,veiculo,60,24500.0,0
E03930,31.0,4540.0,0.7,623.0,0,nao,reforma,36,10700.0,0
E03931,27.0,1670.0,4.3,695.0,1,nao,pessoal,36,7600.0,0
E03932,49.0,6180.0,4.1,872.0,3,sim,educacao,60,33800.0,0
E03933,44.0,3590.0,8.8,668.0,0,nao,reforma,36,12900.0,0
E03934,53.0,5550.0,12.5,395.0,0,nao,reforma,24,15300.0,0
E03935,45.0,4840.0,3.7,688.0,0,sim,pessoal,24,9300.0,0
E03936,43.0,4680.0,0.3,543.0,0,sim,reforma,36,3600.0,0
E03937,54.0,4090.0,5.6,429.0,0,sim,pessoal,48,3700.0,0
E03938,46.0,6730.0,1.8,827.0,3,sim,negocio,36,28200.0,0
E03939,41.0,3730.0,6.0,803.0,2,sim,pessoal,24,20700.0,0
E03940,58.0,1750.0,5.9,540.0,0,sim,pessoal,60,8200.0,0
E03941,41.0,5910.0,2.4,541.0,1,nao,reforma,36,13000.0,1
E03942,36.0,2580.0,5.6,658.0,0,nao,pessoal,36,2900.0,0
E03943,30.0,1900.0,0.9,543.0,1,sim,pessoal,48,3100.0,1
E03944,48.0,,6.4,625.0,4,sim,pessoal,24,11800.0,1
E03945,55.0,4980.0,9.5,562.0,2,nao,educacao,48,9300.0,0
E03946,39.0,3960.0,7.5,596.0,0,sim,veiculo,24,13800.0,0
E03947,56.0,1300.0,3.0,486.0,1,nao,veiculo,24,7800.0,1
E03948,18.0,3340.0,9.0,731.0,1,nao,pessoal,24,20000.0,0
E03949,39.0,8470.0,8.2,772.0,2,nao,veiculo,60,14300.0,0
E03950,40.0,3200.0,8.5,629.0,2,sim,veiculo,48,18500.0,0
E03951,31.0,3800.0,13.7,636.0,1,nao,pessoal,24,8400.0,0
E03952,69.0,7850.0,6.9,709.0,1,nao,pessoal,12,39900.0,0
E03953,39.0,6770.0,1.6,640.0,1,nao,reforma,24,12200.0,0
E03954,35.0,7750.0,1.9,830.0,0,nao,pessoal,24,5500.0,0
E03955,40.0,1300.0,6.9,495.0,2,sim,negocio,36,6400.0,1
E03956,18.0,11880.0,4.2,735.0,1,sim,pessoal,36,35700.0,0
E03957,31.0,6150.0,3.5,627.0,0,nao,pessoal,12,36400.0,1
E03958,52.0,18390.0,8.0,517.0,1,sim,pessoal,36,45000.0,1
E03959,32.0,2630.0,1.3,887.0,0,sim,reforma,36,6600.0,0
E03960,30.0,1460.0,8.1,902.0,3,nao,pessoal,24,5300.0,0
E03961,56.0,4220.0,4.0,617.0,0,sim,pessoal,48,20600.0,0
E03962,56.0,3560.0,6.5,689.0,3,nao,pessoal,36,2200.0,0
E03963,46.0,6220.0,1.4,588.0,2,nao,pessoal,48,24800.0,0
E03964,35.0,8000.0,8.4,606.0,0,nao,pessoal,36,14700.0,0
E03965,37.0,3990.0,10.8,515.0,0,sim,veiculo,60,6900.0,0
E03966,30.0,3640.0,38.4,499.0,1,nao,reforma,36,3600.0,0
E03967,28.0,5750.0,6.1,843.0,0,sim,pessoal,48,3100.0,0
E03968,27.0,3600.0,10.6,636.0,2,sim,veiculo,36,7800.0,0
E03969,33.0,3420.0,1.8,646.0,1,sim,negocio,24,13900.0,0
E03970,28.0,7830.0,13.1,551.0,1,nao,reforma,12,22300.0,1
E03971,21.0,8940.0,1.0,661.0,2,sim,negocio,36,10200.0,0
E03972,43.0,8050.0,17.1,475.0,4,nao,pessoal,48,25800.0,0
E03973,43.0,3800.0,5.6,555.0,1,nao,veiculo,36,19100.0,1
E03974,60.0,1300.0,1.1,508.0,1,sim,pessoal,12,6600.0,1
E03975,32.0,3840.0,3.6,782.0,2,nao,negocio,24,14200.0,1
E03976,44.0,,10.5,458.0,0,sim,negocio,24,9400.0,0
E03977,44.0,3890.0,4.3,510.0,1,sim,veiculo,24,9800.0,0
E03978,37.0,2810.0,4.2,415.0,1,nao,pessoal,36,9000.0,0
E03979,49.0,4150.0,9.7,542.0,2,nao,veiculo,24,19700.0,0
E03980,49.0,2250.0,4.6,589.0,0,sim,negocio,24,6500.0,0
E03981,44.0,1950.0,12.5,748.0,2,nao,veiculo,36,10000.0,0
E03982,37.0,8750.0,2.9,616.0,0,sim,educacao,60,33900.0,0
E03983,36.0,2350.0,0.7,595.0,1,nao,reforma,60,6400.0,0
E03984,24.0,4200.0,4.8,673.0,1,sim,pessoal,24,23400.0,0
E03985,30.0,7450.0,5.4,591.0,3,sim,educacao,24,40100.0,0
E03986,33.0,7270.0,2.8,905.0,0,nao,pessoal,60,19600.0,0
E03987,27.0,6770.0,6.4,575.0,1,nao,negocio,60,31000.0,1
E03988,45.0,5040.0,0.8,686.0,3,sim,pessoal,48,28300.0,0
E03989,54.0,6480.0,6.5,731.0,0,nao,veiculo,36,24200.0,0
E03990,29.0,9570.0,1.5,572.0,1,sim,pessoal,48,54100.0,0
E03991,43.0,5420.0,1.1,658.0,0,sim,pessoal,48,5100.0,0
E03992,28.0,,5.2,585.0,1,sim,educacao,48,7900.0,0
E03993,36.0,3060.0,1.0,670.0,0,nao,reforma,48,13000.0,1
E03994,32.0,6380.0,0.4,651.0,3,sim,negocio,36,8700.0,0
E03995,47.0,2880.0,7.2,625.0,3,sim,veiculo,60,3300.0,0
E03996,32.0,11100.0,1.7,513.0,2,sim,pessoal,60,50200.0,1
E03997,52.0,4040.0,7.8,845.0,0,nao,pessoal,24,7600.0,0
E03998,37.0,4420.0,3.8,705.0,0,sim,veiculo,60,3000.0,0
E03999,32.0,8250.0,5.2,465.0,3,sim,pessoal,24,13300.0,1
E04000,25.0,3760.0,10.6,594.0,0,nao,veiculo,24,4100.0,1
E04001,43.0,4670.0,6.9,467.0,1,nao,pessoal,24,6700.0,0
E04002,51.0,7200.0,8.0,724.0,1,sim,negocio,12,24600.0,0
E04003,43.0,1740.0,7.7,638.0,3,nao,pessoal,24,6000.0,0
E04004,67.0,3540.0,2.5,640.0,0,nao,reforma,60,10500.0,0
E04005,57.0,6910.0,6.7,547.0,0,nao,veiculo,24,31800.0,0
E04006,36.0,4370.0,2.0,605.0,0,sim,veiculo,60,2600.0,0
E04007,36.0,10130.0,6.7,727.0,1,nao,reforma,12,54600.0,0
E04008,46.0,1630.0,3.7,756.0,0,sim,negocio,12,9700.0,0
E04009,30.0,1520.0,4.4,733.0,2,nao,reforma,24,8700.0,0
E04010,54.0,6670.0,,469.0,1,nao,pessoal,36,13100.0,0
E04011,44.0,7060.0,7.5,620.0,1,nao,pessoal,60,37600.0,0
E04012,43.0,3740.0,2.7,668.0,0,nao,educacao,24,17100.0,0
E04013,48.0,5340.0,0.8,559.0,2,sim,veiculo,24,16900.0,1
E04014,61.0,6570.0,5.4,458.0,4,sim,reforma,60,39000.0,1
E04015,42.0,2580.0,1.0,498.0,0,nao,veiculo,36,4500.0,0
E04016,39.0,2750.0,4.5,805.0,4,sim,reforma,24,10200.0,0
E04017,58.0,4710.0,9.8,509.0,0,nao,veiculo,24,7900.0,0
E04018,52.0,7220.0,1.2,645.0,3,nao,veiculo,48,13800.0,0
E04019,36.0,2090.0,7.3,623.0,1,nao,negocio,24,10600.0,0
E04020,40.0,3730.0,11.4,623.0,1,nao,veiculo,36,14900.0,1
E04021,42.0,3630.0,7.8,605.0,1,sim,pessoal,48,16100.0,0
E04022,44.0,5400.0,9.2,727.0,0,sim,veiculo,12,13300.0,0
E04023,24.0,4180.0,6.8,644.0,0,nao,pessoal,48,23300.0,0
E04024,21.0,3030.0,3.4,571.0,1,nao,pessoal,60,9100.0,0
E04025,29.0,8880.0,2.1,646.0,1,nao,reforma,12,20400.0,0
E04026,28.0,3040.0,2.4,499.0,0,sim,pessoal,12,4600.0,0
E04027,32.0,3520.0,17.5,692.0,3,nao,veiculo,36,6900.0,1
E04028,48.0,1620.0,5.9,565.0,1,sim,veiculo,36,7800.0,0
E04029,38.0,2740.0,12.2,571.0,1,nao,pessoal,36,6400.0,1
E04030,42.0,,2.9,696.0,4,sim,pessoal,60,13000.0,1
E04031,25.0,5090.0,8.8,595.0,1,sim,reforma,12,13400.0,1
E04032,34.0,6020.0,1.9,601.0,2,sim,negocio,12,13800.0,0
E04033,47.0,,3.9,768.0,2,sim,pessoal,12,19700.0,0
E04034,47.0,14700.0,3.2,533.0,3,nao,pessoal,48,86400.0,0
E04035,31.0,2680.0,16.1,695.0,0,nao,negocio,12,15300.0,0
E04036,42.0,1590.0,2.3,744.0,1,nao,educacao,36,9000.0,0
E04037,66.0,2240.0,8.1,768.0,0,sim,negocio,60,8600.0,0
E04038,40.0,2750.0,7.0,879.0,0,nao,pessoal,12,16300.0,1
E04039,32.0,2340.0,1.4,569.0,1,sim,negocio,12,5900.0,1
E04040,38.0,4440.0,12.3,545.0,0,nao,educacao,60,7100.0,0
E04041,41.0,8910.0,13.4,730.0,1,nao,pessoal,24,48800.0,0
E04042,38.0,10580.0,5.9,743.0,1,sim,reforma,24,52900.0,0
E04043,40.0,5680.0,5.1,553.0,1,nao,pessoal,36,15000.0,0
E04044,23.0,15180.0,0.6,693.0,1,nao,veiculo,48,27700.0,0
E04045,28.0,3390.0,1.1,940.0,0,nao,reforma,24,8600.0,0
E04046,38.0,1580.0,3.8,652.0,1,nao,pessoal,60,4500.0,0
E04047,38.0,7900.0,2.0,742.0,2,nao,negocio,48,40200.0,0
E04048,33.0,1390.0,9.8,813.0,2,sim,negocio,12,3700.0,0
E04049,38.0,2670.0,1.1,915.0,2,nao,negocio,12,8400.0,0
E04050,41.0,5740.0,1.0,667.0,2,nao,pessoal,48,8700.0,0
E04051,51.0,3950.0,7.5,778.0,0,sim,reforma,36,17900.0,0
E04052,39.0,3750.0,6.6,553.0,2,sim,negocio,36,14800.0,1
E04053,45.0,2070.0,,643.0,1,sim,pessoal,24,2700.0,0
E04054,34.0,4170.0,8.8,591.0,2,sim,reforma,48,8600.0,0
E04055,47.0,7670.0,2.7,433.0,1,nao,pessoal,12,16900.0,1
E04056,45.0,4250.0,3.4,464.0,2,nao,reforma,24,16500.0,1
E04057,50.0,2550.0,6.4,687.0,1,nao,reforma,48,1600.0,0
E04058,49.0,1990.0,5.9,689.0,0,nao,negocio,60,7400.0,0
E04059,47.0,2580.0,2.2,525.0,0,nao,veiculo,24,4900.0,1
E04060,39.0,5310.0,,811.0,3,sim,educacao,36,29200.0,0
E04061,43.0,5160.0,1.4,518.0,1,sim,pessoal,12,25900.0,0
E04062,53.0,2600.0,3.6,668.0,1,sim,reforma,24,9300.0,0
E04063,32.0,1300.0,1.5,594.0,0,nao,negocio,12,2800.0,0
E04064,32.0,5400.0,23.0,652.0,3,nao,reforma,48,10500.0,0
E04065,42.0,2450.0,5.2,739.0,0,nao,negocio,24,2000.0,0
E04066,45.0,6350.0,,723.0,0,sim,reforma,60,16500.0,0
E04067,30.0,2670.0,3.3,718.0,1,nao,veiculo,12,3500.0,0
E04068,39.0,2320.0,6.3,704.0,1,sim,negocio,36,9200.0,0
E04069,39.0,4600.0,9.8,500.0,0,sim,pessoal,36,24100.0,0
E04070,18.0,17280.0,2.1,765.0,1,nao,reforma,36,16000.0,0
E04071,37.0,6580.0,13.9,523.0,1,nao,reforma,60,35700.0,0
E04072,38.0,4560.0,5.0,628.0,2,nao,educacao,60,12400.0,1
E04073,38.0,5210.0,7.6,601.0,2,nao,veiculo,48,3400.0,1
E04074,57.0,1470.0,3.0,679.0,0,nao,veiculo,24,1400.0,1
E04075,25.0,2140.0,,587.0,2,nao,pessoal,48,1100.0,1
E04076,30.0,1300.0,2.8,623.0,1,nao,negocio,60,4900.0,0
E04077,18.0,11860.0,3.4,818.0,1,nao,veiculo,24,23500.0,0
E04078,34.0,10500.0,10.0,498.0,0,nao,veiculo,24,32300.0,0
E04079,35.0,5320.0,7.2,640.0,0,nao,pessoal,36,24000.0,0
E04080,34.0,4550.0,3.8,517.0,1,nao,reforma,36,12800.0,1
E04081,53.0,1660.0,9.6,714.0,4,sim,pessoal,24,2600.0,0
E04082,50.0,3680.0,6.2,560.0,3,nao,veiculo,24,18800.0,1
E04083,41.0,12310.0,0.5,644.0,1,sim,reforma,24,20100.0,0
E04084,36.0,4540.0,4.4,494.0,0,nao,reforma,36,20400.0,0
E04085,52.0,2990.0,9.9,782.0,0,nao,pessoal,12,12800.0,0
E04086,40.0,1460.0,17.1,648.0,1,sim,educacao,60,7200.0,0
E04087,30.0,9610.0,1.7,655.0,0,nao,veiculo,36,28400.0,1
E04088,19.0,4030.0,9.4,731.0,0,nao,pessoal,12,22600.0,0
E04089,35.0,1460.0,5.0,502.0,0,sim,pessoal,48,1700.0,0
E04090,49.0,2410.0,1.4,572.0,2,nao,educacao,24,8300.0,0
E04091,67.0,1950.0,1.5,659.0,4,sim,negocio,48,8600.0,1
E04092,41.0,3880.0,1.7,446.0,0,nao,educacao,60,20400.0,0
E04093,31.0,4760.0,0.9,458.0,2,nao,negocio,36,19400.0,1
E04094,26.0,3110.0,1.2,550.0,1,sim,veiculo,24,12900.0,1
E04095,47.0,,5.2,514.0,1,sim,veiculo,36,38700.0,0
E04096,19.0,4400.0,0.5,602.0,0,sim,educacao,36,12200.0,0
E04097,47.0,7940.0,2.1,697.0,1,nao,veiculo,24,27300.0,0
E04098,50.0,3390.0,3.5,722.0,0,sim,reforma,48,14300.0,1
E04099,45.0,26110.0,2.1,839.0,1,nao,reforma,24,51600.0,0
E04100,37.0,2990.0,1.1,638.0,1,sim,pessoal,48,7900.0,0
E04101,47.0,2440.0,4.9,657.0,1,nao,pessoal,24,10500.0,0
E04102,42.0,2270.0,2.2,637.0,0,nao,pessoal,36,6100.0,0
E04103,31.0,3700.0,4.2,675.0,2,nao,pessoal,12,20300.0,0
E04104,62.0,1500.0,8.0,684.0,1,nao,veiculo,24,5400.0,0
E04105,36.0,5010.0,2.6,741.0,0,nao,pessoal,24,21600.0,0
E04106,49.0,1340.0,2.7,741.0,1,nao,pessoal,48,1900.0,1
E04107,18.0,4630.0,1.3,697.0,3,nao,pessoal,60,27000.0,0
E04108,55.0,1870.0,9.8,806.0,3,sim,reforma,12,11200.0,0
E04109,58.0,3340.0,4.9,643.0,1,sim,educacao,60,14000.0,0
E04110,40.0,6040.0,9.3,573.0,0,sim,veiculo,24,10000.0,0
E04111,47.0,16740.0,10.5,591.0,0,nao,reforma,60,58300.0,0
E04112,47.0,2200.0,2.6,628.0,0,nao,reforma,12,2300.0,1
E04113,32.0,3840.0,8.8,521.0,0,nao,reforma,36,3100.0,0
E04114,47.0,2720.0,5.4,573.0,0,sim,negocio,48,5900.0,1
E04115,30.0,2490.0,2.8,515.0,1,nao,reforma,24,4300.0,0
E04116,33.0,2730.0,2.4,678.0,2,nao,veiculo,60,15800.0,0
E04117,54.0,6890.0,4.8,679.0,0,sim,negocio,60,31800.0,0
E04118,52.0,3130.0,,445.0,0,nao,reforma,24,13900.0,1
E04119,32.0,16190.0,0.3,568.0,1,nao,veiculo,12,75900.0,1
E04120,31.0,5390.0,3.2,841.0,1,sim,reforma,24,13400.0,0
E04121,32.0,2290.0,5.7,709.0,1,sim,pessoal,12,13700.0,0
E04122,49.0,3370.0,6.8,690.0,2,sim,reforma,36,12500.0,0
E04123,28.0,2600.0,4.2,567.0,0,sim,educacao,12,4300.0,0
E04124,44.0,6790.0,6.6,672.0,4,nao,reforma,36,28600.0,0
E04125,49.0,1570.0,2.4,638.0,1,sim,pessoal,24,5600.0,0
E04126,39.0,1880.0,6.5,552.0,2,sim,veiculo,60,7200.0,0
E04127,52.0,2950.0,5.8,586.0,2,nao,educacao,24,5800.0,0
E04128,36.0,6330.0,10.4,588.0,2,nao,veiculo,36,23500.0,0
E04129,37.0,8800.0,14.4,476.0,0,sim,negocio,36,8000.0,0
E04130,28.0,9620.0,10.6,494.0,0,nao,pessoal,24,47900.0,1
E04131,52.0,5770.0,3.8,618.0,0,sim,reforma,48,22100.0,0
E04132,31.0,4000.0,1.4,547.0,2,sim,pessoal,12,16600.0,0
E04133,44.0,6770.0,2.1,607.0,1,nao,reforma,48,24900.0,0
E04134,39.0,2110.0,14.2,463.0,1,nao,negocio,24,12500.0,0
E04135,27.0,1390.0,5.0,728.0,1,nao,veiculo,12,1300.0,0
E04136,33.0,5460.0,6.0,869.0,3,sim,veiculo,60,16800.0,0
E04137,57.0,2300.0,9.3,753.0,2,nao,negocio,24,9600.0,1
E04138,42.0,4040.0,4.8,764.0,1,sim,veiculo,24,15400.0,0
E04139,28.0,4510.0,11.8,709.0,1,sim,veiculo,12,20200.0,0
E04140,44.0,4870.0,1.2,669.0,2,nao,pessoal,36,28700.0,0
E04141,38.0,7370.0,7.1,650.0,2,nao,veiculo,48,23300.0,0
E04142,80.0,6920.0,17.5,539.0,2,nao,reforma,12,33800.0,0
E04143,43.0,4720.0,12.5,716.0,0,sim,veiculo,36,15300.0,0
E04144,35.0,3220.0,13.1,709.0,0,nao,pessoal,48,14700.0,0
E04145,57.0,4480.0,1.1,589.0,4,nao,pessoal,48,14500.0,0
E04146,18.0,2940.0,5.7,698.0,2,nao,pessoal,48,8800.0,0
E04147,41.0,3730.0,4.3,564.0,0,sim,negocio,12,21600.0,0
E04148,64.0,20210.0,2.1,571.0,2,sim,negocio,24,86300.0,1
E04149,39.0,4690.0,5.8,725.0,2,nao,veiculo,36,19900.0,1
E04150,19.0,5500.0,1.4,687.0,0,nao,educacao,36,18500.0,0
E04151,35.0,2750.0,6.6,614.0,1,nao,pessoal,48,2400.0,0
E04152,57.0,7750.0,1.9,602.0,0,sim,negocio,60,19200.0,0
E04153,45.0,6630.0,6.4,659.0,3,nao,pessoal,48,5100.0,0
E04154,30.0,6660.0,2.2,438.0,3,sim,pessoal,36,30400.0,1
E04155,32.0,,3.6,557.0,1,nao,pessoal,36,23300.0,0
E04156,33.0,7810.0,3.3,501.0,0,sim,veiculo,12,5300.0,0
E04157,44.0,9010.0,4.2,641.0,1,nao,veiculo,36,29200.0,0
E04158,56.0,4980.0,4.6,760.0,0,nao,pessoal,12,27200.0,0
E04159,53.0,3920.0,3.3,692.0,1,sim,pessoal,48,4200.0,0
E04160,45.0,7180.0,1.7,584.0,0,nao,reforma,48,17700.0,0
E04161,24.0,2440.0,10.9,562.0,3,sim,educacao,60,2800.0,1
E04162,24.0,2730.0,4.8,557.0,2,sim,pessoal,36,8800.0,0
E04163,46.0,4070.0,5.9,860.0,0,nao,pessoal,12,14000.0,0
E04164,24.0,1480.0,3.3,647.0,1,nao,reforma,12,3900.0,0
E04165,37.0,,23.5,662.0,0,sim,reforma,60,35200.0,0
E04166,44.0,2360.0,5.1,408.0,0,sim,veiculo,24,6500.0,0
E04167,26.0,3170.0,11.3,510.0,1,nao,veiculo,24,3500.0,0
E04168,28.0,3700.0,3.6,635.0,2,nao,veiculo,12,18100.0,1
E04169,39.0,4300.0,7.3,585.0,1,sim,veiculo,48,7200.0,0
E04170,46.0,3420.0,4.1,655.0,3,sim,educacao,24,15300.0,0
E04171,53.0,4030.0,10.0,653.0,2,sim,negocio,24,11600.0,0
E04172,47.0,4050.0,3.0,706.0,1,nao,reforma,48,6900.0,0
E04173,41.0,3210.0,1.5,434.0,1,nao,pessoal,36,3400.0,0
E04174,31.0,2640.0,5.9,518.0,3,nao,negocio,36,13300.0,0
E04175,27.0,8040.0,10.5,629.0,0,sim,pessoal,12,13700.0,0
E04176,34.0,1300.0,4.2,569.0,2,nao,negocio,24,7700.0,1
E04177,45.0,3710.0,2.9,606.0,0,nao,veiculo,24,12500.0,0
E04178,44.0,3170.0,1.2,652.0,3,sim,reforma,60,14300.0,1
E04179,18.0,5400.0,10.6,558.0,0,nao,veiculo,24,19500.0,0
E04180,31.0,1760.0,2.0,661.0,1,nao,veiculo,24,10500.0,0
E04181,54.0,3110.0,3.2,700.0,1,nao,pessoal,24,5700.0,0
E04182,41.0,3950.0,3.2,647.0,1,sim,pessoal,36,10500.0,0
E04183,23.0,7980.0,4.5,719.0,2,sim,pessoal,12,42700.0,1
E04184,68.0,5130.0,7.3,401.0,1,nao,pessoal,48,8000.0,0
E04185,40.0,2060.0,18.8,576.0,3,nao,veiculo,60,8200.0,0
E04186,45.0,3130.0,6.1,738.0,1,nao,negocio,36,17000.0,1
E04187,45.0,7150.0,1.2,545.0,2,sim,pessoal,48,42600.0,0
E04188,36.0,2040.0,4.3,530.0,0,nao,reforma,12,10000.0,1
E04189,31.0,4010.0,6.2,626.0,2,sim,pessoal,24,3500.0,0
E04190,65.0,4180.0,11.9,638.0,1,sim,reforma,24,15100.0,0
E04191,52.0,3330.0,10.9,581.0,0,nao,reforma,24,14200.0,0
E04192,50.0,21170.0,4.1,843.0,0,nao,reforma,24,46200.0,0
E04193,47.0,3280.0,5.0,672.0,1,nao,pessoal,36,13900.0,0
E04194,28.0,5500.0,5.6,541.0,1,sim,pessoal,48,30300.0,0
E04195,55.0,2650.0,5.0,482.0,0,sim,pessoal,60,10700.0,0
E04196,30.0,5760.0,4.3,685.0,1,nao,negocio,24,18500.0,0
E04197,43.0,7080.0,14.7,538.0,5,nao,pessoal,36,33100.0,0
E04198,20.0,2950.0,2.4,877.0,0,nao,reforma,48,6300.0,0
E04199,18.0,4060.0,9.5,687.0,1,nao,pessoal,24,17000.0,0
E04200,44.0,,8.2,702.0,1,nao,veiculo,36,8100.0,0
E04201,30.0,2110.0,4.1,667.0,3,nao,veiculo,36,8100.0,0
E04202,18.0,7820.0,2.3,763.0,2,sim,pessoal,12,25000.0,0
E04203,46.0,3010.0,4.8,377.0,0,nao,veiculo,36,8400.0,1
E04204,65.0,1300.0,7.5,508.0,1,nao,pessoal,36,1000.0,0
E04205,57.0,12110.0,0.1,754.0,1,nao,pessoal,24,47500.0,0
E04206,37.0,2600.0,1.4,805.0,1,sim,veiculo,60,15300.0,0
E04207,40.0,3620.0,6.0,504.0,2,nao,educacao,12,8900.0,1
E04208,51.0,11240.0,5.7,440.0,2,sim,pessoal,60,44200.0,0
E04209,53.0,3860.0,1.6,658.0,2,nao,pessoal,36,17300.0,0
E04210,36.0,3810.0,2.1,693.0,2,nao,pessoal,12,14600.0,0
E04211,40.0,2010.0,5.5,656.0,3,nao,educacao,24,11000.0,0
E04212,44.0,1570.0,0.8,633.0,1,sim,pessoal,48,8800.0,0
E04213,47.0,3800.0,7.9,436.0,3,nao,educacao,24,20100.0,1
E04214,38.0,5220.0,3.7,599.0,0,sim,pessoal,12,14700.0,1
E04215,39.0,5050.0,4.5,615.0,2,nao,pessoal,36,6400.0,0
E04216,57.0,3150.0,4.8,580.0,3,sim,veiculo,60,8500.0,1
E04217,55.0,4250.0,1.2,429.0,2,sim,veiculo,24,14300.0,1
E04218,46.0,1390.0,4.8,704.0,1,nao,veiculo,24,1000.0,0
E04219,61.0,5540.0,7.1,735.0,1,sim,veiculo,48,28300.0,0
E04220,35.0,4630.0,2.3,553.0,0,nao,negocio,36,24900.0,1
E04221,59.0,13730.0,2.1,620.0,2,nao,reforma,24,54600.0,1
E04222,47.0,4220.0,17.9,585.0,1,sim,negocio,36,15600.0,0
E04223,79.0,2390.0,1.8,586.0,3,sim,negocio,36,6300.0,0
E04224,26.0,4070.0,3.1,694.0,1,nao,veiculo,12,23900.0,0
E04225,32.0,3450.0,12.9,697.0,0,nao,educacao,12,10000.0,0
E04226,45.0,5450.0,0.7,758.0,2,nao,veiculo,36,8900.0,0
E04227,45.0,4270.0,4.0,756.0,2,sim,veiculo,12,24700.0,0
E04228,63.0,1970.0,7.0,621.0,3,nao,reforma,48,10000.0,1
E04229,32.0,1570.0,4.3,953.0,1,sim,veiculo,36,3600.0,0
E04230,51.0,,0.6,810.0,2,sim,veiculo,12,17600.0,0
E04231,54.0,9630.0,1.4,568.0,2,nao,pessoal,60,35800.0,0
E04232,48.0,4400.0,0.5,654.0,2,sim,negocio,48,23400.0,0
E04233,28.0,6840.0,3.8,422.0,0,nao,pessoal,36,24000.0,0
E04234,57.0,7710.0,,643.0,1,sim,pessoal,48,21600.0,0
E04235,55.0,4930.0,2.3,824.0,0,nao,pessoal,36,18500.0,0
E04236,47.0,2580.0,3.3,946.0,0,sim,reforma,12,15100.0,0
E04237,42.0,4720.0,3.3,627.0,5,sim,pessoal,36,3700.0,0
E04238,43.0,8670.0,11.3,677.0,1,nao,negocio,24,35200.0,0
E04239,39.0,5770.0,5.4,707.0,2,nao,veiculo,60,5500.0,0
E04240,48.0,6580.0,4.8,858.0,1,nao,educacao,24,12800.0,0
E04241,40.0,,10.0,532.0,0,nao,pessoal,48,13800.0,0
E04242,30.0,3720.0,1.0,932.0,1,sim,veiculo,12,16400.0,0
E04243,27.0,,5.3,605.0,2,nao,reforma,36,19900.0,0
E04244,31.0,4070.0,2.7,511.0,1,nao,pessoal,12,14100.0,1
E04245,43.0,8460.0,12.5,605.0,1,nao,veiculo,24,41500.0,0
E04246,40.0,1300.0,10.0,551.0,1,nao,educacao,36,4200.0,0
E04247,43.0,4280.0,2.7,686.0,0,nao,reforma,36,6900.0,0
E04248,46.0,4000.0,3.5,458.0,1,sim,negocio,24,11800.0,1
E04249,32.0,1840.0,1.7,656.0,1,sim,veiculo,24,2700.0,0
E04250,58.0,6280.0,8.9,713.0,2,nao,pessoal,36,22000.0,0
E04251,37.0,2720.0,7.4,803.0,2,nao,negocio,12,9100.0,0
E04252,35.0,3390.0,3.7,715.0,1,nao,negocio,48,6600.0,0
E04253,46.0,12730.0,3.6,796.0,2,sim,veiculo,36,40400.0,0
E04254,18.0,7700.0,2.9,573.0,1,sim,pessoal,48,29400.0,1
E04255,31.0,,11.9,683.0,1,sim,pessoal,60,17100.0,0
E04256,52.0,5280.0,4.0,395.0,1,nao,educacao,24,9100.0,1
E04257,19.0,3800.0,3.0,627.0,3,sim,pessoal,36,21800.0,0
E04258,53.0,13940.0,8.2,683.0,0,sim,pessoal,36,68500.0,0
E04259,58.0,6800.0,3.4,692.0,1,nao,veiculo,36,11400.0,0
E04260,36.0,2680.0,9.1,467.0,2,nao,educacao,36,8400.0,1
E04261,44.0,1810.0,14.0,597.0,0,nao,veiculo,60,4700.0,0
E04262,53.0,5900.0,2.4,612.0,1,sim,veiculo,36,35300.0,0
E04263,34.0,4060.0,6.7,593.0,1,nao,reforma,60,18100.0,0
E04264,50.0,1780.0,2.4,720.0,2,nao,educacao,36,7200.0,1
E04265,32.0,5430.0,19.1,616.0,2,sim,pessoal,48,7100.0,0
E04266,34.0,3570.0,5.1,651.0,1,sim,pessoal,24,5500.0,0
E04267,30.0,5770.0,7.4,586.0,0,nao,pessoal,24,32400.0,0
E04268,44.0,5470.0,0.2,757.0,0,nao,pessoal,60,16200.0,0
E04269,54.0,2920.0,2.9,765.0,2,nao,pessoal,48,1700.0,0
E04270,38.0,6140.0,8.2,606.0,1,sim,veiculo,36,19800.0,0
E04271,25.0,3120.0,1.0,954.0,0,sim,pessoal,36,12200.0,0
E04272,27.0,3240.0,5.1,556.0,2,sim,educacao,24,6800.0,0
E04273,45.0,3050.0,14.5,751.0,0,nao,pessoal,24,8700.0,0
E04274,62.0,8280.0,8.6,535.0,0,nao,negocio,24,16700.0,0
E04275,45.0,3550.0,6.9,725.0,1,sim,pessoal,60,10400.0,0
E04276,35.0,9570.0,3.0,716.0,1,nao,pessoal,24,56600.0,0
E04277,49.0,12250.0,1.3,529.0,3,nao,educacao,24,37100.0,0
E04278,37.0,2700.0,4.2,626.0,0,sim,negocio,36,13300.0,0
E04279,35.0,1300.0,7.6,845.0,1,sim,pessoal,36,1600.0,0
E04280,28.0,7860.0,1.7,550.0,1,sim,educacao,48,38100.0,1
E04281,57.0,3420.0,8.5,684.0,2,sim,educacao,24,11200.0,0
E04282,18.0,2500.0,5.3,677.0,0,sim,veiculo,24,6300.0,0
E04283,50.0,2950.0,2.1,635.0,1,nao,reforma,36,10800.0,0
E04284,34.0,3270.0,0.7,450.0,0,nao,veiculo,36,7900.0,0
E04285,35.0,9150.0,0.9,731.0,0,nao,pessoal,60,45300.0,0
E04286,60.0,4620.0,,641.0,1,nao,pessoal,36,22400.0,1
E04287,31.0,9070.0,10.8,761.0,0,sim,pessoal,48,16000.0,0
E04288,32.0,5650.0,,665.0,0,nao,veiculo,60,16300.0,0
E04289,38.0,3490.0,11.9,647.0,1,nao,pessoal,12,4400.0,0
E04290,45.0,3320.0,0.6,681.0,2,nao,pessoal,24,1800.0,0
E04291,35.0,5880.0,4.7,531.0,2,nao,pessoal,12,12500.0,0
E04292,21.0,6870.0,4.3,811.0,1,nao,reforma,60,24600.0,0
E04293,30.0,7640.0,6.2,599.0,0,sim,reforma,24,35700.0,1
E04294,55.0,3590.0,5.2,600.0,3,sim,educacao,36,20600.0,0
E04295,41.0,4670.0,3.0,782.0,1,nao,negocio,36,13200.0,0
E04296,45.0,5960.0,3.0,667.0,0,nao,negocio,48,3100.0,0
E04297,37.0,3340.0,9.3,614.0,1,sim,pessoal,24,13600.0,1
E04298,32.0,2130.0,4.9,686.0,0,sim,veiculo,12,3500.0,0
E04299,60.0,2590.0,0.2,709.0,2,sim,veiculo,24,9500.0,0
E04300,38.0,3630.0,3.3,627.0,3,sim,pessoal,36,10800.0,0
E04301,35.0,6250.0,3.6,741.0,2,nao,pessoal,24,12700.0,0
E04302,53.0,8940.0,3.6,500.0,1,sim,negocio,24,19200.0,0
E04303,31.0,1860.0,8.3,669.0,1,sim,veiculo,12,4400.0,0
E04304,33.0,2930.0,2.6,728.0,0,nao,veiculo,12,4300.0,0
E04305,40.0,3390.0,5.6,708.0,2,nao,reforma,60,14900.0,0
E04306,40.0,6770.0,14.6,393.0,5,nao,educacao,12,18100.0,0
E04307,43.0,3060.0,10.8,626.0,1,sim,negocio,24,13600.0,0
E04308,65.0,3250.0,2.4,506.0,3,sim,negocio,12,12000.0,1
E04309,44.0,1800.0,5.1,781.0,0,nao,pessoal,12,3100.0,1
E04310,18.0,5610.0,0.1,597.0,1,nao,reforma,36,12700.0,1
E04311,44.0,3810.0,7.3,769.0,2,nao,pessoal,60,21300.0,0
E04312,40.0,2840.0,1.2,506.0,0,nao,negocio,24,8000.0,0
E04313,41.0,3590.0,4.5,683.0,0,sim,pessoal,48,4000.0,0
E04314,43.0,8260.0,4.0,641.0,1,sim,veiculo,48,33400.0,0
E04315,40.0,2300.0,10.4,944.0,2,nao,negocio,36,5500.0,0
E04316,39.0,2530.0,,770.0,2,nao,reforma,60,7700.0,0
E04317,47.0,8900.0,3.9,763.0,4,sim,pessoal,24,14600.0,0
E04318,33.0,4400.0,7.7,863.0,2,sim,pessoal,12,2500.0,0
E04319,29.0,6280.0,11.7,671.0,1,nao,veiculo,36,23300.0,0
E04320,76.0,5340.0,0.1,629.0,0,sim,veiculo,36,15400.0,0
E04321,31.0,4110.0,2.5,617.0,0,nao,reforma,24,11200.0,0
E04322,41.0,3410.0,15.0,676.0,0,sim,pessoal,60,19000.0,0
E04323,22.0,6920.0,20.4,335.0,1,sim,reforma,12,13400.0,1
E04324,41.0,8440.0,2.0,640.0,2,sim,veiculo,60,31400.0,0
E04325,29.0,8050.0,9.2,665.0,0,sim,negocio,24,40600.0,0
E04326,35.0,2060.0,2.0,623.0,0,nao,reforma,48,6200.0,1
E04327,53.0,9190.0,1.5,472.0,1,sim,negocio,24,42700.0,1
E04328,46.0,3390.0,4.1,624.0,0,nao,pessoal,36,12100.0,0
E04329,47.0,2670.0,10.0,471.0,0,nao,negocio,36,6500.0,1
E04330,19.0,3790.0,3.6,835.0,0,sim,negocio,36,20800.0,0
E04331,62.0,6920.0,9.9,612.0,2,nao,veiculo,60,17800.0,0
E04332,26.0,5810.0,10.6,413.0,1,nao,negocio,36,17600.0,1
E04333,58.0,3600.0,2.9,617.0,4,sim,reforma,12,14600.0,1
E04334,52.0,6940.0,2.8,738.0,0,sim,negocio,48,26100.0,0
E04335,47.0,4570.0,3.7,659.0,1,nao,educacao,36,15200.0,1
E04336,30.0,2980.0,4.6,539.0,1,sim,negocio,36,12800.0,1
E04337,42.0,2750.0,4.1,565.0,1,nao,pessoal,24,11900.0,0
E04338,34.0,5370.0,,608.0,1,sim,pessoal,36,18300.0,1
E04339,40.0,4000.0,3.1,592.0,0,sim,veiculo,48,13100.0,0
E04340,37.0,1840.0,1.3,501.0,1,sim,reforma,60,2600.0,0
E04341,18.0,6980.0,17.6,633.0,4,sim,pessoal,24,30800.0,0
E04342,53.0,3150.0,2.5,493.0,2,sim,veiculo,24,18700.0,0
E04343,39.0,10920.0,0.6,744.0,1,sim,pessoal,36,22900.0,0
E04344,34.0,1810.0,,758.0,3,sim,negocio,36,2900.0,0
E04345,33.0,3770.0,1.6,530.0,1,nao,reforma,36,21400.0,0
E04346,44.0,2760.0,7.5,561.0,2,sim,pessoal,60,7600.0,0
E04347,29.0,2340.0,2.4,593.0,0,nao,pessoal,60,10100.0,0
E04348,18.0,3140.0,20.0,637.0,0,nao,negocio,60,9700.0,0
E04349,45.0,12150.0,13.1,668.0,2,nao,veiculo,12,43700.0,1
E04350,46.0,4580.0,3.9,691.0,2,nao,reforma,24,10700.0,0
E04351,38.0,2610.0,6.9,688.0,3,sim,negocio,24,12400.0,0
E04352,26.0,,5.8,811.0,1,nao,negocio,60,4600.0,0
E04353,41.0,1500.0,2.3,647.0,0,nao,pessoal,48,4700.0,0
E04354,22.0,3040.0,7.9,497.0,0,nao,reforma,12,10900.0,1
E04355,28.0,2870.0,5.0,463.0,0,nao,negocio,24,16200.0,0
E04356,31.0,3670.0,5.6,820.0,2,sim,pessoal,60,18400.0,0
E04357,50.0,1300.0,7.4,696.0,2,sim,reforma,24,1100.0,0
E04358,36.0,3980.0,4.2,663.0,0,nao,educacao,36,9900.0,0
E04359,35.0,7780.0,2.0,689.0,2,sim,pessoal,36,10500.0,0
E04360,63.0,11120.0,6.9,658.0,2,nao,veiculo,12,61300.0,1
E04361,44.0,1350.0,8.5,688.0,0,nao,pessoal,24,2500.0,0
E04362,44.0,2600.0,8.5,599.0,1,nao,pessoal,60,12300.0,0
E04363,36.0,2520.0,8.7,756.0,0,sim,pessoal,12,9800.0,0
E04364,33.0,4580.0,6.2,582.0,2,sim,pessoal,36,21600.0,0
E04365,18.0,2020.0,,541.0,0,nao,veiculo,60,8400.0,0
E04366,52.0,11520.0,20.7,454.0,0,sim,negocio,24,24000.0,0
E04367,45.0,4310.0,8.4,614.0,1,nao,negocio,24,14000.0,0
E04368,38.0,3900.0,3.3,779.0,2,nao,negocio,48,5600.0,0
E04369,38.0,10920.0,9.4,590.0,1,nao,educacao,24,19400.0,1
E04370,49.0,4160.0,1.4,488.0,2,sim,pessoal,24,4900.0,0
E04371,21.0,5340.0,7.6,671.0,0,nao,veiculo,24,28400.0,1
E04372,33.0,2680.0,3.6,568.0,1,sim,educacao,60,5600.0,0
E04373,26.0,1850.0,1.5,810.0,1,nao,negocio,48,2300.0,0
E04374,61.0,2910.0,1.5,758.0,0,sim,veiculo,12,5300.0,0
E04375,51.0,15600.0,6.6,500.0,1,nao,reforma,24,30400.0,1
E04376,18.0,6140.0,7.3,621.0,1,nao,negocio,60,7300.0,0
E04377,22.0,4950.0,1.9,557.0,1,sim,reforma,48,21500.0,0
E04378,38.0,2340.0,3.7,512.0,1,sim,educacao,24,9700.0,0
E04379,34.0,7260.0,6.1,634.0,0,nao,negocio,48,27200.0,1
E04380,24.0,1860.0,2.8,730.0,1,nao,reforma,12,9800.0,0
E04381,63.0,1640.0,18.2,631.0,2,sim,pessoal,12,1300.0,0
E04382,44.0,3000.0,6.7,583.0,1,sim,negocio,60,11500.0,0
E04383,46.0,13570.0,4.3,397.0,1,nao,educacao,36,50700.0,0
E04384,32.0,13120.0,10.5,567.0,2,nao,pessoal,12,58300.0,0
E04385,49.0,3200.0,7.2,701.0,2,sim,negocio,36,7300.0,0
E04386,35.0,2800.0,6.2,492.0,1,sim,pessoal,36,8000.0,0
E04387,37.0,1570.0,6.8,781.0,0,nao,negocio,60,3700.0,0
E04388,47.0,4400.0,8.6,576.0,0,sim,educacao,12,11600.0,1
E04389,20.0,4630.0,2.6,661.0,2,nao,pessoal,48,18600.0,0
E04390,59.0,6750.0,0.5,596.0,0,nao,negocio,48,13000.0,1
E04391,42.0,7250.0,11.2,511.0,0,nao,pessoal,48,38200.0,0
E04392,55.0,3730.0,5.0,688.0,1,sim,negocio,48,22300.0,0
E04393,27.0,5860.0,3.1,574.0,1,sim,reforma,48,16700.0,0
E04394,29.0,2760.0,2.0,548.0,0,nao,veiculo,24,16400.0,1
E04395,26.0,5800.0,1.7,379.0,1,nao,negocio,12,18300.0,0
E04396,43.0,3100.0,5.4,783.0,0,nao,pessoal,60,1900.0,0
E04397,41.0,5530.0,4.6,641.0,0,nao,veiculo,24,30200.0,1
E04398,34.0,5270.0,10.6,762.0,0,nao,reforma,24,12400.0,0
E04399,28.0,4380.0,7.4,708.0,0,nao,pessoal,24,3600.0,0
E04400,25.0,6770.0,8.5,762.0,2,sim,pessoal,24,10300.0,1
E04401,39.0,1640.0,10.2,578.0,1,nao,reforma,24,7400.0,0
E04402,34.0,2220.0,5.7,489.0,0,nao,pessoal,24,4000.0,0
E04403,32.0,3570.0,14.4,724.0,1,nao,veiculo,24,16200.0,0
E04404,59.0,1770.0,2.5,654.0,3,sim,reforma,36,9000.0,0
E04405,39.0,3290.0,10.1,589.0,0,nao,veiculo,60,18100.0,0
E04406,55.0,3350.0,0.5,722.0,3,sim,pessoal,36,18400.0,0
E04407,34.0,9220.0,0.5,674.0,0,sim,pessoal,60,13800.0,0
E04408,43.0,4570.0,1.4,710.0,0,nao,pessoal,12,16300.0,0
E04409,39.0,7790.0,4.3,528.0,0,nao,reforma,24,41700.0,0
E04410,20.0,5030.0,0.4,748.0,2,nao,pessoal,12,9200.0,0
E04411,57.0,3050.0,4.1,639.0,2,sim,negocio,36,18300.0,1
E04412,38.0,4550.0,3.3,759.0,2,nao,pessoal,60,20700.0,0
E04413,49.0,6510.0,19.4,747.0,1,nao,pessoal,24,36700.0,0
E04414,31.0,8590.0,1.0,715.0,1,sim,educacao,48,19000.0,0
E04415,38.0,3880.0,5.2,628.0,1,nao,pessoal,48,6300.0,0
E04416,30.0,1560.0,7.3,718.0,0,sim,veiculo,12,8900.0,0
E04417,55.0,1500.0,13.7,762.0,1,nao,pessoal,24,3100.0,0
E04418,44.0,3450.0,8.3,707.0,2,sim,negocio,12,18900.0,0
E04419,44.0,1300.0,11.3,662.0,1,nao,pessoal,24,1900.0,0
E04420,56.0,12330.0,,718.0,0,nao,pessoal,48,30500.0,0
E04421,54.0,6010.0,2.2,582.0,0,nao,reforma,24,23800.0,0
E04422,49.0,2870.0,0.9,807.0,3,sim,veiculo,60,15800.0,1
E04423,23.0,2160.0,8.9,455.0,0,sim,negocio,48,6600.0,0
E04424,32.0,7780.0,3.1,644.0,1,sim,negocio,24,29500.0,0
E04425,28.0,2150.0,0.3,595.0,0,nao,educacao,24,4900.0,0
E04426,49.0,2280.0,3.4,570.0,2,nao,pessoal,36,3600.0,0
E04427,42.0,2650.0,4.6,674.0,1,sim,reforma,36,12100.0,0
E04428,23.0,4500.0,12.6,516.0,0,sim,pessoal,36,20400.0,0
E04429,38.0,6100.0,3.7,877.0,0,sim,pessoal,24,32000.0,0
E04430,22.0,8590.0,4.6,491.0,2,nao,pessoal,60,11400.0,1
E04431,39.0,7860.0,4.7,535.0,0,sim,veiculo,12,6500.0,0
E04432,20.0,4200.0,9.9,525.0,0,nao,veiculo,36,16500.0,0
E04433,46.0,7750.0,2.3,662.0,1,nao,educacao,12,24700.0,0
E04434,45.0,2810.0,6.5,752.0,1,sim,veiculo,36,11100.0,0
E04435,63.0,1410.0,2.8,698.0,1,sim,pessoal,24,2600.0,0
E04436,50.0,2810.0,12.4,802.0,0,nao,pessoal,12,14200.0,1
E04437,35.0,2590.0,14.5,549.0,4,nao,veiculo,12,7600.0,1
E04438,50.0,2870.0,5.3,712.0,2,sim,reforma,60,12100.0,0
E04439,23.0,2360.0,6.2,607.0,0,sim,pessoal,12,3700.0,0
E04440,28.0,3180.0,3.8,665.0,2,nao,reforma,24,2500.0,0
E04441,44.0,6090.0,0.5,762.0,0,sim,negocio,36,15000.0,0
E04442,18.0,11750.0,4.7,454.0,0,sim,pessoal,12,33400.0,1
E04443,40.0,1490.0,4.3,859.0,1,nao,educacao,60,4300.0,0
E04444,28.0,1940.0,3.3,624.0,1,sim,negocio,12,3500.0,0
E04445,41.0,2610.0,3.7,463.0,1,nao,negocio,60,8000.0,1
E04446,27.0,6650.0,6.6,564.0,3,nao,pessoal,12,21800.0,0
E04447,45.0,3710.0,6.2,651.0,2,nao,pessoal,24,7700.0,0
E04448,40.0,2720.0,3.8,564.0,0,nao,reforma,48,6300.0,0
E04449,57.0,6460.0,13.2,415.0,1,sim,veiculo,12,23100.0,0
E04450,40.0,7460.0,0.4,651.0,1,sim,pessoal,48,5600.0,0
E04451,31.0,4150.0,2.4,561.0,2,sim,veiculo,36,3000.0,1
E04452,37.0,2570.0,8.9,712.0,1,nao,veiculo,36,7400.0,0
E04453,24.0,4940.0,0.6,522.0,0,sim,pessoal,24,4200.0,0
E04454,45.0,3650.0,0.4,889.0,0,sim,pessoal,24,16800.0,0
E04455,47.0,3630.0,2.4,696.0,1,sim,educacao,48,13500.0,0
E04456,70.0,3090.0,4.4,662.0,1,sim,veiculo,12,2000.0,0
E04457,33.0,7320.0,2.9,709.0,1,nao,pessoal,24,16900.0,0
E04458,37.0,4880.0,5.4,440.0,2,nao,negocio,24,4800.0,1
E04459,33.0,7820.0,0.4,585.0,1,nao,educacao,24,42900.0,0
E04460,43.0,9360.0,2.1,836.0,0,sim,veiculo,24,20700.0,0
E04461,45.0,5530.0,7.8,605.0,0,nao,pessoal,12,14400.0,0
E04462,39.0,3100.0,6.6,633.0,0,nao,reforma,24,15000.0,0
E04463,53.0,7840.0,2.6,589.0,1,nao,reforma,36,13300.0,0
E04464,33.0,5550.0,5.1,801.0,2,nao,negocio,36,9100.0,0
E04465,52.0,20030.0,4.3,613.0,1,sim,pessoal,60,98900.0,0
E04466,46.0,5060.0,4.4,502.0,1,nao,reforma,36,17400.0,1
E04467,40.0,6380.0,5.8,924.0,1,sim,pessoal,24,12200.0,0
E04468,36.0,5000.0,15.2,489.0,1,sim,negocio,12,6800.0,0
E04469,69.0,3960.0,15.4,629.0,2,nao,pessoal,48,19200.0,0
E04470,30.0,3600.0,0.7,547.0,3,nao,veiculo,24,5800.0,0
E04471,44.0,,3.6,563.0,2,sim,reforma,48,16000.0,0
E04472,31.0,5740.0,1.3,523.0,5,nao,educacao,24,8900.0,1
E04473,61.0,8400.0,6.2,581.0,2,sim,reforma,36,21600.0,0
E04474,51.0,5060.0,3.8,748.0,0,sim,veiculo,48,4900.0,0
E04475,32.0,3180.0,10.2,431.0,0,nao,negocio,24,1800.0,0
E04476,46.0,3450.0,4.6,779.0,3,nao,veiculo,36,12700.0,0
E04477,43.0,1900.0,13.6,760.0,0,sim,veiculo,12,6900.0,0
E04478,34.0,11380.0,15.9,696.0,0,nao,negocio,24,17600.0,1
E04479,49.0,3040.0,13.3,654.0,3,sim,veiculo,24,4800.0,0
E04480,45.0,7500.0,0.2,670.0,4,nao,reforma,24,35600.0,0
E04481,43.0,4960.0,5.8,797.0,1,nao,pessoal,12,14700.0,0
E04482,39.0,5040.0,3.3,448.0,3,nao,pessoal,48,19300.0,1
E04483,45.0,3910.0,3.8,720.0,1,nao,veiculo,48,8000.0,0
E04484,43.0,2620.0,8.9,558.0,2,sim,pessoal,60,9800.0,0
E04485,41.0,2350.0,3.5,731.0,3,nao,pessoal,60,6600.0,0
E04486,32.0,11850.0,4.8,573.0,3,nao,veiculo,36,23800.0,0
E04487,60.0,4500.0,5.1,718.0,1,sim,reforma,48,16000.0,0
E04488,27.0,8250.0,0.4,470.0,1,sim,pessoal,36,7300.0,1
E04489,45.0,9640.0,3.0,454.0,0,sim,veiculo,48,11500.0,0
E04490,36.0,3280.0,10.7,628.0,0,nao,pessoal,36,9600.0,0
E04491,61.0,5420.0,0.3,798.0,2,sim,pessoal,48,11900.0,0
E04492,29.0,4310.0,7.2,699.0,0,nao,pessoal,24,21300.0,1
E04493,31.0,2100.0,1.9,698.0,1,sim,reforma,36,3300.0,0
E04494,28.0,3760.0,3.2,735.0,1,nao,veiculo,36,4700.0,1
E04495,44.0,,8.4,596.0,1,sim,negocio,24,5200.0,0
E04496,24.0,3110.0,1.4,707.0,2,nao,reforma,36,15500.0,0
E04497,34.0,3460.0,3.5,576.0,0,nao,negocio,24,18100.0,0
E04498,18.0,3790.0,0.7,605.0,0,nao,pessoal,36,20700.0,1
E04499,43.0,14910.0,6.4,619.0,0,sim,veiculo,36,80200.0,0
E04500,34.0,1400.0,2.1,580.0,2,nao,veiculo,36,7400.0,0
E04501,22.0,5670.0,0.9,633.0,1,nao,veiculo,36,33200.0,0
E04502,53.0,3610.0,4.6,612.0,1,nao,negocio,24,9700.0,0
E04503,24.0,2860.0,0.6,562.0,1,sim,veiculo,36,11800.0,0
E04504,50.0,3560.0,3.1,625.0,0,sim,pessoal,60,2600.0,0
E04505,32.0,6270.0,1.9,657.0,0,nao,reforma,12,33000.0,0
E04506,59.0,6490.0,5.5,519.0,3,nao,pessoal,48,8400.0,0
E04507,49.0,4700.0,5.6,686.0,0,nao,pessoal,12,20000.0,0
E04508,28.0,8090.0,2.3,586.0,2,nao,veiculo,36,18600.0,1
E04509,29.0,8990.0,13.4,662.0,0,sim,pessoal,24,33600.0,0
E04510,47.0,6850.0,10.3,567.0,2,nao,reforma,48,33300.0,0
E04511,37.0,3030.0,1.6,756.0,1,sim,veiculo,12,10000.0,0
E04512,38.0,5650.0,22.4,745.0,1,sim,negocio,48,32400.0,0
E04513,55.0,5670.0,,525.0,0,sim,veiculo,24,12500.0,0
E04514,31.0,2570.0,6.0,698.0,1,sim,veiculo,24,9200.0,0
E04515,41.0,1640.0,6.3,799.0,1,sim,veiculo,60,8600.0,0
E04516,51.0,1300.0,1.2,536.0,4,sim,reforma,24,4600.0,1
E04517,50.0,4380.0,11.6,544.0,1,sim,pessoal,24,15100.0,0
E04518,38.0,5020.0,0.4,721.0,1,nao,pessoal,24,13200.0,0
E04519,37.0,2070.0,6.3,496.0,0,sim,pessoal,24,9900.0,0
E04520,19.0,,,554.0,1,nao,veiculo,48,19500.0,0
E04521,27.0,4600.0,1.8,528.0,0,nao,negocio,12,8600.0,1
E04522,44.0,9440.0,8.5,722.0,1,nao,reforma,36,11400.0,0
E04523,38.0,5250.0,5.0,564.0,3,sim,veiculo,24,15000.0,1
E04524,41.0,2220.0,8.9,609.0,1,sim,pessoal,48,4600.0,0
E04525,52.0,5530.0,,558.0,1,nao,veiculo,24,32900.0,0
E04526,26.0,6280.0,14.3,766.0,1,nao,educacao,12,24200.0,0
E04527,37.0,3020.0,12.0,545.0,1,sim,veiculo,48,18000.0,0
E04528,42.0,1770.0,0.5,485.0,1,sim,negocio,12,7700.0,0
E04529,32.0,4460.0,1.7,481.0,2,nao,veiculo,36,23000.0,1
E04530,57.0,2300.0,6.9,716.0,0,nao,pessoal,48,2600.0,0
E04531,51.0,8230.0,10.2,724.0,0,sim,educacao,60,35400.0,0
E04532,43.0,3290.0,,777.0,2,sim,veiculo,24,3800.0,0
E04533,62.0,11820.0,7.9,501.0,1,nao,veiculo,48,15400.0,0
E04534,22.0,1300.0,12.7,615.0,3,nao,negocio,48,1200.0,1
E04535,40.0,4550.0,9.9,907.0,2,nao,educacao,60,17900.0,0
E04536,44.0,9900.0,7.8,607.0,0,nao,negocio,48,40400.0,0
E04537,29.0,2460.0,4.3,578.0,2,nao,reforma,12,5200.0,1
E04538,44.0,3820.0,4.1,638.0,1,sim,veiculo,60,20700.0,0
E04539,27.0,3300.0,19.8,698.0,0,sim,veiculo,12,18400.0,0
E04540,48.0,2790.0,2.8,696.0,1,sim,veiculo,24,13700.0,0
E04541,53.0,4860.0,1.7,572.0,0,nao,pessoal,24,19200.0,0
E04542,43.0,1930.0,0.9,576.0,1,nao,educacao,36,7300.0,0
E04543,18.0,3930.0,7.5,607.0,0,nao,pessoal,24,10500.0,0
E04544,28.0,5720.0,6.6,560.0,0,nao,negocio,12,17200.0,0
E04545,47.0,3690.0,4.6,504.0,1,sim,pessoal,48,4700.0,1
E04546,40.0,2300.0,6.6,839.0,0,nao,pessoal,36,13200.0,0
E04547,18.0,7790.0,8.9,595.0,1,sim,pessoal,36,29100.0,1
E04548,55.0,6510.0,3.7,601.0,2,sim,veiculo,48,16900.0,0
E04549,42.0,2250.0,7.0,605.0,1,nao,pessoal,60,3600.0,0
E04550,30.0,1930.0,3.4,631.0,1,sim,pessoal,24,5300.0,0
E04551,52.0,2370.0,7.2,688.0,3,sim,reforma,24,3400.0,0
E04552,32.0,,12.8,589.0,1,sim,veiculo,60,28500.0,0
E04553,32.0,4960.0,9.7,765.0,0,sim,pessoal,36,22200.0,0
E04554,44.0,6750.0,16.2,706.0,2,sim,pessoal,24,31100.0,0
E04555,61.0,3450.0,2.8,619.0,1,nao,pessoal,24,14700.0,0
E04556,59.0,2410.0,2.2,567.0,2,sim,negocio,60,13100.0,0
E04557,44.0,7290.0,6.5,759.0,0,sim,negocio,36,11000.0,0
E04558,46.0,3010.0,2.9,622.0,1,sim,veiculo,60,10200.0,0
E04559,49.0,4700.0,7.5,503.0,0,sim,pessoal,36,18300.0,0
E04560,25.0,1660.0,5.5,752.0,1,nao,pessoal,24,9800.0,0
E04561,48.0,2980.0,1.7,560.0,4,nao,reforma,60,7400.0,0
E04562,31.0,7700.0,6.8,736.0,1,nao,pessoal,24,15600.0,0
E04563,44.0,2730.0,1.9,363.0,0,nao,reforma,48,2300.0,0
E04564,37.0,,13.5,599.0,2,nao,pessoal,36,40000.0,1
E04565,46.0,1300.0,3.8,768.0,1,sim,reforma,60,2500.0,0
E04566,41.0,3000.0,2.2,641.0,0,nao,veiculo,36,3300.0,1
E04567,18.0,3790.0,5.6,706.0,1,nao,pessoal,24,20600.0,0
E04568,42.0,11950.0,6.1,541.0,1,nao,pessoal,48,67200.0,0
E04569,48.0,2080.0,2.7,678.0,1,nao,reforma,60,7200.0,0
E04570,45.0,6280.0,2.6,640.0,1,nao,reforma,60,12500.0,0
E04571,39.0,7920.0,0.6,667.0,0,nao,veiculo,36,25500.0,0
E04572,60.0,2720.0,,864.0,1,nao,pessoal,24,3000.0,0
E04573,44.0,3360.0,13.2,784.0,0,nao,reforma,12,4100.0,0
E04574,45.0,4570.0,10.4,727.0,1,nao,pessoal,12,14300.0,0
E04575,53.0,1730.0,2.1,729.0,0,nao,reforma,60,8900.0,0
E04576,44.0,3200.0,6.6,540.0,0,nao,educacao,48,4100.0,0
E04577,29.0,9030.0,5.7,588.0,1,nao,pessoal,36,36500.0,0
E04578,18.0,5750.0,0.9,471.0,2,nao,educacao,36,13400.0,1
E04579,34.0,3820.0,2.7,500.0,1,sim,negocio,12,3100.0,1
E04580,49.0,4490.0,6.2,542.0,1,nao,negocio,36,8500.0,0
E04581,36.0,5950.0,0.3,637.0,1,sim,pessoal,60,5200.0,0
E04582,50.0,6680.0,1.4,505.0,1,nao,negocio,36,10200.0,0
E04583,42.0,3010.0,8.4,636.0,2,nao,pessoal,36,6600.0,0
E04584,55.0,10550.0,2.0,623.0,1,nao,veiculo,24,15300.0,0
E04585,36.0,9250.0,0.9,515.0,0,nao,veiculo,12,25200.0,0
E04586,46.0,6310.0,10.0,808.0,0,sim,pessoal,24,3300.0,0
E04587,46.0,2530.0,2.0,494.0,2,nao,pessoal,12,1700.0,1
E04588,58.0,2280.0,8.5,763.0,1,sim,negocio,36,10700.0,0
E04589,20.0,3450.0,15.9,392.0,1,nao,pessoal,60,16500.0,1
E04590,34.0,4360.0,1.4,624.0,2,sim,veiculo,24,11400.0,1
E04591,50.0,1450.0,4.0,508.0,2,nao,educacao,60,8600.0,0
E04592,59.0,5650.0,5.7,568.0,0,nao,pessoal,12,11300.0,0
E04593,43.0,9090.0,9.8,839.0,0,nao,negocio,36,41900.0,0
E04594,36.0,5940.0,2.7,602.0,0,nao,negocio,36,17400.0,0
E04595,49.0,2800.0,0.1,518.0,2,nao,pessoal,24,6700.0,1
E04596,50.0,2610.0,1.4,694.0,0,nao,veiculo,12,5400.0,0
E04597,36.0,5030.0,3.2,601.0,2,sim,pessoal,24,8900.0,0
E04598,44.0,,8.5,657.0,1,sim,negocio,12,15900.0,1
E04599,54.0,5480.0,4.0,539.0,2,nao,pessoal,60,3600.0,0
E04600,63.0,6030.0,8.0,545.0,1,sim,veiculo,12,33000.0,1
E04601,49.0,8090.0,3.1,553.0,0,nao,reforma,12,15400.0,0
E04602,41.0,2130.0,5.3,728.0,0,sim,reforma,48,6700.0,0
E04603,39.0,4800.0,9.0,615.0,0,sim,reforma,24,12700.0,0
E04604,47.0,3380.0,10.9,525.0,2,nao,pessoal,24,19300.0,0
E04605,39.0,3960.0,18.6,658.0,0,nao,reforma,24,5600.0,0
E04606,42.0,7050.0,5.9,649.0,0,nao,reforma,60,17700.0,1
E04607,27.0,7530.0,0.4,703.0,2,sim,veiculo,60,31200.0,0
E04608,56.0,9720.0,6.8,587.0,2,sim,reforma,60,20000.0,0
E04609,26.0,5420.0,0.4,631.0,2,sim,pessoal,24,18900.0,1
E04610,35.0,3930.0,7.5,686.0,2,nao,pessoal,24,2500.0,0
E04611,41.0,3610.0,5.1,529.0,3,nao,pessoal,48,19700.0,0
E04612,64.0,1480.0,10.5,737.0,1,nao,pessoal,48,7600.0,0
E04613,35.0,9380.0,3.1,642.0,3,nao,pessoal,24,11100.0,0
E04614,32.0,3460.0,5.3,519.0,2,sim,pessoal,36,15600.0,0
E04615,33.0,5690.0,6.9,518.0,2,nao,veiculo,24,4800.0,1
E04616,60.0,6310.0,0.1,629.0,1,nao,reforma,12,35200.0,0
E04617,18.0,1990.0,6.6,579.0,2,nao,veiculo,24,2300.0,0
E04618,28.0,2410.0,2.2,723.0,0,nao,educacao,60,6000.0,0
E04619,73.0,10630.0,6.1,608.0,3,sim,veiculo,60,55500.0,0
E04620,47.0,5000.0,7.8,673.0,2,nao,veiculo,12,8200.0,0
E04621,27.0,2960.0,7.3,547.0,0,sim,pessoal,24,16600.0,1
E04622,39.0,3890.0,10.1,637.0,2,nao,educacao,12,16200.0,0
E04623,41.0,8060.0,,785.0,2,sim,reforma,24,25100.0,0
E04624,50.0,7360.0,18.2,624.0,0,nao,pessoal,24,8600.0,0
E04625,62.0,1740.0,1.1,579.0,1,nao,pessoal,12,7200.0,1
E04626,45.0,11200.0,5.3,545.0,0,nao,pessoal,60,41900.0,1
E04627,34.0,7500.0,3.3,638.0,2,nao,veiculo,48,21200.0,0
E04628,49.0,,4.1,795.0,0,nao,pessoal,60,10400.0,0
E04629,32.0,2050.0,16.3,490.0,4,sim,educacao,48,7700.0,1
E04630,28.0,7900.0,1.3,635.0,2,sim,pessoal,48,21800.0,0
E04631,19.0,,14.5,451.0,2,sim,negocio,48,23800.0,0
E04632,21.0,1750.0,8.7,595.0,2,sim,pessoal,36,5100.0,0
E04633,29.0,3650.0,4.5,669.0,0,sim,veiculo,24,21500.0,0
E04634,26.0,27410.0,4.5,466.0,2,sim,negocio,24,97200.0,1
E04635,44.0,4240.0,,591.0,1,nao,pessoal,36,5400.0,0
E04636,26.0,,,672.0,4,nao,educacao,36,15700.0,0
E04637,18.0,2290.0,3.7,654.0,2,sim,pessoal,12,13600.0,0
E04638,27.0,12160.0,5.3,677.0,0,nao,veiculo,36,72500.0,0
E04639,34.0,6980.0,13.3,533.0,2,sim,negocio,60,15200.0,1
E04640,33.0,9770.0,,672.0,1,nao,pessoal,12,23300.0,1
E04641,58.0,4870.0,0.5,574.0,1,sim,pessoal,24,2600.0,0
E04642,33.0,8910.0,5.5,719.0,3,sim,pessoal,60,48000.0,1
E04643,51.0,2520.0,4.3,386.0,3,nao,pessoal,24,11100.0,1
E04644,40.0,4630.0,,608.0,3,nao,veiculo,12,9500.0,0
E04645,39.0,4990.0,6.2,651.0,1,nao,reforma,36,7600.0,0
E04646,30.0,9630.0,2.5,788.0,2,nao,pessoal,60,52000.0,0
E04647,39.0,5090.0,3.9,650.0,0,sim,veiculo,24,12500.0,0
E04648,31.0,2890.0,5.3,661.0,1,nao,reforma,24,10400.0,0
E04649,42.0,4360.0,5.8,681.0,1,sim,educacao,24,6000.0,0
E04650,37.0,1540.0,6.7,778.0,1,sim,negocio,36,2300.0,0
E04651,29.0,1300.0,7.5,598.0,2,sim,educacao,48,3400.0,0
E04652,52.0,6920.0,5.2,486.0,4,sim,pessoal,60,13000.0,0
E04653,45.0,3350.0,0.7,465.0,3,nao,pessoal,48,5800.0,1
E04654,35.0,3590.0,5.9,713.0,0,nao,reforma,24,9800.0,0
E04655,42.0,6910.0,9.9,665.0,3,nao,pessoal,48,11400.0,0
E04656,39.0,9710.0,0.5,612.0,1,sim,pessoal,36,55300.0,0
E04657,30.0,5790.0,0.7,576.0,1,sim,educacao,36,21500.0,1
E04658,41.0,13360.0,2.1,660.0,0,nao,veiculo,36,9900.0,0
E04659,33.0,5680.0,9.4,663.0,1,sim,veiculo,24,9700.0,0
E04660,29.0,5030.0,2.0,693.0,1,sim,veiculo,36,14900.0,0
E04661,21.0,4850.0,9.5,518.0,2,sim,pessoal,48,13900.0,0
E04662,36.0,1940.0,5.6,446.0,0,nao,pessoal,12,8300.0,1
E04663,47.0,7450.0,2.6,540.0,1,nao,negocio,36,35400.0,0
E04664,32.0,1300.0,30.0,491.0,1,sim,pessoal,24,4700.0,0
E04665,70.0,2950.0,1.1,486.0,1,nao,veiculo,24,7300.0,0
E04666,51.0,4260.0,4.7,813.0,2,nao,pessoal,24,6500.0,1
E04667,56.0,2610.0,1.7,391.0,2,sim,pessoal,60,1800.0,0
E04668,50.0,,6.2,692.0,1,sim,pessoal,24,2700.0,0
E04669,62.0,12660.0,1.8,740.0,0,nao,pessoal,48,34900.0,0
E04670,31.0,8150.0,3.0,749.0,1,nao,reforma,24,4100.0,0
E04671,18.0,2780.0,2.2,670.0,1,nao,pessoal,24,6600.0,0
E04672,35.0,3170.0,3.6,785.0,1,sim,veiculo,24,1700.0,0
E04673,47.0,1950.0,9.8,836.0,2,sim,reforma,12,10200.0,0
E04674,42.0,6410.0,0.9,607.0,1,nao,veiculo,48,10600.0,0
E04675,43.0,3620.0,2.0,689.0,0,nao,pessoal,36,15000.0,0
E04676,56.0,1300.0,3.1,780.0,0,sim,pessoal,36,7000.0,0
E04677,45.0,4460.0,3.7,545.0,2,sim,pessoal,48,24100.0,0
E04678,50.0,5470.0,12.6,613.0,2,sim,pessoal,24,27500.0,0
E04679,29.0,7490.0,2.1,571.0,0,nao,veiculo,36,29800.0,0
E04680,27.0,4020.0,9.5,691.0,1,nao,veiculo,24,6900.0,0
E04681,59.0,3360.0,13.8,431.0,2,sim,pessoal,48,9500.0,0
E04682,41.0,13830.0,4.0,798.0,1,nao,pessoal,48,38000.0,0
E04683,33.0,,1.6,699.0,1,nao,reforma,36,15800.0,0
E04684,33.0,6470.0,11.4,705.0,2,nao,pessoal,12,17100.0,0
E04685,32.0,3040.0,8.9,380.0,3,sim,veiculo,48,3100.0,0
E04686,31.0,6350.0,1.4,526.0,0,nao,negocio,36,4700.0,0
E04687,25.0,1750.0,15.5,804.0,0,sim,educacao,24,4800.0,0
E04688,22.0,3180.0,2.3,620.0,1,nao,pessoal,24,16800.0,0
E04689,38.0,2030.0,3.9,450.0,0,sim,veiculo,36,8900.0,1
E04690,33.0,2920.0,7.7,664.0,1,nao,negocio,48,6400.0,0
E04691,53.0,8890.0,14.1,715.0,0,nao,reforma,36,50200.0,0
E04692,44.0,2910.0,5.9,698.0,2,sim,veiculo,36,12000.0,0
E04693,43.0,6460.0,3.5,623.0,1,nao,veiculo,48,33000.0,1
E04694,31.0,10440.0,3.1,765.0,2,nao,negocio,60,52500.0,0
E04695,39.0,4130.0,3.5,563.0,1,nao,pessoal,12,16200.0,1
E04696,44.0,7620.0,22.1,699.0,1,sim,veiculo,12,43200.0,0
E04697,49.0,5780.0,6.6,655.0,0,sim,veiculo,36,17200.0,0
E04698,39.0,4500.0,5.2,625.0,0,nao,veiculo,48,21700.0,0
E04699,53.0,6590.0,8.9,598.0,3,sim,pessoal,12,10700.0,1
E04700,40.0,12670.0,3.8,602.0,2,nao,educacao,60,72000.0,0
E04701,50.0,2870.0,13.5,644.0,0,sim,pessoal,12,13000.0,0
E04702,34.0,2360.0,7.1,608.0,2,nao,veiculo,36,4700.0,0
E04703,18.0,2280.0,3.4,721.0,0,nao,negocio,48,8500.0,0
E04704,43.0,7630.0,2.8,581.0,1,nao,pessoal,12,4700.0,0
E04705,49.0,8270.0,0.6,813.0,1,nao,pessoal,48,28100.0,0
E04706,47.0,3040.0,9.8,576.0,3,nao,veiculo,48,14200.0,0
E04707,45.0,1300.0,0.9,741.0,1,nao,veiculo,12,3300.0,0
E04708,36.0,2800.0,13.0,746.0,1,nao,pessoal,24,12800.0,0
E04709,30.0,5830.0,1.9,658.0,1,nao,reforma,60,26300.0,0
E04710,47.0,4040.0,2.2,648.0,3,nao,reforma,60,22800.0,0
E04711,45.0,4680.0,18.2,560.0,1,nao,pessoal,36,27100.0,0
E04712,33.0,3070.0,9.2,583.0,2,nao,veiculo,12,5100.0,0
E04713,53.0,7720.0,5.1,664.0,1,nao,veiculo,24,17600.0,0
E04714,29.0,5160.0,17.0,635.0,0,nao,veiculo,24,9000.0,0
E04715,33.0,5970.0,4.3,770.0,0,nao,negocio,36,15800.0,0
E04716,60.0,4620.0,2.9,590.0,0,nao,veiculo,48,3300.0,0
E04717,50.0,5750.0,5.5,597.0,1,nao,pessoal,36,18100.0,1
E04718,36.0,5530.0,10.3,457.0,0,sim,veiculo,60,29700.0,0
E04719,43.0,,1.2,711.0,0,nao,veiculo,12,10800.0,0
E04720,42.0,5250.0,2.1,701.0,4,nao,veiculo,24,18900.0,1
E04721,18.0,6750.0,1.6,747.0,0,nao,pessoal,24,12600.0,0
E04722,29.0,8400.0,1.3,754.0,2,nao,pessoal,48,15600.0,0
E04723,39.0,5390.0,3.9,727.0,1,nao,educacao,36,5100.0,0
E04724,36.0,2350.0,1.3,731.0,0,sim,pessoal,60,2200.0,0
E04725,43.0,2580.0,0.5,707.0,2,nao,pessoal,24,12100.0,0
E04726,54.0,3230.0,2.1,724.0,3,sim,negocio,60,18300.0,1
E04727,36.0,4710.0,2.0,437.0,3,nao,reforma,36,24300.0,1
E04728,27.0,3900.0,6.7,519.0,1,sim,pessoal,24,22100.0,0
E04729,44.0,2140.0,9.6,501.0,2,sim,pessoal,48,2000.0,0
E04730,36.0,2130.0,2.5,780.0,0,nao,veiculo,24,5200.0,1
E04731,38.0,,2.2,554.0,1,nao,reforma,48,2300.0,0
E04732,36.0,1300.0,17.5,571.0,2,sim,pessoal,36,1300.0,0
E04733,67.0,3880.0,9.4,641.0,1,nao,reforma,36,7000.0,0
E04734,18.0,16900.0,6.1,503.0,1,sim,pessoal,36,68000.0,1
E04735,35.0,12340.0,3.3,682.0,0,sim,pessoal,60,39000.0,0
E04736,40.0,2340.0,9.2,406.0,0,sim,veiculo,36,12900.0,0
E04737,31.0,4600.0,1.5,510.0,2,sim,reforma,12,5700.0,0
E04738,51.0,1740.0,9.5,662.0,1,nao,reforma,60,7400.0,0
E04739,50.0,1910.0,7.0,503.0,0,nao,pessoal,24,7100.0,0
E04740,39.0,2050.0,8.1,783.0,0,nao,veiculo,36,9400.0,0
E04741,37.0,,5.2,645.0,1,nao,pessoal,48,11300.0,0
E04742,39.0,,1.0,765.0,0,sim,pessoal,12,2600.0,0
E04743,39.0,4890.0,1.5,679.0,4,nao,veiculo,24,13000.0,1
E04744,39.0,6250.0,7.3,639.0,1,nao,veiculo,60,10400.0,0
E04745,38.0,3430.0,6.7,530.0,0,nao,educacao,12,7500.0,0
E04746,43.0,4290.0,2.8,742.0,1,nao,negocio,36,7400.0,0
E04747,49.0,2180.0,2.7,689.0,3,sim,veiculo,24,8700.0,0
E04748,25.0,1870.0,11.6,869.0,1,sim,educacao,24,10400.0,0
E04749,27.0,1710.0,4.6,731.0,1,sim,pessoal,48,2200.0,1
E04750,19.0,6200.0,2.0,596.0,0,nao,educacao,60,16300.0,1
E04751,50.0,3430.0,13.0,672.0,0,sim,pessoal,36,7100.0,0
E04752,43.0,1370.0,12.1,686.0,0,nao,veiculo,24,1600.0,0
E04753,46.0,4040.0,4.6,768.0,0,nao,pessoal,12,10900.0,0
E04754,23.0,1990.0,5.4,785.0,3,nao,veiculo,24,9700.0,1
E04755,61.0,11370.0,9.4,622.0,3,nao,reforma,48,22900.0,0
E04756,33.0,2970.0,7.7,506.0,0,sim,pessoal,48,5700.0,0
E04757,42.0,6320.0,1.0,436.0,1,nao,educacao,24,35400.0,0
E04758,50.0,8070.0,13.4,515.0,3,sim,negocio,24,32700.0,1
E04759,28.0,2370.0,0.7,575.0,1,nao,veiculo,36,4900.0,0
E04760,33.0,4400.0,6.7,805.0,2,sim,pessoal,48,3000.0,0
E04761,42.0,5850.0,1.2,807.0,1,nao,reforma,36,34800.0,0
E04762,74.0,,7.7,746.0,3,nao,pessoal,36,26400.0,0
E04763,44.0,5220.0,2.3,775.0,2,sim,pessoal,48,21800.0,0
E04764,59.0,1890.0,2.4,562.0,1,sim,pessoal,12,2200.0,0
E04765,54.0,5860.0,9.0,473.0,1,nao,veiculo,36,26300.0,0
E04766,44.0,3140.0,1.2,529.0,0,nao,pessoal,12,9400.0,0
E04767,28.0,5180.0,2.8,416.0,2,nao,pessoal,24,3900.0,0
E04768,53.0,7290.0,1.3,517.0,3,sim,veiculo,12,8900.0,0
E04769,22.0,,5.1,584.0,1,sim,educacao,36,4600.0,0
E04770,59.0,5180.0,1.3,658.0,0,nao,negocio,60,5900.0,0
E04771,42.0,6170.0,6.2,655.0,2,sim,educacao,12,21900.0,0
E04772,18.0,,12.0,564.0,1,nao,pessoal,36,28900.0,1
E04773,36.0,10300.0,0.3,703.0,0,sim,educacao,60,60600.0,0
E04774,48.0,4120.0,2.3,566.0,0,nao,reforma,60,24400.0,1
E04775,37.0,4630.0,1.4,641.0,1,sim,pessoal,24,23000.0,0
E04776,49.0,7350.0,1.0,518.0,1,nao,veiculo,48,5700.0,0
E04777,30.0,3130.0,6.1,760.0,3,nao,pessoal,12,9400.0,0
E04778,24.0,1880.0,5.5,642.0,2,sim,veiculo,48,1400.0,0
E04779,39.0,5650.0,13.3,715.0,0,nao,educacao,48,22600.0,0
E04780,40.0,3710.0,8.2,506.0,1,sim,veiculo,36,5000.0,0
E04781,36.0,2040.0,4.8,659.0,1,nao,pessoal,12,8400.0,0
E04782,55.0,5670.0,5.8,703.0,0,sim,reforma,24,10700.0,0
E04783,30.0,9910.0,2.8,415.0,1,nao,educacao,24,40500.0,0
E04784,44.0,1580.0,6.0,768.0,1,nao,veiculo,12,7100.0,0
E04785,41.0,7760.0,0.7,503.0,2,sim,veiculo,60,16200.0,1
E04786,21.0,1300.0,4.0,663.0,1,nao,educacao,24,7700.0,0
E04787,24.0,3300.0,6.8,837.0,0,nao,pessoal,24,5800.0,0
E04788,40.0,12670.0,3.8,745.0,2,nao,veiculo,48,13100.0,0
E04789,64.0,3450.0,2.4,476.0,0,nao,negocio,24,12800.0,1
E04790,47.0,4430.0,5.0,620.0,5,nao,educacao,24,12200.0,0
E04791,19.0,6640.0,2.0,776.0,2,sim,pessoal,12,33600.0,0
E04792,18.0,1500.0,3.6,550.0,1,nao,negocio,60,5000.0,0
E04793,49.0,4390.0,8.9,600.0,0,sim,pessoal,60,8400.0,0
E04794,39.0,4360.0,9.3,597.0,2,nao,veiculo,24,14800.0,0
E04795,54.0,,5.6,703.0,0,nao,reforma,24,67400.0,0
E04796,29.0,2000.0,1.6,471.0,1,nao,pessoal,48,3600.0,0
E04797,44.0,3340.0,3.3,709.0,1,nao,pessoal,48,3900.0,0
E04798,50.0,2410.0,5.1,571.0,2,nao,veiculo,24,12800.0,0
E04799,35.0,2260.0,2.2,639.0,1,nao,pessoal,36,11800.0,0
E04800,35.0,8260.0,16.1,615.0,0,nao,veiculo,24,42800.0,0
E04801,40.0,4270.0,2.3,706.0,2,sim,reforma,24,8600.0,1
E04802,47.0,3010.0,4.8,638.0,0,nao,reforma,36,14700.0,0
E04803,40.0,3080.0,9.8,798.0,3,nao,negocio,24,5900.0,0
E04804,52.0,3000.0,14.2,749.0,1,nao,negocio,36,11700.0,0
E04805,34.0,3160.0,1.6,553.0,0,sim,negocio,24,3700.0,0
E04806,24.0,1970.0,0.8,790.0,2,nao,veiculo,12,5500.0,1
E04807,64.0,,5.5,675.0,1,nao,pessoal,12,19800.0,0
E04808,33.0,3390.0,17.5,659.0,3,nao,reforma,24,2100.0,0
E04809,33.0,2670.0,0.9,733.0,3,sim,negocio,36,3600.0,0
E04810,39.0,4610.0,3.4,525.0,3,nao,educacao,24,18500.0,1
E04811,41.0,4850.0,5.9,488.0,3,sim,reforma,36,23600.0,1
E04812,35.0,3010.0,5.0,643.0,2,nao,educacao,48,8700.0,1
E04813,40.0,3850.0,6.7,573.0,1,nao,veiculo,60,18100.0,0
E04814,40.0,15340.0,12.7,868.0,0,sim,veiculo,60,89800.0,0
E04815,42.0,14990.0,9.9,556.0,1,nao,pessoal,24,64800.0,0
E04816,18.0,2230.0,3.3,644.0,0,nao,reforma,60,6500.0,0
E04817,63.0,2430.0,0.9,661.0,3,nao,pessoal,60,9600.0,0
E04818,38.0,2220.0,10.5,775.0,1,nao,pessoal,24,4900.0,0
E04819,47.0,7920.0,3.4,531.0,0,sim,pessoal,24,8100.0,0
E04820,23.0,3310.0,4.9,463.0,0,nao,veiculo,24,4300.0,0
E04821,34.0,,9.2,793.0,1,nao,veiculo,60,14100.0,0
E04822,32.0,13920.0,10.3,649.0,0,nao,educacao,36,28600.0,0
E04823,58.0,4170.0,8.8,729.0,2,nao,negocio,24,3100.0,0
E04824,33.0,6420.0,,734.0,2,nao,pessoal,48,16600.0,0
E04825,49.0,5740.0,4.5,753.0,2,nao,pessoal,60,29800.0,0
E04826,32.0,2950.0,2.4,598.0,1,nao,pessoal,36,2800.0,0
E04827,35.0,7930.0,1.8,569.0,0,nao,pessoal,24,43300.0,0
E04828,37.0,2520.0,2.6,420.0,1,sim,reforma,24,3500.0,0
E04829,55.0,9380.0,2.7,531.0,2,nao,reforma,48,28400.0,1
E04830,18.0,2950.0,5.6,647.0,1,nao,pessoal,48,15900.0,0
E04831,24.0,3150.0,7.3,563.0,1,nao,veiculo,36,2900.0,0
E04832,18.0,2190.0,1.5,515.0,0,sim,educacao,48,8100.0,1
E04833,27.0,2410.0,9.2,646.0,2,sim,pessoal,24,11200.0,0
E04834,30.0,3250.0,9.9,788.0,0,nao,negocio,36,11900.0,0
E04835,21.0,1300.0,7.4,634.0,1,sim,pessoal,24,1000.0,1
E04836,31.0,3650.0,3.0,515.0,1,nao,pessoal,60,12800.0,0
E04837,18.0,3100.0,12.4,780.0,0,nao,veiculo,24,4100.0,0
E04838,28.0,6750.0,4.4,555.0,0,sim,pessoal,24,18400.0,0
E04839,54.0,5410.0,2.1,803.0,0,nao,pessoal,24,9400.0,0
E04840,45.0,2750.0,1.5,611.0,2,sim,pessoal,60,12800.0,0
E04841,42.0,3190.0,5.2,651.0,0,sim,pessoal,60,15800.0,0
E04842,28.0,3650.0,3.0,812.0,0,nao,veiculo,48,6000.0,0
E04843,22.0,10240.0,1.1,491.0,2,nao,pessoal,36,41200.0,0
E04844,26.0,2560.0,0.7,524.0,3,nao,pessoal,36,12600.0,0
E04845,39.0,2730.0,5.9,604.0,0,nao,veiculo,48,7900.0,0
E04846,50.0,2130.0,0.9,625.0,0,nao,veiculo,12,11800.0,1
E04847,51.0,1730.0,10.0,931.0,1,sim,reforma,12,2900.0,0
E04848,48.0,5050.0,1.7,542.0,1,sim,veiculo,24,6000.0,0
E04849,31.0,4740.0,6.7,497.0,1,sim,negocio,24,6400.0,1
E04850,40.0,9070.0,5.1,537.0,1,sim,pessoal,36,50100.0,0
E04851,36.0,7850.0,2.4,666.0,2,nao,educacao,24,30700.0,0
E04852,38.0,17700.0,13.4,694.0,0,nao,veiculo,36,20200.0,0
E04853,64.0,4020.0,7.6,562.0,1,nao,negocio,48,10600.0,0
E04854,19.0,3590.0,4.1,642.0,1,nao,pessoal,60,7800.0,0
E04855,37.0,1930.0,1.9,854.0,2,sim,negocio,24,10300.0,0
E04856,55.0,6380.0,7.1,644.0,1,nao,negocio,24,15600.0,0
E04857,22.0,4510.0,,675.0,1,nao,pessoal,24,4400.0,0
E04858,32.0,6210.0,4.7,848.0,3,sim,veiculo,36,3500.0,0
E04859,34.0,2120.0,4.2,563.0,0,nao,pessoal,12,7700.0,0
E04860,37.0,5190.0,7.6,556.0,2,sim,pessoal,60,6900.0,0
E04861,21.0,4750.0,4.1,588.0,2,nao,veiculo,36,28300.0,0
E04862,47.0,4570.0,2.1,582.0,2,nao,veiculo,36,25100.0,1
E04863,48.0,2790.0,1.0,440.0,0,nao,veiculo,24,9400.0,0
E04864,46.0,,4.1,655.0,1,nao,pessoal,12,37300.0,0
E04865,30.0,,,664.0,2,sim,pessoal,48,22900.0,0
E04866,41.0,2160.0,8.1,620.0,1,sim,pessoal,36,1300.0,0
E04867,29.0,6470.0,4.1,667.0,3,nao,pessoal,24,4200.0,0
E04868,36.0,1300.0,9.1,668.0,0,nao,veiculo,48,4700.0,0
E04869,66.0,6270.0,5.5,495.0,1,nao,pessoal,24,9000.0,1
E04870,41.0,1370.0,6.7,672.0,1,nao,educacao,36,6100.0,0
E04871,26.0,3070.0,2.3,701.0,1,nao,reforma,48,13400.0,0
E04872,42.0,1910.0,3.8,464.0,0,nao,negocio,60,11100.0,1
E04873,24.0,3690.0,5.4,801.0,2,nao,pessoal,48,17500.0,0
E04874,26.0,6950.0,4.9,504.0,2,nao,pessoal,12,25000.0,1
E04875,28.0,1380.0,,515.0,1,sim,pessoal,36,3300.0,0
E04876,35.0,3390.0,1.5,662.0,0,sim,pessoal,36,19600.0,1
E04877,51.0,3090.0,0.5,699.0,0,nao,negocio,12,4700.0,0
E04878,47.0,10850.0,1.4,726.0,1,nao,veiculo,48,17300.0,0
E04879,46.0,5440.0,0.1,702.0,0,nao,negocio,24,21600.0,0
E04880,27.0,2070.0,0.6,583.0,0,sim,negocio,36,12300.0,0
E04881,34.0,3170.0,5.7,652.0,1,nao,veiculo,24,3000.0,0
E04882,43.0,10680.0,3.4,605.0,1,nao,veiculo,24,63500.0,0
E04883,32.0,6450.0,2.0,659.0,2,nao,pessoal,24,17100.0,0
E04884,37.0,2420.0,3.3,648.0,2,sim,reforma,24,9700.0,0
E04885,45.0,3580.0,0.3,584.0,2,sim,veiculo,60,15300.0,1
E04886,36.0,3650.0,4.0,602.0,2,sim,pessoal,48,13000.0,0
E04887,43.0,3040.0,1.1,436.0,1,sim,negocio,12,16900.0,1
E04888,59.0,1510.0,11.1,731.0,1,nao,educacao,24,3400.0,0
E04889,38.0,2800.0,7.0,673.0,2,nao,negocio,60,12700.0,0
E04890,54.0,9670.0,6.5,386.0,2,nao,pessoal,36,33700.0,0
E04891,47.0,,4.8,727.0,1,nao,educacao,36,15800.0,0
E04892,22.0,3950.0,7.5,634.0,0,sim,reforma,36,20800.0,0
E04893,27.0,4570.0,4.0,537.0,1,nao,pessoal,24,12100.0,0
E04894,30.0,15890.0,1.9,527.0,1,nao,pessoal,24,8900.0,1
E04895,30.0,4220.0,6.6,564.0,0,nao,pessoal,24,20400.0,0
E04896,39.0,8100.0,9.5,538.0,1,sim,pessoal,48,10000.0,1
E04897,47.0,2930.0,1.6,552.0,1,nao,reforma,24,6000.0,1
E04898,55.0,3590.0,0.7,827.0,2,nao,negocio,24,13100.0,0
E04899,44.0,4230.0,16.5,681.0,1,nao,negocio,60,6500.0,0
E04900,35.0,2640.0,12.1,864.0,3,nao,pessoal,24,13700.0,0
E04901,18.0,3720.0,4.4,665.0,0,nao,reforma,24,7600.0,0
E04902,41.0,7160.0,0.2,704.0,1,nao,pessoal,24,16600.0,0
E04903,40.0,2600.0,5.4,543.0,0,nao,pessoal,24,11600.0,1
E04904,42.0,4200.0,23.0,622.0,0,nao,educacao,48,4800.0,0
E04905,65.0,6430.0,7.4,631.0,0,nao,negocio,36,26600.0,0
E04906,55.0,2560.0,6.9,708.0,0,sim,negocio,24,1700.0,0
E04907,49.0,8100.0,4.1,635.0,0,sim,veiculo,24,34800.0,0
E04908,28.0,4390.0,6.4,679.0,2,sim,reforma,36,11800.0,0
E04909,34.0,3800.0,7.4,675.0,0,sim,veiculo,60,17900.0,0
E04910,39.0,1300.0,5.0,607.0,0,nao,reforma,24,1000.0,0
E04911,31.0,3360.0,3.6,595.0,2,sim,pessoal,36,18500.0,0
E04912,46.0,5250.0,5.1,566.0,0,nao,pessoal,60,12700.0,0
E04913,44.0,11970.0,4.9,759.0,0,nao,negocio,24,31600.0,0
E04914,27.0,5910.0,0.3,607.0,1,sim,pessoal,48,8500.0,0
E04915,54.0,,19.9,676.0,1,nao,negocio,36,10000.0,0
E04916,41.0,2030.0,6.9,623.0,0,sim,pessoal,12,1600.0,0
E04917,19.0,3890.0,10.7,757.0,2,nao,educacao,60,4200.0,0
E04918,39.0,8740.0,5.6,421.0,1,nao,negocio,48,31000.0,0
E04919,43.0,,2.7,673.0,0,sim,pessoal,24,11100.0,0
E04920,52.0,7490.0,9.1,502.0,0,nao,veiculo,36,8000.0,0
E04921,36.0,,0.7,683.0,0,sim,educacao,24,7900.0,0
E04922,50.0,4950.0,7.2,624.0,0,sim,pessoal,24,4900.0,0
E04923,42.0,3450.0,9.0,477.0,2,sim,pessoal,60,11000.0,0
E04924,24.0,2320.0,4.1,677.0,0,sim,pessoal,36,4000.0,0
E04925,23.0,12190.0,6.6,665.0,1,sim,pessoal,24,15900.0,1
E04926,53.0,6140.0,0.3,615.0,1,nao,pessoal,60,17300.0,0
E04927,54.0,5150.0,6.8,628.0,1,sim,pessoal,24,19400.0,0
E04928,44.0,3280.0,3.2,658.0,1,nao,pessoal,24,4800.0,0
E04929,58.0,4300.0,6.6,770.0,0,sim,negocio,24,20500.0,0
E04930,53.0,4640.0,4.2,605.0,0,sim,pessoal,60,17500.0,0
E04931,48.0,5340.0,4.2,751.0,2,nao,pessoal,24,25000.0,1
E04932,29.0,6530.0,6.8,636.0,0,nao,educacao,24,15100.0,0
E04933,61.0,2630.0,3.3,783.0,0,nao,educacao,36,7000.0,0
E04934,46.0,1740.0,4.0,614.0,1,nao,veiculo,36,10300.0,0
E04935,35.0,,17.0,567.0,2,nao,veiculo,24,16900.0,0
E04936,32.0,1470.0,11.3,519.0,1,nao,pessoal,60,2000.0,0
E04937,43.0,3460.0,3.6,636.0,2,sim,negocio,24,15300.0,0
E04938,20.0,3090.0,4.3,553.0,1,nao,negocio,12,14200.0,1
E04939,48.0,5640.0,2.5,794.0,0,sim,pessoal,60,32700.0,0
E04940,29.0,13800.0,3.2,544.0,0,sim,veiculo,24,48400.0,1
E04941,44.0,1310.0,3.3,564.0,1,sim,reforma,60,4900.0,0
E04942,34.0,16440.0,4.8,704.0,3,nao,educacao,48,35800.0,0
E04943,37.0,3650.0,0.4,770.0,3,nao,pessoal,48,13000.0,0
E04944,31.0,5170.0,3.1,720.0,2,sim,negocio,12,3700.0,0
E04945,38.0,1800.0,2.6,756.0,0,sim,educacao,12,9100.0,0
E04946,63.0,7640.0,12.4,631.0,0,nao,veiculo,24,33000.0,0
E04947,57.0,4310.0,4.2,633.0,4,nao,veiculo,24,18300.0,1
E04948,44.0,4050.0,5.4,861.0,1,nao,veiculo,48,17200.0,0
E04949,40.0,1310.0,3.0,826.0,1,nao,educacao,24,2200.0,1
E04950,50.0,4390.0,4.3,719.0,0,nao,veiculo,12,3300.0,0
E04951,54.0,,3.2,762.0,3,nao,educacao,12,23800.0,0
E04952,30.0,3640.0,4.9,734.0,0,nao,negocio,36,12600.0,0
E04953,39.0,8500.0,6.6,507.0,2,nao,reforma,12,44100.0,0
E04954,18.0,8290.0,1.1,636.0,0,nao,pessoal,48,35100.0,0
E04955,53.0,2860.0,7.4,805.0,1,nao,veiculo,24,6600.0,0
E04956,65.0,10940.0,1.7,719.0,1,nao,pessoal,36,36600.0,0
E04957,41.0,4320.0,17.4,633.0,1,nao,pessoal,48,14800.0,0
E04958,18.0,4330.0,4.8,806.0,0,nao,reforma,36,18800.0,0
E04959,47.0,4460.0,5.3,681.0,2,sim,veiculo,60,20700.0,0
E04960,29.0,4380.0,5.5,723.0,2,nao,pessoal,48,17100.0,0
E04961,32.0,1300.0,4.5,681.0,1,sim,reforma,24,6800.0,0
E04962,48.0,3760.0,2.2,700.0,1,sim,pessoal,12,8500.0,0
E04963,43.0,1850.0,5.3,707.0,2,nao,negocio,60,9300.0,0
E04964,34.0,11140.0,5.1,783.0,1,nao,reforma,36,7700.0,0
E04965,32.0,10880.0,2.0,797.0,0,nao,pessoal,60,55400.0,0
E04966,42.0,7000.0,1.1,590.0,4,nao,negocio,12,15400.0,0
E04967,35.0,3640.0,9.0,679.0,3,nao,pessoal,60,15700.0,0
E04968,27.0,2290.0,3.1,780.0,0,sim,pessoal,60,10100.0,0
E04969,36.0,2830.0,3.8,626.0,1,sim,veiculo,24,7300.0,0
E04970,44.0,13470.0,5.1,496.0,1,nao,pessoal,12,23700.0,1
E04971,38.0,2770.0,2.2,540.0,1,sim,educacao,24,12900.0,0
E04972,23.0,1300.0,5.7,548.0,4,sim,negocio,24,2800.0,1
E04973,52.0,7790.0,4.0,590.0,0,nao,educacao,24,17800.0,0
E04974,18.0,10330.0,4.3,558.0,1,sim,veiculo,12,41800.0,0
E04975,35.0,11370.0,10.4,753.0,0,nao,pessoal,60,48900.0,0
E04976,33.0,7830.0,5.0,610.0,1,nao,pessoal,24,4100.0,1
E04977,42.0,8640.0,3.6,779.0,2,nao,pessoal,60,28200.0,0
E04978,47.0,4340.0,1.6,516.0,1,nao,negocio,24,21800.0,1
E04979,54.0,1300.0,5.5,601.0,1,sim,pessoal,48,3500.0,0
E04980,31.0,4270.0,8.7,651.0,1,sim,pessoal,24,10400.0,0
E04981,47.0,6100.0,3.7,729.0,0,sim,reforma,12,23900.0,0
E04982,42.0,3870.0,8.7,766.0,1,sim,reforma,48,6000.0,0
E04983,19.0,3770.0,5.6,581.0,1,sim,negocio,24,21100.0,0
E04984,63.0,2360.0,4.6,749.0,0,nao,negocio,24,4200.0,0
E04985,23.0,2300.0,6.1,455.0,2,sim,veiculo,24,9900.0,0
E04986,45.0,12650.0,1.2,736.0,1,nao,negocio,36,53400.0,0
E04987,45.0,12930.0,3.1,492.0,1,sim,negocio,36,57200.0,1
E04988,43.0,4190.0,3.2,689.0,0,nao,negocio,12,21400.0,1
E04989,34.0,4970.0,3.8,764.0,1,nao,negocio,60,16800.0,0
E04990,50.0,2330.0,15.4,738.0,0,sim,veiculo,12,12700.0,0
E04991,21.0,6180.0,4.8,460.0,1,nao,pessoal,48,23900.0,1
E04992,39.0,12070.0,1.0,591.0,4,nao,negocio,48,70000.0,0
E04993,33.0,1680.0,2.5,719.0,1,nao,pessoal,24,1700.0,0
E04994,32.0,5550.0,4.3,716.0,3,nao,negocio,36,28500.0,0
E04995,45.0,5800.0,4.9,670.0,1,nao,veiculo,36,22900.0,1
E04996,53.0,5760.0,0.1,398.0,1,nao,veiculo,36,31000.0,0
E04997,36.0,11250.0,6.5,772.0,1,nao,educacao,48,27300.0,0
E04998,49.0,,6.8,791.0,4,nao,veiculo,36,58300.0,0
E04999,41.0,3650.0,1.5,658.0,2,nao,pessoal,48,12100.0,0
E05000,29.0,6290.0,8.5,665.0,0,nao,educacao,24,29500.0,1
E05001,37.0,4420.0,3.7,695.0,0,nao,pessoal,36,18200.0,1
E05002,36.0,2870.0,1.8,801.0,0,sim,educacao,24,15500.0,0
E05003,32.0,4940.0,1.4,668.0,2,nao,negocio,60,14100.0,0
E05004,45.0,6280.0,6.4,619.0,5,sim,veiculo,60,23200.0,1
E05005,43.0,4780.0,2.6,682.0,1,sim,reforma,12,24700.0,1
E05006,21.0,2480.0,5.4,639.0,0,sim,pessoal,48,8800.0,0
E05007,20.0,3180.0,1.4,640.0,1,nao,educacao,36,9100.0,0
E05008,45.0,3190.0,3.3,446.0,1,nao,veiculo,48,9800.0,1
E05009,30.0,2530.0,6.1,698.0,1,nao,pessoal,24,12000.0,0
E05010,44.0,5070.0,10.1,769.0,1,nao,negocio,48,28700.0,0
E05011,49.0,,11.0,752.0,2,nao,veiculo,12,8800.0,0
E05012,25.0,7560.0,10.0,745.0,1,nao,educacao,60,14200.0,0
E05013,23.0,2510.0,23.9,634.0,1,nao,veiculo,24,3900.0,0
E05014,60.0,2970.0,,656.0,0,nao,negocio,12,4600.0,0
E05015,44.0,10670.0,1.3,771.0,0,nao,reforma,48,9000.0,0
E05016,35.0,3810.0,2.5,735.0,3,sim,reforma,24,18600.0,0
E05017,29.0,4280.0,10.7,803.0,1,nao,pessoal,24,10100.0,0
E05018,34.0,3780.0,2.2,566.0,1,sim,reforma,36,10700.0,0
E05019,26.0,8290.0,3.4,565.0,1,nao,veiculo,24,43600.0,1
E05020,51.0,8480.0,8.4,603.0,1,nao,reforma,24,47000.0,1
E05021,31.0,8190.0,2.5,536.0,4,sim,negocio,36,28700.0,1
E05022,53.0,4270.0,11.2,495.0,2,sim,reforma,24,4400.0,0
E05023,35.0,2490.0,16.5,692.0,2,nao,veiculo,12,7500.0,0
E05024,27.0,13330.0,5.3,684.0,2,nao,negocio,24,73600.0,0
E05025,35.0,7020.0,18.7,667.0,3,nao,reforma,36,38300.0,0
E05026,18.0,3190.0,,679.0,0,sim,educacao,36,7300.0,0
E05027,39.0,9870.0,8.6,479.0,1,sim,negocio,36,57600.0,1
E05028,38.0,3050.0,6.0,587.0,4,sim,pessoal,60,7000.0,0
E05029,50.0,9790.0,5.5,608.0,1,nao,veiculo,24,48700.0,0
E05030,18.0,10200.0,4.1,645.0,1,nao,pessoal,60,57600.0,0
E05031,54.0,2420.0,7.0,479.0,0,nao,reforma,36,2900.0,0
E05032,50.0,5950.0,0.4,538.0,2,nao,veiculo,36,12500.0,0
E05033,55.0,6720.0,14.0,592.0,3,sim,reforma,36,24100.0,0
E05034,39.0,20170.0,18.9,756.0,1,sim,pessoal,12,51000.0,1
E05035,52.0,2690.0,,669.0,3,nao,reforma,24,15800.0,0
E05036,22.0,9920.0,13.2,752.0,1,nao,pessoal,36,27000.0,0
E05037,49.0,4240.0,4.9,627.0,2,nao,veiculo,24,21700.0,0
E05038,31.0,1990.0,3.9,640.0,1,nao,veiculo,24,3200.0,0
E05039,20.0,3910.0,3.2,695.0,1,sim,reforma,48,23100.0,1
E05040,27.0,4210.0,2.6,621.0,1,nao,veiculo,48,19000.0,1
E05041,40.0,2220.0,5.7,571.0,1,sim,reforma,36,1300.0,0
E05042,30.0,5070.0,11.1,476.0,0,sim,pessoal,48,7300.0,0
E05043,45.0,7460.0,0.4,574.0,1,nao,reforma,48,7900.0,1
E05044,18.0,4850.0,1.7,732.0,0,nao,veiculo,36,18200.0,0
E05045,18.0,3030.0,2.4,779.0,0,nao,pessoal,36,15400.0,0
E05046,56.0,3840.0,0.8,555.0,1,nao,negocio,12,18500.0,1
E05047,51.0,4190.0,7.5,449.0,2,nao,negocio,12,15400.0,1
E05048,27.0,4780.0,6.7,742.0,0,nao,pessoal,36,18600.0,0
E05049,40.0,,9.0,648.0,2,nao,pessoal,36,46500.0,0
E05050,52.0,4940.0,0.2,492.0,2,nao,educacao,24,14800.0,0
E05051,45.0,1810.0,8.2,300.0,1,sim,negocio,36,8400.0,1
E05052,42.0,3000.0,11.0,534.0,1,nao,veiculo,12,3100.0,0
E05053,53.0,4640.0,7.6,589.0,2,nao,educacao,48,4500.0,0
E05054,31.0,8240.0,,513.0,3,sim,pessoal,24,11900.0,0
E05055,40.0,9150.0,4.0,716.0,2,sim,pessoal,36,52800.0,0
E05056,40.0,12180.0,6.2,551.0,1,nao,pessoal,60,57000.0,0
E05057,37.0,4540.0,5.6,641.0,2,nao,reforma,36,25000.0,0
E05058,35.0,6640.0,2.5,901.0,2,nao,veiculo,36,15700.0,0
E05059,41.0,1750.0,0.3,653.0,0,nao,reforma,12,2500.0,0
E05060,40.0,5440.0,2.9,627.0,1,sim,pessoal,12,4500.0,0
E05061,27.0,2200.0,17.3,630.0,0,sim,pessoal,60,6400.0,1
E05062,50.0,4050.0,0.4,714.0,3,nao,veiculo,60,23700.0,0
E05063,28.0,25870.0,5.5,700.0,0,nao,veiculo,48,18900.0,0
E05064,37.0,5040.0,14.4,530.0,0,nao,veiculo,60,28200.0,1
E05065,36.0,2500.0,9.2,595.0,3,nao,reforma,12,5000.0,0
E05066,44.0,5360.0,10.3,567.0,2,nao,veiculo,48,4400.0,1
E05067,18.0,3080.0,9.4,609.0,2,sim,negocio,12,4500.0,1
E05068,51.0,2360.0,0.8,841.0,0,sim,educacao,36,2500.0,0
E05069,32.0,14830.0,12.5,708.0,3,nao,pessoal,48,62900.0,0
E05070,55.0,7970.0,13.9,631.0,3,nao,negocio,36,45900.0,0
E05071,34.0,5170.0,1.2,777.0,3,nao,veiculo,24,30700.0,0
E05072,39.0,3320.0,3.1,661.0,0,nao,veiculo,60,3000.0,0
E05073,63.0,3490.0,5.0,460.0,1,nao,reforma,36,12200.0,0
E05074,37.0,10600.0,3.2,823.0,2,nao,negocio,60,30600.0,0
E05075,55.0,5050.0,2.3,623.0,2,nao,pessoal,24,10300.0,1
E05076,40.0,1300.0,2.3,392.0,0,nao,pessoal,24,4500.0,0
E05077,45.0,17950.0,8.2,464.0,2,nao,educacao,60,33200.0,0
E05078,41.0,4690.0,10.1,764.0,1,sim,veiculo,48,8500.0,0
E05079,50.0,5160.0,,466.0,2,nao,negocio,12,29700.0,1
E05080,32.0,8060.0,10.0,788.0,0,nao,veiculo,24,37200.0,0
E05081,28.0,5550.0,3.2,649.0,2,sim,negocio,12,26100.0,0
E05082,32.0,6570.0,1.3,719.0,1,nao,pessoal,60,21800.0,0
E05083,41.0,,6.1,612.0,2,sim,negocio,36,9300.0,0
E05084,37.0,,4.8,698.0,0,sim,educacao,24,5200.0,0
E05085,49.0,4970.0,6.3,675.0,0,sim,negocio,12,6200.0,0
E05086,56.0,9920.0,6.2,636.0,0,nao,pessoal,24,58000.0,0
E05087,28.0,2850.0,5.7,523.0,0,sim,veiculo,24,12000.0,0
E05088,31.0,2710.0,4.3,679.0,2,nao,pessoal,60,8900.0,0
E05089,23.0,8740.0,9.9,440.0,3,sim,educacao,60,34700.0,0
E05090,64.0,3190.0,7.7,742.0,0,sim,pessoal,36,19100.0,0
E05091,44.0,3280.0,3.3,662.0,1,sim,veiculo,60,6200.0,0
E05092,46.0,3360.0,3.2,691.0,1,nao,pessoal,48,17900.0,1
E05093,24.0,4040.0,0.7,352.0,1,sim,reforma,48,4300.0,1
E05094,40.0,1630.0,0.9,516.0,1,nao,reforma,24,1000.0,1
E05095,46.0,3040.0,4.0,584.0,1,nao,pessoal,48,16800.0,0
E05096,37.0,4820.0,8.9,714.0,0,nao,reforma,60,4700.0,0
E05097,53.0,4800.0,2.0,536.0,0,nao,pessoal,48,20500.0,0
E05098,68.0,8410.0,8.0,920.0,0,nao,negocio,36,26400.0,0
E05099,29.0,12660.0,5.5,611.0,0,nao,negocio,12,34900.0,0
E05100,28.0,10410.0,2.1,528.0,1,nao,pessoal,24,61900.0,1
E05101,29.0,7270.0,,619.0,2,sim,pessoal,36,16600.0,0
E05102,59.0,3840.0,4.8,535.0,1,nao,veiculo,12,3900.0,0
E05103,53.0,2890.0,2.2,510.0,2,nao,educacao,24,5300.0,0
E05104,38.0,4250.0,,751.0,3,nao,negocio,48,24700.0,0
E05105,40.0,5970.0,9.6,696.0,1,nao,veiculo,60,33700.0,0
E05106,30.0,6880.0,3.5,697.0,1,nao,veiculo,48,14500.0,0
E05107,51.0,6100.0,1.4,780.0,0,sim,pessoal,36,21400.0,0
E05108,35.0,3910.0,10.0,694.0,1,sim,pessoal,24,14700.0,0
E05109,37.0,6730.0,0.8,523.0,1,sim,negocio,36,39600.0,1
E05110,47.0,8950.0,5.9,718.0,1,nao,negocio,48,35200.0,0
E05111,38.0,7120.0,2.0,516.0,2,nao,veiculo,24,36800.0,1
E05112,37.0,,1.3,587.0,1,sim,pessoal,60,5300.0,0
E05113,40.0,2550.0,2.8,635.0,1,sim,veiculo,24,8200.0,0
E05114,50.0,2510.0,4.8,624.0,0,nao,veiculo,36,11800.0,0
E05115,60.0,2790.0,1.6,443.0,1,nao,educacao,48,2000.0,0
E05116,47.0,4900.0,1.1,534.0,0,nao,reforma,60,14100.0,1
E05117,50.0,5740.0,0.5,638.0,3,sim,reforma,36,32700.0,1
E05118,38.0,1800.0,14.4,573.0,1,nao,veiculo,36,8600.0,0
E05119,32.0,,6.3,764.0,2,nao,reforma,60,3900.0,0
E05120,48.0,4860.0,2.1,783.0,1,sim,reforma,36,15500.0,0
E05121,42.0,2450.0,6.6,517.0,1,sim,reforma,12,7400.0,1
E05122,23.0,5450.0,4.7,647.0,2,nao,reforma,36,6300.0,0
E05123,36.0,3490.0,8.2,814.0,3,nao,negocio,36,7700.0,0
E05124,39.0,2720.0,3.8,625.0,0,nao,pessoal,48,4100.0,0
E05125,34.0,4340.0,9.4,595.0,0,sim,pessoal,12,25800.0,0
E05126,58.0,5310.0,2.4,735.0,1,nao,pessoal,36,17400.0,0
E05127,46.0,2520.0,5.5,610.0,2,nao,reforma,36,3400.0,1
E05128,56.0,3630.0,8.9,780.0,2,nao,pessoal,36,11100.0,0
E05129,43.0,5560.0,5.7,575.0,2,nao,veiculo,24,5500.0,0
E05130,41.0,2660.0,17.7,588.0,1,sim,pessoal,48,13600.0,1
E05131,29.0,1550.0,8.1,727.0,2,nao,negocio,48,6200.0,0
E05132,40.0,1670.0,6.5,651.0,3,nao,veiculo,12,5600.0,1
E05133,40.0,3270.0,3.3,652.0,3,nao,pessoal,48,14800.0,0
E05134,24.0,1900.0,5.6,430.0,1,nao,veiculo,36,4200.0,0
E05135,34.0,3410.0,11.5,601.0,1,nao,pessoal,24,9300.0,1
E05136,36.0,11400.0,2.9,735.0,0,nao,negocio,48,11400.0,0
E05137,45.0,1840.0,1.9,554.0,0,sim,negocio,12,3400.0,0
E05138,46.0,3540.0,2.9,717.0,2,nao,educacao,24,2400.0,0
E05139,33.0,15100.0,2.8,669.0,1,nao,veiculo,60,16200.0,0
E05140,46.0,5370.0,7.2,618.0,5,sim,negocio,12,22000.0,1
E05141,38.0,3370.0,16.3,789.0,2,nao,pessoal,60,5900.0,0
E05142,18.0,3820.0,0.9,603.0,0,nao,reforma,36,2100.0,1
E05143,34.0,5430.0,4.8,610.0,1,nao,veiculo,12,8600.0,1
E05144,53.0,11620.0,1.6,617.0,1,sim,veiculo,24,25500.0,1
E05145,20.0,3050.0,6.1,649.0,0,nao,pessoal,12,3900.0,0
E05146,41.0,2670.0,6.7,724.0,0,nao,pessoal,48,4500.0,0
E05147,59.0,1840.0,2.8,478.0,2,sim,educacao,24,10800.0,0
E05148,31.0,4470.0,7.4,735.0,0,nao,reforma,36,2800.0,1
E05149,40.0,1810.0,2.4,647.0,2,nao,negocio,60,6500.0,0
E05150,24.0,3180.0,2.4,701.0,0,nao,reforma,60,15300.0,0
E05151,60.0,2430.0,2.0,903.0,1,nao,pessoal,48,14300.0,0
E05152,39.0,8000.0,3.0,584.0,1,nao,pessoal,36,19800.0,1
E05153,41.0,3100.0,4.4,505.0,1,nao,reforma,12,6700.0,1
E05154,56.0,5330.0,4.0,661.0,0,sim,pessoal,24,15100.0,0
E05155,48.0,1600.0,5.2,679.0,3,nao,pessoal,24,6300.0,0
E05156,29.0,4540.0,,736.0,0,sim,veiculo,60,13300.0,0
E05157,32.0,2040.0,5.3,581.0,2,nao,reforma,48,4700.0,0
E05158,46.0,3250.0,14.2,549.0,0,nao,reforma,24,17900.0,1
E05159,33.0,,4.7,471.0,1,sim,pessoal,24,43700.0,1
E05160,18.0,7350.0,8.4,490.0,4,sim,negocio,24,11200.0,1
E05161,39.0,3890.0,0.7,594.0,0,nao,negocio,24,23300.0,0
E05162,22.0,28630.0,5.2,627.0,3,sim,educacao,12,103500.0,0
E05163,59.0,2430.0,4.0,867.0,0,sim,pessoal,48,12600.0,0
E05164,42.0,,3.7,454.0,3,sim,educacao,36,19100.0,1
E05165,29.0,1670.0,11.3,677.0,4,nao,veiculo,36,3000.0,0
E05166,32.0,3630.0,18.2,560.0,2,nao,pessoal,24,5600.0,0
E05167,18.0,1870.0,7.1,665.0,0,sim,reforma,36,8700.0,0
E05168,27.0,4900.0,0.5,579.0,0,nao,negocio,36,28500.0,0
E05169,52.0,4340.0,2.7,754.0,1,nao,veiculo,12,24600.0,0
E05170,67.0,3490.0,0.9,753.0,2,nao,pessoal,12,15300.0,1
E05171,49.0,8090.0,5.1,628.0,0,sim,pessoal,36,36200.0,0
E05172,39.0,2990.0,6.4,798.0,1,nao,veiculo,36,5900.0,0
E05173,35.0,5110.0,0.6,724.0,1,sim,educacao,36,13100.0,0
E05174,29.0,6870.0,12.8,793.0,2,nao,pessoal,60,5900.0,0
E05175,65.0,1720.0,1.3,635.0,3,sim,pessoal,60,6200.0,0
E05176,38.0,2680.0,6.2,745.0,1,nao,negocio,48,15500.0,0
E05177,65.0,4340.0,12.6,555.0,0,nao,negocio,12,18000.0,1
E05178,57.0,6130.0,5.2,544.0,2,sim,negocio,24,17600.0,0
E05179,19.0,9850.0,2.2,880.0,1,sim,pessoal,48,21500.0,0
E05180,32.0,3690.0,2.1,521.0,1,sim,negocio,60,11900.0,1
E05181,32.0,3470.0,5.3,592.0,0,sim,pessoal,60,8300.0,0
E05182,39.0,2490.0,8.4,431.0,2,nao,veiculo,36,13900.0,1
E05183,39.0,5120.0,6.0,547.0,2,sim,veiculo,48,22500.0,0
E05184,76.0,3510.0,2.0,531.0,1,sim,negocio,24,6800.0,0
E05185,27.0,,3.9,566.0,0,nao,pessoal,24,10300.0,0
E05186,43.0,3970.0,,673.0,1,sim,negocio,12,2300.0,0
E05187,47.0,5850.0,1.7,700.0,1,nao,negocio,24,3600.0,0
E05188,40.0,2990.0,1.6,529.0,1,sim,negocio,48,8800.0,1
E05189,41.0,2640.0,3.2,553.0,1,sim,veiculo,24,7700.0,0
E05190,27.0,,4.3,759.0,2,sim,veiculo,48,3100.0,0
E05191,41.0,1300.0,4.7,828.0,0,sim,pessoal,48,3300.0,0
E05192,46.0,2920.0,5.7,778.0,2,sim,veiculo,60,5800.0,0
E05193,44.0,2100.0,2.2,459.0,0,sim,pessoal,60,4300.0,0
E05194,47.0,8650.0,4.4,771.0,1,sim,reforma,48,20300.0,0
E05195,57.0,3220.0,4.8,844.0,0,nao,negocio,36,12200.0,0
E05196,51.0,3000.0,10.5,453.0,2,nao,negocio,48,13500.0,1
E05197,41.0,4080.0,0.7,759.0,0,nao,veiculo,24,10800.0,0
E05198,26.0,2940.0,1.0,665.0,2,nao,veiculo,48,17300.0,0
E05199,33.0,3300.0,6.8,604.0,0,nao,veiculo,60,12200.0,0
E05200,37.0,4450.0,7.4,652.0,1,sim,negocio,36,19200.0,0
E05201,43.0,3260.0,6.9,689.0,0,nao,pessoal,12,9700.0,0
E05202,34.0,3250.0,6.8,767.0,1,nao,pessoal,24,18400.0,0
E05203,29.0,2290.0,16.3,762.0,1,nao,pessoal,12,7900.0,0
E05204,26.0,2100.0,9.7,474.0,1,sim,educacao,36,9700.0,1
E05205,20.0,4360.0,0.8,569.0,3,nao,veiculo,48,14700.0,0
E05206,37.0,5050.0,3.4,650.0,0,sim,negocio,12,26600.0,1
E05207,22.0,1780.0,3.3,813.0,2,sim,negocio,24,8400.0,0
E05208,28.0,6630.0,4.0,340.0,1,nao,negocio,36,33400.0,1
E05209,35.0,6640.0,2.9,573.0,3,nao,veiculo,60,5600.0,1
E05210,24.0,7540.0,1.4,472.0,1,nao,negocio,24,27500.0,1
E05211,45.0,5030.0,4.9,489.0,0,nao,veiculo,36,17000.0,0
E05212,49.0,6160.0,11.1,748.0,1,sim,veiculo,12,16300.0,0
E05213,33.0,15580.0,2.8,581.0,1,nao,veiculo,24,31600.0,0
E05214,35.0,3500.0,5.7,383.0,0,sim,reforma,24,17500.0,1
E05215,46.0,2240.0,4.1,623.0,2,nao,pessoal,24,4700.0,0
E05216,31.0,1670.0,6.8,864.0,1,nao,veiculo,12,6000.0,0
E05217,31.0,12040.0,3.8,441.0,1,sim,negocio,24,38900.0,0
E05218,54.0,,2.4,699.0,0,sim,pessoal,12,40100.0,0
E05219,51.0,,3.0,812.0,0,nao,pessoal,60,13600.0,0
E05220,47.0,2710.0,10.7,635.0,1,sim,negocio,60,14700.0,0
E05221,51.0,3460.0,4.6,852.0,0,sim,educacao,60,12900.0,0
E05222,18.0,8760.0,4.4,567.0,1,nao,pessoal,12,14200.0,0
E05223,56.0,1940.0,10.5,799.0,3,sim,veiculo,24,2900.0,0
E05224,45.0,1300.0,12.0,773.0,0,nao,pessoal,24,1400.0,0
E05225,52.0,15420.0,0.2,636.0,0,sim,pessoal,24,46900.0,0
E05226,45.0,5070.0,1.0,476.0,1,sim,pessoal,48,7800.0,1
E05227,41.0,5520.0,8.3,530.0,3,sim,pessoal,36,16300.0,0
E05228,37.0,3710.0,4.8,382.0,1,sim,reforma,24,9000.0,1
E05229,44.0,5550.0,12.0,705.0,2,nao,pessoal,12,3700.0,0
E05230,36.0,1690.0,0.7,692.0,0,nao,pessoal,36,8200.0,0
E05231,50.0,2540.0,5.4,649.0,1,nao,pessoal,48,14500.0,0
E05232,21.0,4470.0,7.1,627.0,0,nao,pessoal,36,12200.0,0
E05233,34.0,1300.0,3.3,789.0,1,sim,veiculo,24,2900.0,0
E05234,65.0,3500.0,7.9,673.0,0,nao,reforma,36,2700.0,0
E05235,32.0,3380.0,8.4,579.0,1,sim,negocio,36,2000.0,0
E05236,37.0,3500.0,4.2,656.0,1,sim,pessoal,48,14000.0,1
E05237,29.0,3020.0,3.9,865.0,2,nao,pessoal,24,10500.0,1
E05238,44.0,2310.0,9.0,708.0,3,nao,reforma,48,11100.0,0
E05239,31.0,1410.0,5.3,597.0,2,sim,pessoal,24,4900.0,0
E05240,38.0,4580.0,6.7,635.0,0,sim,veiculo,12,7200.0,1
E05241,50.0,3510.0,5.2,691.0,1,nao,reforma,48,18400.0,1
E05242,32.0,1840.0,5.0,594.0,1,nao,veiculo,60,9900.0,1
E05243,49.0,4360.0,3.9,584.0,2,nao,veiculo,60,20900.0,0
E05244,50.0,3520.0,7.1,639.0,4,nao,veiculo,48,20200.0,1
E05245,53.0,3190.0,2.0,807.0,1,sim,veiculo,36,17000.0,0
E05246,42.0,1300.0,0.7,727.0,3,nao,pessoal,24,4000.0,0
E05247,79.0,6330.0,4.4,595.0,0,sim,pessoal,60,32500.0,0
E05248,53.0,2000.0,12.1,736.0,0,nao,reforma,36,9000.0,0
E05249,44.0,4360.0,5.3,641.0,2,nao,pessoal,48,14000.0,1
E05250,29.0,2590.0,3.6,678.0,1,nao,pessoal,36,7100.0,0
E05251,39.0,3330.0,3.2,668.0,2,sim,veiculo,60,14400.0,0
E05252,57.0,8390.0,3.0,408.0,1,nao,veiculo,36,7500.0,1
E05253,61.0,5780.0,0.1,305.0,4,sim,pessoal,24,24400.0,1
E05254,58.0,8270.0,,665.0,1,nao,negocio,60,23200.0,0
E05255,49.0,5120.0,2.7,546.0,1,sim,pessoal,24,13300.0,0
E05256,25.0,5330.0,4.5,460.0,0,sim,negocio,24,16400.0,0
E05257,46.0,1440.0,3.4,550.0,3,sim,negocio,24,8100.0,0
E05258,25.0,3470.0,2.3,742.0,2,nao,pessoal,24,20400.0,0
E05259,22.0,3670.0,,679.0,0,sim,pessoal,48,21500.0,0
E05260,43.0,8750.0,1.5,725.0,1,nao,pessoal,24,35500.0,0
E05261,46.0,3100.0,7.3,690.0,2,sim,negocio,60,15300.0,0
E05262,51.0,,0.9,539.0,0,nao,negocio,24,7000.0,1
E05263,46.0,4810.0,3.9,725.0,3,nao,veiculo,24,16400.0,0
E05264,46.0,8410.0,10.2,704.0,1,sim,negocio,48,18600.0,0
E05265,28.0,3880.0,2.9,627.0,0,nao,educacao,24,5600.0,0
E05266,39.0,6900.0,,646.0,1,sim,veiculo,12,30200.0,0
E05267,22.0,1510.0,2.7,727.0,0,nao,negocio,12,1000.0,0
E05268,18.0,1590.0,3.3,558.0,0,sim,veiculo,24,8400.0,0
E05269,49.0,1300.0,8.0,760.0,3,sim,veiculo,36,7700.0,0
E05270,31.0,6730.0,6.9,702.0,0,nao,reforma,12,15200.0,0
E05271,50.0,6290.0,12.2,640.0,0,sim,reforma,36,7700.0,0
E05272,53.0,7190.0,2.9,808.0,2,sim,veiculo,48,34800.0,0
E05273,33.0,2800.0,5.9,498.0,0,sim,veiculo,48,13700.0,0
E05274,47.0,3000.0,4.7,589.0,0,nao,pessoal,36,14400.0,1
E05275,32.0,3910.0,6.0,565.0,2,nao,pessoal,24,17100.0,0
E05276,18.0,9990.0,9.6,679.0,1,nao,veiculo,60,48400.0,1
E05277,41.0,11600.0,2.4,770.0,2,nao,veiculo,12,60900.0,0
E05278,34.0,,5.7,532.0,3,nao,pessoal,48,4700.0,1
E05279,35.0,5120.0,11.2,1000.0,1,nao,pessoal,24,30500.0,0
E05280,64.0,9360.0,4.7,567.0,0,nao,pessoal,48,44000.0,0
E05281,22.0,,8.0,680.0,1,nao,negocio,36,12600.0,0
E05282,45.0,3320.0,0.4,640.0,2,nao,reforma,12,8900.0,0
E05283,28.0,3890.0,4.9,645.0,2,sim,pessoal,48,23100.0,0
E05284,51.0,2330.0,3.0,553.0,1,nao,reforma,12,2400.0,0
E05285,44.0,3780.0,6.8,757.0,4,nao,veiculo,48,17900.0,0
E05286,45.0,2150.0,,546.0,1,sim,veiculo,36,2700.0,0
E05287,29.0,7770.0,2.0,445.0,0,nao,educacao,24,27800.0,1
E05288,31.0,5820.0,1.0,517.0,2,nao,veiculo,36,17800.0,1
E05289,51.0,9900.0,16.7,799.0,2,nao,pessoal,36,10800.0,0
E05290,61.0,1580.0,6.1,778.0,1,nao,educacao,24,2300.0,0
E05291,46.0,13150.0,,419.0,0,sim,pessoal,48,32700.0,0
E05292,29.0,1630.0,2.3,730.0,0,nao,negocio,12,3700.0,0
E05293,44.0,2050.0,3.4,422.0,1,sim,negocio,12,3700.0,1
E05294,69.0,2890.0,,637.0,1,sim,pessoal,24,9200.0,0
E05295,41.0,9200.0,4.8,507.0,1,nao,educacao,60,34700.0,1
E05296,58.0,4810.0,11.6,738.0,3,nao,negocio,24,21300.0,0
E05297,31.0,3630.0,6.1,701.0,2,nao,negocio,48,8300.0,0
E05298,39.0,2610.0,9.8,748.0,3,nao,pessoal,48,10600.0,0
E05299,47.0,1840.0,0.4,608.0,0,nao,pessoal,36,7100.0,0
E05300,45.0,8290.0,2.2,619.0,1,nao,veiculo,36,36200.0,0
E05301,31.0,6780.0,4.7,475.0,4,nao,veiculo,24,39000.0,1
E05302,30.0,9460.0,3.7,527.0,1,sim,pessoal,24,51600.0,1
E05303,52.0,5330.0,6.8,744.0,2,nao,pessoal,36,27200.0,0
E05304,54.0,1300.0,1.0,680.0,0,nao,veiculo,36,5700.0,0
E05305,58.0,1990.0,1.0,651.0,1,nao,pessoal,24,4100.0,1
E05306,62.0,5550.0,6.6,779.0,2,sim,veiculo,24,7300.0,0
E05307,42.0,3360.0,9.5,497.0,2,nao,pessoal,12,14500.0,0
E05308,36.0,3000.0,3.4,719.0,0,sim,veiculo,12,11200.0,0
E05309,56.0,2170.0,12.5,510.0,1,sim,veiculo,24,7900.0,0
E05310,49.0,7420.0,14.7,803.0,0,sim,veiculo,60,32600.0,0
E05311,28.0,5520.0,4.3,700.0,1,nao,pessoal,60,21800.0,0
E05312,28.0,5670.0,3.3,746.0,1,nao,veiculo,12,10000.0,0
E05313,46.0,2870.0,2.6,563.0,1,nao,pessoal,36,15900.0,0
E05314,38.0,4670.0,2.2,880.0,0,nao,pessoal,24,25000.0,0
E05315,40.0,1880.0,7.7,860.0,3,nao,reforma,36,2200.0,1
E05316,53.0,3890.0,1.9,687.0,0,sim,reforma,12,14700.0,0
E05317,49.0,1300.0,1.6,769.0,2,nao,pessoal,36,7200.0,0
E05318,56.0,1640.0,2.1,607.0,3,sim,negocio,36,6800.0,0
E05319,18.0,3460.0,4.4,500.0,0,nao,educacao,36,11700.0,1
E05320,43.0,17460.0,4.7,728.0,1,sim,negocio,24,96400.0,0
E05321,48.0,1430.0,7.4,539.0,0,sim,veiculo,36,6800.0,0
E05322,22.0,1990.0,4.0,784.0,0,nao,veiculo,24,8200.0,0
E05323,32.0,4780.0,0.9,755.0,2,nao,reforma,36,13800.0,0
E05324,30.0,12140.0,3.1,666.0,0,nao,veiculo,60,57900.0,0
E05325,40.0,4740.0,4.5,660.0,3,nao,reforma,12,25100.0,0
E05326,60.0,6400.0,2.5,749.0,1,sim,veiculo,24,9000.0,0
E05327,64.0,3430.0,5.7,670.0,3,nao,pessoal,36,14900.0,0
E05328,30.0,3090.0,0.2,596.0,0,sim,educacao,24,13400.0,0
E05329,46.0,4410.0,4.0,473.0,2,nao,veiculo,36,5800.0,1
E05330,47.0,,10.9,745.0,1,sim,reforma,48,14600.0,0
E05331,45.0,6490.0,9.3,680.0,2,sim,veiculo,36,34100.0,0
E05332,45.0,1600.0,5.0,943.0,1,nao,veiculo,36,2000.0,0
E05333,44.0,7160.0,4.6,629.0,3,nao,reforma,24,32400.0,0
E05334,60.0,4300.0,6.4,673.0,2,sim,veiculo,24,7700.0,0
E05335,53.0,3690.0,1.6,676.0,0,nao,pessoal,48,6500.0,0
E05336,27.0,,8.7,712.0,1,nao,pessoal,36,1900.0,0
E05337,50.0,2330.0,12.2,534.0,2,sim,pessoal,24,10000.0,0
E05338,51.0,8620.0,4.0,632.0,1,nao,veiculo,36,47300.0,0
E05339,44.0,3710.0,5.0,731.0,0,nao,veiculo,36,13600.0,0
E05340,54.0,4960.0,7.4,603.0,0,nao,pessoal,24,9500.0,0
E05341,42.0,2480.0,2.3,727.0,1,sim,pessoal,12,3800.0,1
E05342,42.0,4130.0,12.5,651.0,2,nao,educacao,60,5900.0,1
E05343,41.0,1840.0,16.4,684.0,3,nao,pessoal,48,3000.0,0
E05344,18.0,4460.0,6.8,767.0,0,nao,veiculo,48,15800.0,0
E05345,39.0,5250.0,13.3,615.0,1,nao,veiculo,24,31400.0,0
E05346,32.0,5090.0,1.4,480.0,1,sim,veiculo,36,28700.0,1
E05347,26.0,2440.0,5.6,611.0,1,nao,pessoal,60,2500.0,0
E05348,57.0,3420.0,0.5,549.0,1,nao,reforma,60,5500.0,0
E05349,46.0,5800.0,3.1,406.0,0,sim,pessoal,12,24600.0,1
E05350,40.0,3700.0,3.2,628.0,3,nao,reforma,12,15900.0,0
E05351,33.0,3530.0,2.5,662.0,1,sim,veiculo,36,5800.0,0
E05352,44.0,13160.0,1.4,752.0,1,nao,veiculo,24,75800.0,0
E05353,52.0,2370.0,6.8,515.0,1,sim,veiculo,24,8800.0,1
E05354,30.0,8030.0,2.1,650.0,0,nao,negocio,36,27400.0,0
E05355,40.0,2100.0,6.8,764.0,1,sim,pessoal,12,10600.0,1
E05356,50.0,6220.0,4.2,577.0,2,nao,pessoal,36,15900.0,0
E05357,18.0,6420.0,5.8,699.0,0,nao,veiculo,24,28400.0,0
E05358,39.0,3090.0,2.8,816.0,1,nao,veiculo,12,17200.0,0
E05359,35.0,2020.0,4.2,435.0,1,sim,pessoal,48,11600.0,0
E05360,38.0,1300.0,18.5,670.0,2,nao,negocio,36,1000.0,0
E05361,34.0,2900.0,5.7,768.0,0,sim,pessoal,60,2600.0,0
E05362,42.0,5760.0,12.6,601.0,1,nao,negocio,12,25300.0,0
E05363,63.0,2200.0,12.1,793.0,1,nao,veiculo,36,1200.0,0
E05364,36.0,4450.0,1.1,710.0,1,nao,veiculo,36,18500.0,1
E05365,44.0,1730.0,12.1,835.0,1,sim,reforma,60,8700.0,0
E05366,64.0,,4.2,704.0,2,sim,pessoal,24,3600.0,0
E05367,33.0,2110.0,3.2,844.0,2,nao,veiculo,36,1300.0,0
E05368,62.0,4010.0,1.7,673.0,0,nao,pessoal,24,13200.0,0
E05369,40.0,3110.0,1.2,490.0,0,nao,pessoal,60,18400.0,0
E05370,61.0,2060.0,6.6,571.0,0,nao,reforma,24,7100.0,0
E05371,49.0,2830.0,1.1,752.0,1,nao,pessoal,36,16600.0,0
E05372,44.0,2400.0,6.8,750.0,1,nao,veiculo,36,10500.0,0
E05373,39.0,1910.0,1.8,606.0,3,nao,veiculo,24,4100.0,0
E05374,33.0,,3.7,838.0,3,nao,negocio,12,14700.0,0
E05375,41.0,3380.0,4.6,601.0,1,sim,negocio,24,13000.0,0
E05376,51.0,1300.0,1.9,691.0,1,sim,pessoal,24,3000.0,0
E05377,40.0,2890.0,1.3,688.0,0,sim,educacao,24,5200.0,0
E05378,36.0,7270.0,3.3,494.0,0,sim,pessoal,12,19400.0,1
E05379,37.0,2660.0,2.6,628.0,3,nao,veiculo,48,9100.0,0
E05380,52.0,10320.0,2.9,902.0,0,nao,educacao,48,57600.0,0
E05381,55.0,2510.0,7.1,539.0,1,nao,pessoal,48,14400.0,0
E05382,32.0,5680.0,10.7,709.0,1,nao,reforma,24,25700.0,0
E05383,32.0,7820.0,3.2,513.0,1,sim,pessoal,36,14300.0,0
E05384,45.0,5500.0,7.1,537.0,2,sim,negocio,36,16700.0,1
E05385,58.0,1840.0,2.7,484.0,2,sim,veiculo,60,1900.0,0
E05386,54.0,2390.0,2.5,744.0,0,nao,pessoal,24,8700.0,0
E05387,25.0,8480.0,3.3,544.0,0,nao,pessoal,48,34100.0,0
E05388,37.0,2590.0,9.5,779.0,3,sim,reforma,36,7000.0,0
E05389,29.0,7540.0,0.8,582.0,3,sim,reforma,36,12800.0,0
E05390,37.0,3240.0,0.7,654.0,2,nao,reforma,12,19200.0,0
E05391,59.0,4570.0,14.3,685.0,0,sim,veiculo,48,3300.0,0
E05392,23.0,1830.0,1.9,462.0,2,sim,veiculo,24,8300.0,1
E05393,21.0,2920.0,3.7,662.0,3,nao,reforma,24,12500.0,0
E05394,30.0,2480.0,2.9,678.0,2,nao,pessoal,24,8900.0,0
E05395,43.0,4810.0,12.3,765.0,0,nao,pessoal,60,7400.0,0
E05396,47.0,4440.0,9.5,534.0,1,nao,pessoal,36,23100.0,1
E05397,45.0,5540.0,1.3,550.0,0,nao,educacao,12,21400.0,1
E05398,54.0,3130.0,4.7,713.0,2,nao,veiculo,24,13200.0,0
E05399,19.0,2400.0,5.7,795.0,4,sim,pessoal,36,10600.0,0
E05400,54.0,4690.0,6.9,575.0,2,nao,negocio,60,5400.0,0
E05401,36.0,2260.0,0.4,504.0,0,nao,veiculo,36,6900.0,0
E05402,49.0,8020.0,0.7,605.0,1,nao,pessoal,36,38800.0,0
E05403,24.0,3920.0,7.3,529.0,1,nao,veiculo,24,10500.0,0
E05404,40.0,3450.0,1.1,684.0,1,sim,negocio,12,15600.0,0
E05405,43.0,5540.0,5.7,521.0,2,nao,educacao,24,14200.0,1
E05406,54.0,4010.0,1.3,747.0,3,nao,veiculo,36,19700.0,0
E05407,21.0,1550.0,0.7,663.0,2,nao,educacao,36,8000.0,0
E05408,40.0,2220.0,1.8,750.0,1,sim,veiculo,24,11300.0,1
E05409,27.0,7920.0,4.1,373.0,2,nao,educacao,12,32400.0,1
E05410,46.0,4420.0,5.5,447.0,1,nao,educacao,24,14500.0,1
E05411,49.0,1530.0,6.0,782.0,3,nao,pessoal,48,8000.0,0
E05412,55.0,5190.0,8.0,561.0,3,nao,veiculo,24,13400.0,1
E05413,34.0,3000.0,1.9,479.0,1,nao,pessoal,36,17400.0,1
E05414,51.0,2490.0,7.7,618.0,1,nao,reforma,24,12600.0,0
E05415,56.0,2110.0,4.4,667.0,0,sim,pessoal,24,4200.0,0
E05416,20.0,7650.0,5.1,623.0,0,sim,veiculo,24,19600.0,0
E05417,47.0,1300.0,19.7,691.0,1,nao,negocio,24,7100.0,0
E05418,52.0,2540.0,,677.0,2,nao,veiculo,24,4800.0,0
E05419,37.0,4510.0,3.5,671.0,0,nao,pessoal,24,4300.0,0
E05420,25.0,10830.0,3.0,788.0,1,nao,pessoal,36,10100.0,0
E05421,51.0,5860.0,4.1,638.0,1,sim,negocio,48,30900.0,0
E05422,26.0,2530.0,0.9,635.0,0,nao,reforma,48,6400.0,0
E05423,38.0,10510.0,5.7,728.0,2,sim,reforma,24,17500.0,0
E05424,40.0,1860.0,4.1,701.0,0,sim,veiculo,24,3700.0,0
E05425,49.0,4920.0,5.0,541.0,0,nao,veiculo,36,18500.0,0
E05426,32.0,5630.0,4.4,630.0,0,nao,veiculo,24,15800.0,0
E05427,32.0,2480.0,1.0,688.0,2,sim,educacao,48,3200.0,0
E05428,41.0,6380.0,6.9,575.0,1,nao,veiculo,60,20400.0,1
E05429,52.0,3090.0,2.4,581.0,0,nao,pessoal,24,12700.0,1
E05430,67.0,6370.0,8.8,487.0,0,nao,veiculo,24,17000.0,0
E05431,22.0,1390.0,7.4,323.0,0,sim,reforma,12,5400.0,0
E05432,44.0,5130.0,13.7,599.0,1,nao,pessoal,24,22400.0,0
E05433,27.0,3280.0,4.1,654.0,0,sim,veiculo,24,13400.0,0
E05434,52.0,8370.0,8.0,520.0,1,sim,pessoal,60,10700.0,0
E05435,29.0,4090.0,14.9,792.0,0,sim,negocio,24,11900.0,0
E05436,32.0,8890.0,2.2,525.0,0,sim,veiculo,24,48900.0,1
E05437,33.0,5700.0,9.6,740.0,0,sim,reforma,24,7800.0,1
E05438,39.0,3890.0,6.6,686.0,0,sim,veiculo,12,20700.0,0
E05439,44.0,6740.0,1.5,879.0,1,nao,educacao,36,19900.0,0
E05440,46.0,6760.0,3.7,699.0,0,sim,negocio,24,25800.0,0
E05441,40.0,5570.0,21.9,481.0,1,sim,pessoal,36,12400.0,0
E05442,24.0,1300.0,9.2,756.0,1,nao,pessoal,48,5800.0,0
E05443,49.0,2330.0,6.1,827.0,0,nao,reforma,48,3500.0,0
E05444,39.0,9640.0,2.3,445.0,1,nao,reforma,12,45300.0,0
E05445,54.0,1980.0,0.3,710.0,0,sim,veiculo,24,2500.0,0
E05446,32.0,7130.0,1.1,735.0,2,nao,veiculo,48,10300.0,0
E05447,21.0,6420.0,4.3,617.0,0,nao,reforma,12,3500.0,1
E05448,40.0,2720.0,4.3,374.0,0,sim,reforma,12,14300.0,0
E05449,56.0,1300.0,11.1,607.0,1,nao,veiculo,24,6700.0,0
E05450,42.0,2990.0,1.8,576.0,1,nao,pessoal,36,7900.0,0
E05451,38.0,14610.0,1.6,808.0,2,nao,negocio,36,7600.0,0
E05452,30.0,2500.0,6.7,630.0,1,sim,veiculo,60,14100.0,0
E05453,61.0,2610.0,3.0,595.0,3,sim,pessoal,48,3800.0,0
E05454,28.0,2310.0,3.0,575.0,2,nao,negocio,60,3000.0,0
E05455,31.0,8710.0,10.3,676.0,1,nao,reforma,60,14500.0,0
E05456,47.0,3630.0,1.5,646.0,1,nao,veiculo,12,7000.0,0
E05457,18.0,2890.0,9.2,553.0,0,sim,educacao,12,16200.0,1
E05458,55.0,9810.0,6.1,669.0,1,sim,pessoal,48,38800.0,0
E05459,47.0,5950.0,2.7,579.0,0,sim,veiculo,60,14100.0,0
E05460,51.0,2420.0,4.2,355.0,0,nao,pessoal,36,11400.0,1
E05461,47.0,2020.0,2.0,713.0,2,nao,negocio,12,9600.0,1
E05462,38.0,8410.0,3.6,703.0,2,sim,pessoal,12,15600.0,0
E05463,27.0,4240.0,14.3,662.0,0,nao,pessoal,60,6200.0,0
E05464,38.0,1660.0,2.2,591.0,2,nao,pessoal,12,2200.0,0
E05465,28.0,1440.0,0.6,632.0,1,nao,veiculo,60,3500.0,0
E05466,46.0,2150.0,4.3,730.0,2,nao,pessoal,24,1400.0,0
E05467,50.0,2000.0,12.5,571.0,2,nao,veiculo,60,5900.0,1
E05468,58.0,1300.0,5.1,735.0,5,nao,reforma,24,2100.0,1
E05469,44.0,2170.0,3.4,478.0,2,nao,pessoal,60,10200.0,1
E05470,51.0,2420.0,3.2,658.0,0,sim,negocio,36,5600.0,1
E05471,36.0,3180.0,9.4,643.0,1,nao,negocio,48,13000.0,0
E05472,34.0,11600.0,5.7,750.0,3,sim,pessoal,24,49300.0,0
E05473,46.0,3580.0,6.7,539.0,2,sim,pessoal,12,17500.0,1
E05474,35.0,3800.0,4.8,551.0,0,sim,veiculo,24,11800.0,1
E05475,43.0,5700.0,8.2,487.0,1,nao,pessoal,48,15400.0,0
E05476,27.0,3640.0,14.3,578.0,0,nao,veiculo,12,7000.0,0
E05477,29.0,5340.0,4.2,668.0,0,nao,veiculo,36,3000.0,0
E05478,48.0,4970.0,5.6,442.0,0,sim,reforma,12,6800.0,0
E05479,51.0,4520.0,13.8,591.0,1,sim,reforma,36,7800.0,0
E05480,28.0,22090.0,4.8,707.0,2,sim,negocio,24,91000.0,0
E05481,48.0,,9.3,629.0,1,sim,reforma,60,35200.0,0
E05482,34.0,2190.0,1.8,648.0,1,sim,pessoal,24,6600.0,1
E05483,40.0,5240.0,2.1,474.0,3,sim,pessoal,60,26300.0,0
E05484,57.0,2610.0,16.8,629.0,4,nao,reforma,36,6700.0,0
E05485,50.0,5490.0,7.7,643.0,1,nao,reforma,24,22500.0,0
E05486,50.0,1840.0,3.7,622.0,0,sim,educacao,60,6600.0,0
E05487,63.0,,2.6,657.0,1,sim,veiculo,24,2900.0,0
E05488,32.0,5160.0,3.2,606.0,1,nao,reforma,36,15700.0,0
E05489,28.0,7640.0,1.1,590.0,0,nao,negocio,36,44500.0,0
E05490,31.0,5680.0,7.2,526.0,0,nao,pessoal,48,7500.0,0
E05491,37.0,7010.0,6.6,747.0,1,nao,pessoal,24,19100.0,0
E05492,18.0,5260.0,6.5,505.0,2,sim,negocio,12,12200.0,0
E05493,38.0,4660.0,11.7,657.0,1,sim,negocio,60,21500.0,0
E05494,33.0,3100.0,4.5,839.0,4,sim,pessoal,24,2200.0,0
E05495,49.0,6840.0,6.1,761.0,0,nao,veiculo,36,20500.0,0
E05496,44.0,7770.0,0.6,696.0,1,nao,reforma,60,15200.0,0
E05497,33.0,4040.0,7.7,667.0,1,sim,pessoal,12,8600.0,1
E05498,47.0,3920.0,6.8,626.0,2,nao,pessoal,24,10700.0,0
E05499,49.0,10910.0,1.3,541.0,0,nao,pessoal,12,23000.0,0
E05500,31.0,4150.0,3.8,612.0,2,nao,veiculo,60,15000.0,0
E05501,34.0,4400.0,10.5,703.0,2,nao,pessoal,60,9100.0,0
E05502,18.0,5620.0,5.9,683.0,0,nao,pessoal,60,31200.0,1
E05503,27.0,3960.0,2.4,727.0,1,nao,pessoal,24,11700.0,1
E05504,31.0,2570.0,6.8,774.0,1,nao,reforma,36,3500.0,0
E05505,41.0,5270.0,15.6,623.0,1,nao,educacao,60,11000.0,0
E05506,29.0,4100.0,0.9,661.0,1,sim,reforma,60,20000.0,0
E05507,34.0,12690.0,7.5,431.0,1,nao,pessoal,12,13900.0,1
E05508,25.0,6740.0,5.7,888.0,2,nao,negocio,24,17400.0,0
E05509,42.0,2940.0,1.2,594.0,0,nao,negocio,24,16800.0,0
E05510,45.0,6500.0,6.0,712.0,0,sim,pessoal,48,3300.0,0
E05511,45.0,5050.0,2.6,594.0,0,sim,negocio,24,29500.0,0
E05512,40.0,9210.0,3.4,592.0,0,sim,veiculo,24,22800.0,0
E05513,22.0,3070.0,6.8,614.0,0,nao,pessoal,48,5100.0,0
E05514,33.0,4700.0,6.6,503.0,1,nao,veiculo,24,23700.0,0
E05515,35.0,3960.0,6.5,367.0,1,sim,veiculo,12,12200.0,1
E05516,35.0,4350.0,21.9,768.0,2,nao,negocio,36,4700.0,0
E05517,41.0,2470.0,3.9,700.0,1,nao,veiculo,60,10300.0,0
E05518,57.0,5930.0,,539.0,2,nao,educacao,36,28300.0,0
E05519,50.0,5400.0,7.6,690.0,1,nao,educacao,60,16100.0,0
E05520,28.0,9080.0,5.7,731.0,0,nao,pessoal,60,40200.0,0
E05521,48.0,4170.0,2.8,564.0,0,sim,reforma,24,4500.0,1
E05522,48.0,3280.0,2.6,685.0,0,sim,veiculo,24,2200.0,0
E05523,30.0,6740.0,12.2,751.0,0,nao,pessoal,24,11500.0,0
E05524,50.0,2610.0,0.3,482.0,4,sim,veiculo,36,15400.0,0
E05525,38.0,8050.0,5.6,699.0,1,sim,negocio,36,11800.0,0
E05526,23.0,8040.0,2.5,680.0,3,sim,reforma,48,44700.0,0
E05527,45.0,8930.0,6.3,847.0,2,nao,reforma,36,19100.0,0
E05528,43.0,5260.0,2.1,701.0,0,nao,pessoal,12,16900.0,1
E05529,37.0,3140.0,6.4,595.0,0,nao,reforma,24,13700.0,0
E05530,40.0,4480.0,10.0,608.0,1,sim,educacao,36,6400.0,0
E05531,31.0,5280.0,2.8,863.0,1,sim,negocio,24,8400.0,0
E05532,47.0,3000.0,3.2,601.0,3,nao,educacao,12,5700.0,1
E05533,39.0,9350.0,6.2,704.0,1,sim,pessoal,60,29200.0,0
E05534,42.0,5950.0,8.1,614.0,2,nao,negocio,36,14300.0,0
E05535,44.0,2460.0,19.0,759.0,2,sim,educacao,36,2400.0,0
E05536,26.0,13000.0,3.3,764.0,4,nao,pessoal,12,25600.0,0
E05537,29.0,,3.2,638.0,0,nao,reforma,60,22500.0,0
E05538,18.0,2180.0,1.6,595.0,3,nao,pessoal,60,7300.0,1
E05539,47.0,2550.0,0.2,593.0,2,nao,reforma,24,14600.0,0
E05540,25.0,10250.0,,450.0,2,sim,pessoal,24,20800.0,0
E05541,42.0,12550.0,4.1,651.0,0,sim,reforma,48,24400.0,0
E05542,44.0,7700.0,,649.0,1,nao,pessoal,36,21900.0,0
E05543,47.0,9270.0,8.9,550.0,4,nao,educacao,48,8700.0,0
E05544,26.0,8720.0,7.6,438.0,1,nao,pessoal,36,19500.0,1
E05545,39.0,5870.0,3.2,663.0,1,nao,pessoal,60,14600.0,0
E05546,60.0,5120.0,5.8,677.0,0,nao,pessoal,48,20100.0,0
E05547,61.0,5810.0,,683.0,1,sim,veiculo,24,7400.0,0
E05548,52.0,6530.0,7.9,531.0,0,sim,reforma,48,35200.0,1
E05549,44.0,2690.0,2.7,684.0,2,sim,veiculo,24,14300.0,0
E05550,28.0,6520.0,11.0,620.0,2,nao,veiculo,24,22300.0,1
E05551,49.0,10080.0,6.9,735.0,0,sim,negocio,24,28400.0,0
E05552,38.0,3710.0,1.2,533.0,0,sim,veiculo,24,16100.0,0
E05553,47.0,3480.0,10.1,767.0,1,sim,veiculo,48,5600.0,0
E05554,32.0,5590.0,9.5,806.0,1,sim,veiculo,24,20100.0,0
E05555,38.0,,8.6,653.0,0,nao,negocio,24,5900.0,0
E05556,42.0,1910.0,8.9,684.0,0,sim,pessoal,36,10600.0,0
E05557,43.0,8360.0,4.6,726.0,2,nao,pessoal,24,26300.0,0
E05558,46.0,3200.0,5.7,527.0,1,nao,veiculo,12,10500.0,1
E05559,33.0,4250.0,3.8,587.0,0,sim,reforma,48,19900.0,0
E05560,24.0,2910.0,0.6,660.0,3,sim,pessoal,36,14000.0,0
E05561,59.0,9040.0,6.8,863.0,0,sim,negocio,60,16200.0,0
E05562,70.0,7010.0,0.9,508.0,1,nao,pessoal,48,27000.0,0
E05563,45.0,3640.0,1.6,820.0,1,nao,reforma,36,19200.0,1
E05564,24.0,2070.0,2.5,619.0,0,sim,pessoal,24,5700.0,0
E05565,31.0,3410.0,4.8,636.0,0,sim,negocio,24,3800.0,1
E05566,46.0,5910.0,16.4,774.0,2,sim,veiculo,36,31200.0,0
E05567,56.0,4700.0,2.5,862.0,1,nao,pessoal,36,25500.0,0
E05568,25.0,4480.0,17.4,687.0,0,nao,pessoal,24,6000.0,0
E05569,39.0,4770.0,9.3,768.0,3,nao,pessoal,24,8000.0,0
E05570,42.0,6620.0,6.1,539.0,2,nao,veiculo,24,12000.0,0
E05571,50.0,4100.0,2.3,582.0,2,sim,pessoal,24,20900.0,0
E05572,36.0,5500.0,4.9,491.0,0,nao,veiculo,12,31700.0,1
E05573,21.0,2320.0,5.2,583.0,2,nao,veiculo,36,6200.0,0
E05574,47.0,,7.8,702.0,0,nao,veiculo,36,109600.0,0
E05575,53.0,3540.0,2.4,663.0,2,nao,pessoal,36,2200.0,0
E05576,39.0,4750.0,9.5,830.0,2,nao,veiculo,48,12700.0,0
E05577,45.0,5900.0,4.4,866.0,0,nao,negocio,36,6700.0,0
E05578,34.0,3280.0,6.8,625.0,0,sim,veiculo,48,19400.0,0
E05579,30.0,4220.0,,565.0,4,sim,educacao,12,6700.0,0
E05580,52.0,4190.0,12.0,768.0,0,sim,pessoal,60,23600.0,0
E05581,45.0,2430.0,1.7,779.0,0,sim,pessoal,24,11600.0,0
E05582,46.0,5460.0,5.8,689.0,3,sim,negocio,36,29500.0,0
E05583,58.0,1560.0,1.2,718.0,2,sim,reforma,12,5100.0,0
E05584,27.0,12020.0,7.2,700.0,2,nao,reforma,24,39800.0,0
E05585,33.0,6760.0,1.6,531.0,1,nao,veiculo,60,8900.0,0
E05586,42.0,6160.0,3.6,506.0,2,nao,educacao,12,7300.0,1
E05587,33.0,1480.0,3.3,634.0,1,sim,negocio,36,6100.0,1
E05588,49.0,2610.0,20.5,618.0,3,sim,pessoal,12,5200.0,0
E05589,38.0,9670.0,2.3,670.0,1,nao,pessoal,12,30100.0,0
E05590,28.0,50700.0,9.6,626.0,0,sim,negocio,60,59600.0,0
E05591,41.0,8600.0,0.2,453.0,1,sim,pessoal,36,32200.0,0
E05592,42.0,7820.0,4.8,408.0,0,nao,veiculo,36,7300.0,1
E05593,51.0,5760.0,12.4,721.0,0,sim,pessoal,24,8400.0,0
E05594,45.0,2530.0,0.7,567.0,2,sim,veiculo,24,3300.0,0
E05595,46.0,7630.0,9.3,614.0,0,nao,veiculo,36,9600.0,0
E05596,44.0,2170.0,4.1,579.0,1,nao,pessoal,24,8500.0,0
E05597,38.0,2030.0,0.3,540.0,0,nao,pessoal,24,1400.0,0
E05598,31.0,1960.0,10.3,537.0,2,nao,veiculo,24,8200.0,0
E05599,43.0,7540.0,7.5,752.0,2,sim,veiculo,24,31700.0,0
E05600,36.0,4060.0,,614.0,2,nao,reforma,60,6500.0,0
E05601,60.0,4460.0,7.9,710.0,1,nao,reforma,36,13800.0,0
E05602,56.0,4160.0,0.7,725.0,3,nao,pessoal,12,6100.0,0
E05603,48.0,2140.0,2.7,675.0,2,nao,veiculo,36,4600.0,0
E05604,45.0,2810.0,4.7,728.0,2,sim,educacao,36,13400.0,0
E05605,39.0,2890.0,4.5,642.0,2,nao,veiculo,24,9500.0,1
E05606,25.0,1810.0,6.6,790.0,1,sim,negocio,60,10500.0,0
E05607,37.0,3100.0,20.1,731.0,1,sim,negocio,36,17500.0,0
E05608,41.0,2200.0,5.5,745.0,1,sim,pessoal,24,3700.0,0
E05609,43.0,5940.0,5.6,537.0,1,sim,pessoal,36,29500.0,0
E05610,46.0,6240.0,11.0,669.0,1,nao,pessoal,48,14900.0,0
E05611,51.0,1930.0,4.5,438.0,1,nao,pessoal,24,5000.0,0
E05612,32.0,3520.0,0.5,794.0,0,nao,reforma,60,13300.0,0
E05613,32.0,12790.0,5.1,571.0,1,nao,pessoal,12,41900.0,0
E05614,57.0,,0.4,587.0,2,nao,negocio,24,13200.0,0
E05615,49.0,5430.0,10.2,490.0,1,sim,reforma,60,29800.0,0
E05616,35.0,4470.0,4.7,636.0,1,nao,negocio,24,13200.0,0
E05617,39.0,8090.0,6.4,610.0,1,nao,veiculo,12,40800.0,0
E05618,39.0,5010.0,1.7,840.0,2,sim,pessoal,12,27700.0,0
E05619,40.0,3240.0,1.8,735.0,0,sim,pessoal,48,14500.0,0
E05620,46.0,4370.0,7.4,583.0,1,nao,educacao,24,19000.0,0
E05621,70.0,4410.0,3.6,457.0,1,nao,pessoal,48,15900.0,0
E05622,42.0,3980.0,2.3,389.0,3,sim,negocio,36,17100.0,1
E05623,48.0,1900.0,12.4,527.0,0,nao,pessoal,48,2500.0,0
E05624,20.0,,5.2,494.0,2,nao,reforma,60,14500.0,1
E05625,34.0,7960.0,2.7,678.0,1,nao,veiculo,48,20100.0,0
E05626,55.0,2240.0,5.5,624.0,2,nao,reforma,24,12700.0,0
E05627,45.0,3510.0,3.2,642.0,2,sim,educacao,60,7500.0,0
E05628,18.0,3670.0,6.9,536.0,1,nao,pessoal,24,4400.0,0
E05629,48.0,2100.0,1.6,657.0,1,nao,negocio,48,6400.0,0
E05630,63.0,1370.0,10.4,484.0,0,sim,veiculo,36,3200.0,0
E05631,18.0,2810.0,3.2,630.0,5,nao,veiculo,24,16700.0,1
E05632,58.0,3390.0,1.1,731.0,1,nao,negocio,36,8900.0,0
E05633,18.0,1770.0,1.3,600.0,0,nao,educacao,36,6400.0,0
E05634,51.0,4670.0,3.9,689.0,0,nao,pessoal,60,27100.0,0
E05635,40.0,8440.0,,423.0,1,nao,pessoal,24,45600.0,1
E05636,18.0,6960.0,0.9,414.0,1,sim,negocio,48,38000.0,1
E05637,45.0,3890.0,1.0,676.0,0,nao,veiculo,36,18900.0,0
E05638,54.0,1390.0,4.7,755.0,1,nao,veiculo,36,3500.0,0
E05639,44.0,6450.0,5.7,614.0,3,nao,pessoal,24,30700.0,1
E05640,47.0,4590.0,5.0,876.0,2,sim,veiculo,24,17400.0,0
E05641,35.0,5420.0,12.2,481.0,1,nao,pessoal,48,13500.0,0
E05642,18.0,13420.0,6.4,565.0,1,sim,pessoal,36,45900.0,0
E05643,48.0,2560.0,2.6,655.0,2,nao,veiculo,36,13500.0,0
E05644,61.0,1300.0,1.9,691.0,1,nao,pessoal,60,1100.0,0
E05645,54.0,2230.0,0.8,576.0,0,nao,veiculo,36,12100.0,0
E05646,18.0,5620.0,7.7,523.0,0,nao,reforma,48,24800.0,1
E05647,22.0,4270.0,16.5,708.0,1,sim,reforma,48,9800.0,0
E05648,30.0,2030.0,9.0,655.0,0,nao,pessoal,24,5500.0,0
E05649,21.0,1790.0,3.7,602.0,1,sim,pessoal,36,5100.0,0
E05650,41.0,3400.0,2.1,695.0,0,sim,educacao,60,9800.0,1
E05651,45.0,1990.0,7.3,625.0,2,sim,veiculo,36,1200.0,0
E05652,23.0,5740.0,3.9,625.0,3,nao,pessoal,24,8600.0,0
E05653,49.0,3280.0,3.5,621.0,1,nao,reforma,12,9500.0,1
E05654,47.0,2880.0,12.9,550.0,4,nao,veiculo,24,2900.0,0
E05655,33.0,2660.0,0.5,538.0,2,nao,pessoal,48,3400.0,0
E05656,38.0,4920.0,6.1,582.0,0,nao,educacao,60,27600.0,0
E05657,18.0,4310.0,2.3,644.0,0,nao,veiculo,48,15600.0,1
E05658,36.0,4740.0,4.5,434.0,0,nao,veiculo,48,25900.0,0
E05659,40.0,4680.0,1.9,744.0,0,sim,negocio,60,19100.0,0
E05660,42.0,4020.0,3.9,642.0,0,nao,pessoal,24,9900.0,0
E05661,45.0,2260.0,22.9,523.0,2,nao,veiculo,12,11200.0,1
E05662,43.0,2710.0,8.4,818.0,1,nao,pessoal,36,10000.0,1
E05663,37.0,3310.0,,645.0,3,nao,negocio,60,11200.0,1
E05664,43.0,14500.0,4.7,493.0,1,nao,pessoal,24,14600.0,0
E05665,52.0,1870.0,4.3,813.0,1,nao,negocio,48,3000.0,0
E05666,39.0,3270.0,4.9,789.0,3,sim,veiculo,60,2400.0,0
E05667,44.0,4460.0,6.7,540.0,2,nao,educacao,12,4300.0,0
E05668,38.0,3500.0,8.5,604.0,3,nao,educacao,24,18900.0,0
E05669,32.0,8000.0,17.9,590.0,1,nao,pessoal,36,38800.0,0
E05670,46.0,3490.0,3.7,432.0,0,nao,reforma,24,6000.0,1
E05671,33.0,3650.0,12.7,676.0,3,sim,pessoal,24,6700.0,0
E05672,45.0,6850.0,18.0,733.0,0,sim,pessoal,36,21900.0,0
E05673,40.0,12450.0,9.0,712.0,1,sim,pessoal,48,28800.0,0
E05674,36.0,9770.0,4.2,644.0,0,nao,reforma,36,34700.0,0
E05675,36.0,3870.0,9.1,744.0,0,nao,pessoal,60,6600.0,0
E05676,34.0,4080.0,0.8,515.0,1,nao,reforma,48,11200.0,0
E05677,20.0,4320.0,15.9,840.0,0,sim,educacao,48,23900.0,0
E05678,45.0,4590.0,9.7,555.0,3,sim,pessoal,24,13900.0,0
E05679,43.0,2530.0,4.1,567.0,0,nao,pessoal,12,13400.0,0
E05680,50.0,7370.0,3.8,577.0,2,nao,veiculo,36,25200.0,0
E05681,34.0,4750.0,1.1,569.0,3,sim,pessoal,48,13500.0,1
E05682,63.0,4090.0,10.8,619.0,0,sim,pessoal,24,13500.0,0
E05683,35.0,1960.0,3.9,615.0,1,sim,pessoal,48,9000.0,0
E05684,29.0,4360.0,16.9,654.0,0,nao,pessoal,36,26100.0,1
E05685,28.0,1350.0,0.8,550.0,1,nao,reforma,24,1000.0,0
E05686,19.0,2960.0,,658.0,2,nao,pessoal,24,9900.0,0
E05687,58.0,3000.0,1.7,520.0,1,nao,negocio,36,12600.0,0
E05688,56.0,4990.0,0.2,721.0,1,nao,reforma,36,13600.0,0
E05689,47.0,12970.0,7.8,719.0,2,nao,negocio,12,47300.0,0
E05690,29.0,5920.0,1.4,639.0,2,sim,reforma,36,4700.0,0
E05691,62.0,10020.0,1.9,569.0,1,sim,pessoal,12,20500.0,0
E05692,36.0,6190.0,1.5,674.0,1,sim,pessoal,36,15900.0,0
E05693,37.0,8250.0,3.2,542.0,2,sim,pessoal,60,22600.0,1
E05694,57.0,12800.0,14.5,644.0,0,sim,reforma,12,54400.0,0
E05695,48.0,2710.0,6.7,623.0,1,sim,reforma,36,14800.0,1
E05696,66.0,2600.0,5.4,929.0,2,sim,pessoal,48,2200.0,0
E05697,43.0,6270.0,4.6,505.0,3,nao,reforma,24,18600.0,0
E05698,35.0,4190.0,2.7,347.0,1,nao,pessoal,24,11300.0,1
E05699,33.0,4790.0,2.8,570.0,1,sim,reforma,36,27800.0,0
E05700,18.0,,5.2,451.0,0,sim,pessoal,60,15900.0,0
E05701,37.0,2940.0,13.3,560.0,1,nao,pessoal,60,16900.0,0
E05702,54.0,11110.0,2.6,497.0,1,nao,veiculo,24,36300.0,0
E05703,47.0,2170.0,,541.0,3,sim,negocio,60,8600.0,0
E05704,40.0,6340.0,1.6,523.0,2,nao,reforma,24,33000.0,1
E05705,28.0,5750.0,7.7,746.0,1,nao,veiculo,24,4000.0,0
E05706,43.0,1630.0,13.0,635.0,0,nao,veiculo,48,9100.0,0
E05707,52.0,2550.0,4.2,758.0,0,nao,veiculo,60,8000.0,0
E05708,45.0,2820.0,2.8,644.0,1,sim,pessoal,24,16300.0,0
E05709,42.0,,7.7,742.0,1,sim,reforma,24,3200.0,1
E05710,30.0,3370.0,15.7,607.0,0,nao,pessoal,12,3400.0,0
E05711,50.0,3990.0,9.6,815.0,0,nao,veiculo,36,3600.0,0
E05712,18.0,1750.0,17.2,692.0,1,nao,pessoal,36,1400.0,0
E05713,45.0,16960.0,4.6,554.0,0,sim,educacao,36,21000.0,0
E05714,71.0,4380.0,4.4,708.0,0,sim,pessoal,24,10200.0,0
E05715,22.0,5670.0,0.9,643.0,1,sim,pessoal,24,7000.0,0
E05716,37.0,,2.6,618.0,0,nao,veiculo,48,3900.0,0
E05717,40.0,2840.0,4.1,651.0,1,sim,educacao,12,8400.0,0
E05718,34.0,13230.0,4.5,723.0,0,sim,negocio,12,52200.0,0
E05719,52.0,1330.0,7.6,407.0,2,nao,pessoal,24,1000.0,1
E05720,46.0,4960.0,2.9,601.0,2,sim,pessoal,36,18200.0,0
E05721,42.0,2030.0,3.1,715.0,1,sim,reforma,60,7500.0,0
E05722,50.0,3290.0,19.4,667.0,1,sim,pessoal,12,7500.0,0
E05723,40.0,2860.0,0.2,516.0,3,nao,pessoal,24,4400.0,1
E05724,78.0,2320.0,1.8,380.0,2,sim,pessoal,60,9200.0,1
E05725,42.0,4290.0,0.3,827.0,0,sim,pessoal,48,20600.0,0
E05726,42.0,1300.0,0.4,619.0,2,nao,veiculo,36,2700.0,0
E05727,19.0,3480.0,3.3,807.0,0,nao,veiculo,12,11500.0,0
E05728,33.0,3980.0,6.0,727.0,2,nao,pessoal,36,4200.0,0
E05729,54.0,1860.0,3.2,553.0,2,nao,pessoal,60,8900.0,0
E05730,24.0,10410.0,6.3,365.0,1,nao,pessoal,36,43100.0,1
E05731,18.0,2940.0,8.5,589.0,3,nao,negocio,48,8400.0,0
E05732,40.0,3640.0,5.4,636.0,0,sim,veiculo,36,13900.0,0
E05733,56.0,2940.0,6.3,690.0,1,sim,negocio,24,16900.0,0
E05734,41.0,4000.0,3.5,518.0,2,nao,negocio,24,14400.0,1
E05735,36.0,9210.0,2.9,660.0,1,sim,veiculo,48,26200.0,1
E05736,18.0,18520.0,0.2,660.0,2,sim,negocio,36,55400.0,0
E05737,45.0,6570.0,8.9,748.0,4,sim,pessoal,24,9900.0,0
E05738,48.0,8070.0,5.2,606.0,1,nao,pessoal,36,44400.0,0
E05739,19.0,11760.0,5.9,689.0,3,nao,reforma,60,41500.0,0
E05740,54.0,4880.0,0.9,672.0,0,sim,pessoal,24,13000.0,0
E05741,49.0,10780.0,2.0,736.0,0,sim,veiculo,24,60900.0,0
E05742,54.0,6760.0,3.4,550.0,1,sim,negocio,36,23900.0,0
E05743,47.0,4580.0,1.4,302.0,1,sim,negocio,24,6000.0,0
E05744,48.0,5180.0,5.3,614.0,3,sim,veiculo,36,22300.0,0
E05745,46.0,1410.0,5.0,615.0,0,sim,reforma,60,8200.0,0
E05746,50.0,5000.0,4.8,513.0,0,nao,reforma,36,25200.0,1
E05747,18.0,1660.0,8.8,474.0,2,nao,veiculo,24,4300.0,0
E05748,22.0,1580.0,5.5,577.0,0,sim,veiculo,60,7800.0,0
E05749,31.0,4720.0,12.2,627.0,3,sim,reforma,36,14900.0,1
E05750,38.0,2150.0,5.6,650.0,2,nao,pessoal,24,5900.0,0
E05751,45.0,4180.0,2.4,389.0,0,sim,reforma,24,14900.0,1
E05752,44.0,4560.0,4.4,447.0,0,sim,pessoal,36,4200.0,0
E05753,53.0,4690.0,5.9,764.0,0,sim,reforma,24,9200.0,0
E05754,54.0,2440.0,2.0,619.0,2,nao,veiculo,48,9000.0,0
E05755,30.0,7200.0,4.9,640.0,2,sim,pessoal,24,8200.0,0
E05756,43.0,3980.0,2.4,493.0,3,sim,educacao,24,11000.0,0
E05757,30.0,5470.0,1.4,640.0,0,nao,veiculo,24,27600.0,0
E05758,38.0,2050.0,15.1,599.0,2,sim,reforma,60,11100.0,0
E05759,44.0,3770.0,2.3,572.0,0,nao,pessoal,12,5700.0,1
E05760,18.0,8110.0,1.9,479.0,2,nao,pessoal,36,46200.0,0
E05761,69.0,7520.0,7.8,544.0,1,sim,negocio,60,23100.0,0
E05762,47.0,2600.0,3.3,857.0,0,sim,veiculo,24,3500.0,0
E05763,33.0,,2.1,602.0,1,nao,pessoal,60,14000.0,0
E05764,63.0,2320.0,8.0,727.0,1,sim,veiculo,48,2200.0,0
E05765,36.0,2830.0,4.3,618.0,1,sim,veiculo,24,12800.0,0
E05766,42.0,1810.0,8.9,606.0,2,sim,negocio,60,7900.0,0
E05767,34.0,3870.0,12.5,570.0,1,nao,pessoal,48,15500.0,0
E05768,60.0,6140.0,,788.0,1,nao,veiculo,12,31000.0,0
E05769,39.0,2620.0,7.5,681.0,1,nao,pessoal,48,13200.0,0
E05770,42.0,3980.0,12.9,553.0,1,sim,pessoal,36,11600.0,0
E05771,54.0,3680.0,15.5,597.0,2,sim,reforma,60,12300.0,0
E05772,47.0,7910.0,2.6,758.0,0,sim,pessoal,36,22100.0,0
E05773,39.0,2910.0,9.9,328.0,0,sim,pessoal,48,11300.0,0
E05774,53.0,2970.0,0.3,674.0,0,nao,veiculo,48,10000.0,0
E05775,70.0,2530.0,5.5,699.0,1,nao,veiculo,48,5400.0,0
E05776,44.0,2120.0,1.0,558.0,1,sim,negocio,12,6000.0,0
E05777,41.0,5770.0,3.2,657.0,1,nao,reforma,36,20800.0,0
E05778,42.0,3870.0,20.6,695.0,1,sim,pessoal,60,19000.0,0
E05779,56.0,4340.0,9.0,505.0,2,nao,pessoal,60,5400.0,1
E05780,33.0,,1.1,733.0,2,sim,veiculo,48,32400.0,0
E05781,37.0,9340.0,1.5,673.0,1,nao,pessoal,24,52900.0,0
E05782,22.0,1560.0,10.6,623.0,3,sim,pessoal,60,4300.0,0
E05783,26.0,6200.0,10.3,652.0,0,sim,negocio,12,5400.0,0
E05784,34.0,4810.0,10.8,718.0,0,nao,reforma,48,24900.0,0
E05785,39.0,3180.0,5.5,895.0,2,nao,pessoal,36,5300.0,0
E05786,61.0,5110.0,9.0,707.0,1,nao,pessoal,60,22200.0,0
E05787,46.0,1490.0,3.3,729.0,0,nao,educacao,36,4500.0,0
E05788,29.0,10100.0,3.2,661.0,2,sim,veiculo,24,57300.0,0
E05789,31.0,5720.0,5.3,849.0,0,sim,pessoal,48,27200.0,0
E05790,56.0,2500.0,2.1,479.0,0,sim,veiculo,24,12300.0,0
E05791,54.0,2960.0,1.8,449.0,1,sim,negocio,36,11300.0,0
E05792,40.0,1510.0,7.1,657.0,0,nao,pessoal,48,1900.0,0
E05793,35.0,3480.0,7.6,713.0,0,nao,reforma,12,5000.0,0
E05794,53.0,3140.0,1.8,357.0,0,nao,negocio,24,2300.0,1
E05795,28.0,,2.6,640.0,0,nao,veiculo,48,7500.0,0
E05796,45.0,6690.0,6.3,620.0,2,nao,negocio,60,28700.0,0
E05797,67.0,9040.0,5.9,722.0,1,nao,pessoal,24,14800.0,0
E05798,42.0,4130.0,5.5,687.0,0,nao,reforma,24,21600.0,0
E05799,31.0,3500.0,1.9,441.0,2,sim,veiculo,24,8600.0,1
E05800,45.0,5450.0,,521.0,0,nao,veiculo,60,9300.0,0
E05801,34.0,4150.0,2.9,551.0,0,nao,reforma,36,19200.0,0
E05802,23.0,2190.0,6.6,721.0,1,nao,reforma,24,8600.0,0
E05803,48.0,2840.0,1.4,681.0,1,nao,veiculo,60,4500.0,0
E05804,53.0,,4.3,572.0,2,nao,veiculo,48,17900.0,0
E05805,36.0,4870.0,1.8,656.0,1,nao,veiculo,48,5200.0,0
E05806,35.0,4220.0,2.8,524.0,3,nao,negocio,36,6500.0,0
E05807,28.0,4770.0,5.6,865.0,2,nao,educacao,24,22500.0,0
E05808,38.0,1680.0,12.0,703.0,2,sim,veiculo,12,5800.0,0
E05809,33.0,6260.0,2.6,726.0,0,nao,veiculo,36,18000.0,0
E05810,28.0,4210.0,5.4,791.0,1,sim,negocio,24,5600.0,0
E05811,63.0,19430.0,6.5,752.0,1,sim,educacao,36,19300.0,0
E05812,46.0,3330.0,7.9,643.0,2,nao,reforma,60,9600.0,0
E05813,47.0,5100.0,0.5,620.0,2,nao,reforma,48,30100.0,1
E05814,51.0,22930.0,8.8,782.0,1,nao,pessoal,48,90000.0,0
E05815,49.0,4720.0,6.6,643.0,1,sim,pessoal,48,10600.0,1
E05816,35.0,4030.0,5.5,558.0,0,sim,pessoal,24,24200.0,1
E05817,43.0,2320.0,2.3,856.0,1,nao,veiculo,36,13900.0,0
E05818,37.0,10510.0,5.9,537.0,1,nao,reforma,36,24800.0,1
E05819,45.0,2100.0,18.4,449.0,0,sim,educacao,24,3600.0,0
E05820,44.0,,11.0,749.0,1,sim,negocio,36,8500.0,0
E05821,35.0,3160.0,3.2,560.0,0,sim,pessoal,24,11800.0,0
E05822,24.0,3750.0,5.5,688.0,1,nao,reforma,12,8400.0,0
E05823,42.0,1790.0,5.6,840.0,1,sim,negocio,60,8600.0,0
E05824,38.0,9400.0,3.6,489.0,1,nao,pessoal,24,23000.0,0
E05825,18.0,3560.0,1.1,635.0,0,nao,pessoal,24,13700.0,0
E05826,46.0,2030.0,3.2,803.0,0,sim,negocio,36,3800.0,0
E05827,52.0,8910.0,6.9,715.0,0,nao,pessoal,36,28000.0,0
E05828,70.0,3100.0,3.2,620.0,2,nao,reforma,60,12800.0,0
E05829,35.0,5130.0,4.3,903.0,1,nao,veiculo,12,30500.0,0
E05830,34.0,6960.0,12.1,630.0,1,nao,veiculo,48,15100.0,0
E05831,27.0,5580.0,4.3,684.0,0,sim,negocio,12,26000.0,1
E05832,43.0,1300.0,4.5,821.0,1,nao,veiculo,24,5000.0,0
E05833,42.0,6370.0,5.1,748.0,3,sim,veiculo,24,29600.0,0
E05834,30.0,3950.0,2.9,785.0,0,sim,pessoal,24,15300.0,0
E05835,38.0,3450.0,9.1,541.0,1,sim,pessoal,60,3800.0,0
E05836,18.0,3930.0,1.4,775.0,1,nao,veiculo,24,7100.0,0
E05837,51.0,1600.0,2.9,659.0,2,sim,reforma,36,7100.0,0
E05838,31.0,4710.0,5.5,558.0,2,sim,pessoal,36,21600.0,1
E05839,40.0,1850.0,3.3,664.0,0,sim,pessoal,24,7300.0,0
E05840,23.0,3540.0,14.5,661.0,3,sim,veiculo,36,5600.0,0
E05841,33.0,4610.0,4.6,845.0,0,sim,educacao,48,5000.0,0
E05842,37.0,8000.0,4.5,682.0,0,nao,pessoal,36,36400.0,0
E05843,40.0,2570.0,1.8,554.0,1,nao,negocio,24,10300.0,0
E05844,46.0,10030.0,3.4,529.0,4,nao,negocio,24,35800.0,1
E05845,57.0,7410.0,8.8,635.0,1,nao,pessoal,36,4500.0,0
E05846,49.0,3250.0,2.4,492.0,2,sim,veiculo,24,12700.0,1
E05847,52.0,2160.0,0.7,561.0,2,sim,reforma,24,10300.0,0
E05848,57.0,1770.0,4.0,613.0,0,nao,pessoal,12,5400.0,0
E05849,47.0,4940.0,4.8,594.0,0,nao,educacao,12,3900.0,0
E05850,40.0,2700.0,3.1,720.0,1,nao,negocio,60,5700.0,0
E05851,52.0,8630.0,12.3,559.0,0,sim,reforma,24,12600.0,0
E05852,53.0,2790.0,20.6,368.0,0,sim,pessoal,12,10900.0,1
E05853,48.0,2450.0,,455.0,0,nao,pessoal,36,2900.0,1
E05854,23.0,4830.0,3.4,638.0,2,nao,veiculo,36,3500.0,0
E05855,30.0,2780.0,6.9,575.0,3,nao,pessoal,36,13900.0,1
E05856,37.0,4220.0,,504.0,2,nao,educacao,36,23500.0,1
E05857,49.0,7590.0,2.6,855.0,0,nao,veiculo,12,39000.0,0
E05858,40.0,,8.4,731.0,1,nao,reforma,48,16700.0,0
E05859,54.0,4520.0,4.0,634.0,0,nao,reforma,24,11100.0,0
E05860,56.0,4750.0,10.6,666.0,0,nao,pessoal,60,4500.0,0
E05861,54.0,1520.0,1.8,611.0,1,sim,reforma,36,4000.0,0
E05862,54.0,5310.0,13.5,502.0,1,sim,educacao,36,8000.0,1
E05863,28.0,4620.0,5.6,753.0,1,nao,veiculo,24,22800.0,0
E05864,46.0,7180.0,6.9,734.0,3,nao,veiculo,36,36500.0,0
E05865,33.0,6040.0,1.5,422.0,1,nao,pessoal,36,18600.0,0
E05866,20.0,,1.5,665.0,0,nao,reforma,36,8100.0,0
E05867,37.0,7800.0,6.1,677.0,0,sim,negocio,60,33900.0,0
E05868,56.0,3520.0,7.1,605.0,2,nao,reforma,24,13900.0,0
E05869,46.0,4870.0,,871.0,0,nao,pessoal,24,18000.0,0
E05870,64.0,3480.0,7.7,859.0,4,nao,pessoal,24,19500.0,1
E05871,42.0,5540.0,1.5,598.0,0,nao,negocio,12,11300.0,0
E05872,69.0,3350.0,1.0,615.0,0,sim,reforma,36,7800.0,0
E05873,42.0,11290.0,5.1,603.0,0,nao,pessoal,60,9000.0,0
E05874,40.0,14090.0,1.4,573.0,3,nao,reforma,24,24100.0,0
E05875,25.0,7100.0,0.7,539.0,1,nao,pessoal,12,21900.0,1
E05876,53.0,10590.0,2.0,696.0,3,sim,negocio,12,53100.0,1
E05877,34.0,1670.0,6.9,856.0,2,nao,veiculo,36,2600.0,0
E05878,32.0,1790.0,5.5,811.0,1,nao,pessoal,48,6000.0,0
E05879,55.0,3460.0,12.4,727.0,0,nao,pessoal,36,7600.0,0
E05880,54.0,4310.0,,375.0,0,nao,pessoal,36,20800.0,0
E05881,54.0,3730.0,1.6,435.0,0,nao,reforma,48,15000.0,0
E05882,36.0,1570.0,7.3,757.0,2,sim,reforma,60,1300.0,0
E05883,39.0,8380.0,2.5,818.0,0,nao,reforma,24,11700.0,0
E05884,39.0,15300.0,3.6,701.0,1,nao,pessoal,36,71900.0,0
E05885,49.0,,2.5,606.0,0,nao,educacao,36,38300.0,0
E05886,59.0,8060.0,1.3,789.0,0,nao,educacao,24,9200.0,0
E05887,44.0,4810.0,28.5,723.0,1,nao,reforma,36,10400.0,0
E05888,64.0,2530.0,2.1,765.0,0,nao,reforma,36,5000.0,0
E05889,51.0,4390.0,0.6,436.0,1,nao,pessoal,12,13600.0,1
E05890,37.0,14860.0,8.0,678.0,2,sim,negocio,12,9600.0,0
E05891,50.0,3400.0,0.4,835.0,0,nao,pessoal,48,11600.0,0
E05892,60.0,3200.0,4.0,698.0,1,sim,educacao,12,4500.0,0
E05893,64.0,8160.0,,744.0,0,nao,veiculo,36,37000.0,0
E05894,54.0,8490.0,4.6,644.0,0,sim,pessoal,12,29800.0,0
E05895,40.0,2530.0,3.5,652.0,2,sim,pessoal,48,12200.0,0
E05896,37.0,3590.0,2.1,794.0,2,nao,negocio,36,14200.0,0
E05897,47.0,3110.0,12.5,566.0,0,nao,veiculo,24,17100.0,0
E05898,60.0,4380.0,3.4,556.0,0,nao,veiculo,60,25200.0,0
E05899,45.0,8140.0,7.8,587.0,0,nao,negocio,12,31900.0,0
E05900,45.0,2590.0,9.5,643.0,0,nao,veiculo,60,10200.0,0
E05901,41.0,8080.0,3.8,463.0,1,sim,educacao,60,19800.0,0
E05902,36.0,4460.0,1.6,720.0,0,nao,negocio,36,25100.0,0
E05903,38.0,16960.0,9.7,622.0,1,sim,educacao,48,84500.0,0
E05904,42.0,5090.0,4.0,734.0,2,nao,pessoal,48,9500.0,0
E05905,61.0,3960.0,4.4,407.0,0,sim,negocio,36,7700.0,0
E05906,37.0,5930.0,3.2,734.0,3,nao,reforma,12,27200.0,1
E05907,41.0,3430.0,9.4,787.0,1,sim,veiculo,12,8300.0,0
E05908,30.0,1430.0,1.4,688.0,1,sim,educacao,12,7200.0,1
E05909,49.0,3640.0,4.4,643.0,2,nao,pessoal,36,20200.0,0
E05910,56.0,3600.0,1.6,735.0,0,nao,pessoal,12,4100.0,0
E05911,59.0,1620.0,3.2,780.0,2,sim,reforma,36,5500.0,1
E05912,42.0,4020.0,10.4,698.0,1,nao,reforma,24,21600.0,0
E05913,47.0,1300.0,10.3,706.0,2,sim,veiculo,60,4600.0,0
E05914,38.0,3410.0,3.7,822.0,0,sim,reforma,12,4400.0,0
E05915,46.0,4860.0,5.8,724.0,3,sim,negocio,36,23600.0,0
E05916,44.0,4450.0,5.7,552.0,1,sim,pessoal,12,7300.0,0
E05917,41.0,3280.0,1.7,779.0,1,sim,pessoal,36,10600.0,0
E05918,42.0,3990.0,7.0,626.0,1,nao,pessoal,24,23200.0,0
E05919,45.0,2620.0,1.8,644.0,1,nao,negocio,36,14100.0,1
E05920,36.0,4230.0,3.0,652.0,1,sim,pessoal,12,16300.0,0
E05921,37.0,,0.6,747.0,0,sim,veiculo,36,5900.0,0
E05922,60.0,2450.0,8.0,832.0,1,sim,negocio,36,6400.0,0
E05923,73.0,4930.0,9.5,643.0,0,nao,reforma,48,8900.0,0
E05924,26.0,4910.0,6.0,830.0,1,sim,pessoal,12,20700.0,0
E05925,25.0,3800.0,4.6,658.0,1,sim,negocio,12,17800.0,0
E05926,29.0,17950.0,2.9,794.0,3,nao,pessoal,60,70600.0,0
E05927,39.0,3860.0,8.2,662.0,2,nao,veiculo,36,14800.0,0
E05928,51.0,3550.0,14.7,586.0,0,sim,pessoal,48,7900.0,0
E05929,47.0,,2.1,851.0,1,nao,reforma,24,9700.0,0
E05930,42.0,2350.0,3.8,575.0,0,sim,pessoal,36,13900.0,0
E05931,46.0,6340.0,1.5,568.0,0,sim,educacao,24,34900.0,0
E05932,32.0,2780.0,4.6,502.0,2,nao,veiculo,48,12300.0,0
E05933,37.0,2990.0,3.2,779.0,1,nao,pessoal,24,15800.0,0
E05934,40.0,3040.0,4.0,805.0,1,nao,negocio,36,13400.0,0
E05935,21.0,2330.0,8.3,681.0,2,nao,educacao,24,9400.0,0
E05936,26.0,1470.0,,532.0,2,sim,veiculo,24,6900.0,1
E05937,27.0,3180.0,1.3,639.0,2,nao,veiculo,24,5900.0,0
E05938,49.0,7090.0,5.7,607.0,3,nao,veiculo,36,41100.0,0
E05939,43.0,4730.0,12.5,527.0,0,nao,veiculo,36,13700.0,0
E05940,47.0,10710.0,6.7,586.0,1,sim,negocio,48,8000.0,0
E05941,18.0,6590.0,1.7,696.0,2,nao,pessoal,48,10100.0,0
E05942,22.0,5750.0,9.8,573.0,3,nao,veiculo,12,23800.0,0
E05943,48.0,13000.0,7.1,672.0,1,sim,educacao,48,54000.0,0
E05944,18.0,3960.0,6.5,445.0,0,nao,negocio,60,13800.0,1
E05945,55.0,4360.0,3.7,825.0,0,nao,pessoal,48,14200.0,0
E05946,18.0,4170.0,6.2,597.0,1,sim,pessoal,36,16600.0,0
E05947,50.0,10610.0,27.3,736.0,0,nao,educacao,60,47400.0,0
E05948,29.0,4210.0,0.5,661.0,0,sim,negocio,60,6800.0,0
E05949,53.0,,,684.0,0,sim,reforma,24,4600.0,0
E05950,78.0,5980.0,3.3,515.0,1,nao,veiculo,36,4200.0,1
E05951,18.0,2570.0,18.8,556.0,3,nao,pessoal,36,9800.0,0
E05952,48.0,5780.0,1.5,559.0,0,sim,negocio,12,14800.0,0
E05953,18.0,5380.0,1.4,643.0,0,nao,reforma,24,30400.0,0
E05954,45.0,3750.0,0.8,786.0,0,nao,reforma,36,8800.0,0
E05955,38.0,5900.0,3.0,688.0,1,nao,negocio,36,21300.0,1
E05956,42.0,1720.0,6.5,541.0,1,nao,negocio,36,4100.0,0
E05957,29.0,4630.0,4.3,650.0,1,nao,pessoal,48,11400.0,1
E05958,49.0,3180.0,1.8,631.0,1,nao,pessoal,48,7900.0,0
E05959,23.0,23390.0,6.2,601.0,1,nao,pessoal,24,90200.0,0
E05960,55.0,4610.0,4.4,638.0,2,nao,negocio,24,11600.0,0
E05961,35.0,2940.0,11.4,724.0,0,sim,veiculo,36,3900.0,0
E05962,23.0,1840.0,2.4,561.0,1,sim,reforma,24,2600.0,0
E05963,59.0,,2.2,602.0,1,sim,pessoal,60,31200.0,0
E05964,39.0,3400.0,8.6,748.0,2,nao,veiculo,36,9800.0,0
E05965,63.0,2610.0,1.5,692.0,0,nao,pessoal,24,13800.0,0
E05966,55.0,5140.0,0.8,781.0,1,nao,negocio,12,3800.0,0
E05967,30.0,6200.0,4.3,798.0,1,sim,veiculo,48,12100.0,0
E05968,39.0,6140.0,6.7,490.0,0,nao,educacao,24,26400.0,1
E05969,41.0,4250.0,,672.0,1,nao,pessoal,24,18100.0,0
E05970,58.0,4620.0,9.3,584.0,0,nao,pessoal,24,4300.0,0
E05971,45.0,4830.0,0.6,508.0,2,sim,pessoal,36,9000.0,0
E05972,42.0,5140.0,2.5,553.0,1,sim,pessoal,36,9000.0,0
E05973,38.0,5420.0,4.4,607.0,2,sim,reforma,12,31300.0,0
E05974,39.0,8100.0,12.3,608.0,0,sim,pessoal,36,45100.0,0
E05975,56.0,4340.0,12.8,573.0,0,nao,veiculo,36,25600.0,0
E05976,40.0,2570.0,5.1,638.0,2,nao,pessoal,48,3400.0,0
E05977,35.0,3850.0,3.0,909.0,0,nao,negocio,12,16700.0,0
E05978,33.0,6600.0,3.1,450.0,1,nao,pessoal,24,22300.0,0
E05979,33.0,1440.0,17.5,765.0,0,nao,educacao,48,6700.0,0
E05980,23.0,1440.0,10.7,638.0,2,nao,negocio,24,2400.0,1
E05981,31.0,7290.0,6.0,592.0,1,nao,negocio,60,4800.0,0
E05982,58.0,10460.0,5.2,418.0,2,nao,reforma,36,11700.0,1
E05983,38.0,1970.0,4.8,724.0,2,nao,reforma,12,6500.0,1
E05984,48.0,4460.0,0.4,481.0,0,sim,veiculo,36,26300.0,0
E05985,18.0,3300.0,0.0,731.0,2,sim,educacao,24,2300.0,1
E05986,47.0,3590.0,3.6,832.0,0,sim,negocio,48,13400.0,0
E05987,38.0,5050.0,1.3,499.0,1,nao,veiculo,12,8000.0,1
E05988,34.0,1930.0,5.3,769.0,1,sim,reforma,60,1700.0,0
E05989,42.0,2160.0,5.0,643.0,0,nao,negocio,48,8500.0,0
E05990,34.0,3510.0,,410.0,2,nao,pessoal,36,9000.0,1
E05991,18.0,3850.0,5.4,507.0,2,sim,veiculo,36,17700.0,0
E05992,51.0,2140.0,5.6,660.0,1,sim,pessoal,60,5400.0,0
E05993,43.0,6750.0,5.5,684.0,0,nao,veiculo,60,7100.0,0
E05994,36.0,3270.0,2.4,466.0,1,nao,reforma,60,14800.0,0
E05995,28.0,3260.0,6.4,643.0,1,sim,veiculo,48,13300.0,0
E05996,22.0,4980.0,6.8,731.0,0,nao,pessoal,24,27200.0,0
E05997,43.0,3890.0,6.4,750.0,0,sim,educacao,24,16800.0,0
E05998,59.0,6940.0,3.4,595.0,0,nao,pessoal,24,4000.0,0
E05999,42.0,2400.0,13.5,688.0,0,nao,veiculo,60,12100.0,0
E06000,23.0,1820.0,11.5,758.0,0,nao,pessoal,60,6400.0,0
